[2026-04-28 09:26:49] Monitor SLURM job started (PID=2848436). Will check every 10 minutes.
[2026-04-28 09:26:49] Initialized state: seed=2222
[2026-04-28 09:26:49] === Monitor check ===
[2026-04-28 09:26:49] Job 'finetune_k562plus10_striped_maskonly_3' is not running.
[2026-04-28 09:26:49] Latest output file: /data1/lesliec/sarthak/caduceus/jobs/1404033-finetune_k562plus10_striped_maskonly_3.out
[2026-04-28 09:26:49] Using checkpoint: /data1/lesliec/sarthak/caduceus/outputs/2026-04-27/09-13-27-212978/checkpoints/00-step=9500.ckpt
[2026-04-28 09:26:49] Submitting: seed=2222  ckpt=/data1/lesliec/sarthak/caduceus/outputs/2026-04-27/09-13-27-212978/checkpoints/00-step=9500.ckpt
[2026-04-28 09:26:49] Submitted job 1419144. Incrementing seed to 2223.
[2026-04-28 09:26:49] === Monitor check complete ===
[2026-04-28 09:36:49] === Monitor check ===
[2026-04-28 09:36:49] Job 'finetune_k562plus10_striped_maskonly_3' is running (ID=1419144, state=RUNNING).
[2026-04-28 09:36:49] WARNING lines in last 100: 0
[2026-04-28 09:36:49] === Monitor check complete ===
[2026-04-28 09:46:49] === Monitor check ===
[2026-04-28 09:46:49] Job 'finetune_k562plus10_striped_maskonly_3' is running (ID=1419144, state=RUNNING).
[2026-04-28 09:46:49] WARNING lines in last 100: 0
[2026-04-28 09:46:49] === Monitor check complete ===
[2026-04-28 09:56:49] === Monitor check ===
[2026-04-28 09:56:49] Job 'finetune_k562plus10_striped_maskonly_3' is running (ID=1419144, state=RUNNING).
[2026-04-28 09:56:49] WARNING lines in last 100: 0
[2026-04-28 09:56:49] === Monitor check complete ===
[2026-04-28 10:06:49] === Monitor check ===
[2026-04-28 10:06:49] Job 'finetune_k562plus10_striped_maskonly_3' is running (ID=1419144, state=RUNNING).
[2026-04-28 10:06:49] WARNING lines in last 100: 0
[2026-04-28 10:06:49] === Monitor check complete ===
[2026-04-28 10:16:49] === Monitor check ===
[2026-04-28 10:16:50] Job 'finetune_k562plus10_striped_maskonly_3' is running (ID=1419144, state=RUNNING).
[2026-04-28 10:16:50] WARNING lines in last 100: 0
[2026-04-28 10:16:50] === Monitor check complete ===
[2026-04-28 10:26:50] === Monitor check ===
[2026-04-28 10:26:50] Job 'finetune_k562plus10_striped_maskonly_3' is running (ID=1419144, state=RUNNING).
[2026-04-28 10:26:50] WARNING lines in last 100: 0
[2026-04-28 10:26:50] === Monitor check complete ===
[2026-04-28 10:36:50] === Monitor check ===
[2026-04-28 10:36:50] Job 'finetune_k562plus10_striped_maskonly_3' is running (ID=1419144, state=RUNNING).
[2026-04-28 10:36:50] WARNING lines in last 100: 0
[2026-04-28 10:36:50] === Monitor check complete ===
[2026-04-28 10:46:50] === Monitor check ===
[2026-04-28 10:46:50] Job 'finetune_k562plus10_striped_maskonly_3' is running (ID=1419144, state=RUNNING).
[2026-04-28 10:46:50] WARNING lines in last 100: 0
[2026-04-28 10:46:50] === Monitor check complete ===
[2026-04-28 10:56:50] === Monitor check ===
[2026-04-28 10:56:50] Job 'finetune_k562plus10_striped_maskonly_3' is running (ID=1419144, state=RUNNING).
[2026-04-28 10:56:50] WARNING lines in last 100: 0
[2026-04-28 10:56:50] === Monitor check complete ===
[2026-04-28 11:06:50] === Monitor check ===
[2026-04-28 11:06:50] Job 'finetune_k562plus10_striped_maskonly_3' is running (ID=1419144, state=RUNNING).
[2026-04-28 11:06:50] WARNING lines in last 100: 0
[2026-04-28 11:06:50] === Monitor check complete ===
[2026-04-28 11:16:50] === Monitor check ===
[2026-04-28 11:16:51] Job 'finetune_k562plus10_striped_maskonly_3' is running (ID=1419144, state=RUNNING).
[2026-04-28 11:16:51] WARNING lines in last 100: 0
[2026-04-28 11:16:51] === Monitor check complete ===
[2026-04-28 11:26:51] === Monitor check ===
[2026-04-28 11:26:51] Job 'finetune_k562plus10_striped_maskonly_3' is running (ID=1419144, state=RUNNING).
[2026-04-28 11:26:51] WARNING lines in last 100: 0
[2026-04-28 11:26:51] === Monitor check complete ===
[2026-04-28 11:36:51] === Monitor check ===
[2026-04-28 11:36:51] Job 'finetune_k562plus10_striped_maskonly_3' is running (ID=1419144, state=RUNNING).
[2026-04-28 11:36:51] WARNING lines in last 100: 0
[2026-04-28 11:36:51] === Monitor check complete ===
[2026-04-28 11:46:51] === Monitor check ===
[2026-04-28 11:46:51] Job 'finetune_k562plus10_striped_maskonly_3' is running (ID=1419144, state=RUNNING).
[2026-04-28 11:46:51] WARNING lines in last 100: 0
[2026-04-28 11:46:51] === Monitor check complete ===
[2026-04-28 11:56:51] === Monitor check ===
[2026-04-28 11:56:51] Job 'finetune_k562plus10_striped_maskonly_3' is running (ID=1419144, state=RUNNING).
[2026-04-28 11:56:51] WARNING lines in last 100: 0
[2026-04-28 11:56:51] === Monitor check complete ===
[2026-04-28 12:06:51] === Monitor check ===
[2026-04-28 12:06:51] Job 'finetune_k562plus10_striped_maskonly_3' is running (ID=1419144, state=RUNNING).
[2026-04-28 12:06:51] WARNING lines in last 100: 0
[2026-04-28 12:06:51] === Monitor check complete ===
[2026-04-28 12:16:51] === Monitor check ===
[2026-04-28 12:16:51] Job 'finetune_k562plus10_striped_maskonly_3' is running (ID=1419144, state=RUNNING).
[2026-04-28 12:16:51] WARNING lines in last 100: 0
[2026-04-28 12:16:51] === Monitor check complete ===
[2026-04-28 12:26:51] === Monitor check ===
[2026-04-28 12:26:51] Job 'finetune_k562plus10_striped_maskonly_3' is running (ID=1419144, state=RUNNING).
[2026-04-28 12:26:51] WARNING lines in last 100: 0
[2026-04-28 12:26:51] === Monitor check complete ===
[2026-04-28 12:36:51] === Monitor check ===
[2026-04-28 12:36:52] Job 'finetune_k562plus10_striped_maskonly_3' is running (ID=1419144, state=RUNNING).
[2026-04-28 12:36:52] WARNING lines in last 100: 1
[2026-04-28 12:36:52] === Monitor check complete ===
[2026-04-28 12:46:52] === Monitor check ===
[2026-04-28 12:46:52] Job 'finetune_k562plus10_striped_maskonly_3' is running (ID=1419144, state=RUNNING).
[2026-04-28 12:46:52] WARNING lines in last 100: 1
[2026-04-28 12:46:52] === Monitor check complete ===
[2026-04-28 12:56:52] === Monitor check ===
[2026-04-28 12:56:52] Job 'finetune_k562plus10_striped_maskonly_3' is running (ID=1419144, state=RUNNING).
[2026-04-28 12:56:52] WARNING lines in last 100: 1
[2026-04-28 12:56:52] === Monitor check complete ===
[2026-04-28 13:06:52] === Monitor check ===
[2026-04-28 13:06:52] Job 'finetune_k562plus10_striped_maskonly_3' is not running.
[2026-04-28 13:06:52] Latest output file: /data1/lesliec/sarthak/caduceus/jobs/1419144-finetune_k562plus10_striped_maskonly_3.out
[2026-04-28 13:06:52] Using checkpoint: /data1/lesliec/sarthak/caduceus/outputs/2026-04-27/09-13-27-212978/checkpoints/00-step=9500.ckpt
[2026-04-28 13:06:52] Submitting: seed=2223  ckpt=/data1/lesliec/sarthak/caduceus/outputs/2026-04-27/09-13-27-212978/checkpoints/00-step=9500.ckpt
[2026-04-28 13:06:52] Submitted job 1448953. Incrementing seed to 2224.
[2026-04-28 13:06:53] === Monitor check complete ===
[2026-04-28 13:16:53] === Monitor check ===
[2026-04-28 13:16:53] Job 'finetune_k562plus10_striped_maskonly_3' is running (ID=1448953, state=RUNNING).
[2026-04-28 13:16:53] WARNING lines in last 100: 0
[2026-04-28 13:16:53] === Monitor check complete ===
[2026-04-28 13:26:53] === Monitor check ===
[2026-04-28 13:26:53] Job 'finetune_k562plus10_striped_maskonly_3' is running (ID=1448953, state=RUNNING).
[2026-04-28 13:26:53] WARNING lines in last 100: 0
[2026-04-28 13:26:53] === Monitor check complete ===
[2026-04-28 13:36:53] === Monitor check ===
[2026-04-28 13:36:53] Job 'finetune_k562plus10_striped_maskonly_3' is running (ID=1448953, state=RUNNING).
[2026-04-28 13:36:53] WARNING lines in last 100: 0
[2026-04-28 13:36:53] === Monitor check complete ===
[2026-04-28 13:46:53] === Monitor check ===
[2026-04-28 13:46:53] Job 'finetune_k562plus10_striped_maskonly_3' is running (ID=1448953, state=RUNNING).
[2026-04-28 13:46:53] WARNING lines in last 100: 0
[2026-04-28 13:46:53] === Monitor check complete ===
[2026-04-28 13:56:53] === Monitor check ===
[2026-04-28 13:56:53] Job 'finetune_k562plus10_striped_maskonly_3' is running (ID=1448953, state=RUNNING).
[2026-04-28 13:56:53] WARNING lines in last 100: 0
[2026-04-28 13:56:53] === Monitor check complete ===
[2026-04-28 14:06:53] === Monitor check ===
[2026-04-28 14:06:53] Job 'finetune_k562plus10_striped_maskonly_3' is running (ID=1448953, state=RUNNING).
[2026-04-28 14:06:53] WARNING lines in last 100: 0
[2026-04-28 14:06:53] === Monitor check complete ===
[2026-04-28 14:16:53] === Monitor check ===
[2026-04-28 14:16:53] Job 'finetune_k562plus10_striped_maskonly_3' is running (ID=1448953, state=RUNNING).
[2026-04-28 14:16:53] WARNING lines in last 100: 0
[2026-04-28 14:16:53] === Monitor check complete ===
[2026-04-28 14:26:53] === Monitor check ===
[2026-04-28 14:26:53] Job 'finetune_k562plus10_striped_maskonly_3' is running (ID=1448953, state=RUNNING).
[2026-04-28 14:26:53] WARNING lines in last 100: 0
[2026-04-28 14:26:53] === Monitor check complete ===
[2026-04-28 14:36:53] === Monitor check ===
[2026-04-28 14:36:53] Job 'finetune_k562plus10_striped_maskonly_3' is running (ID=1448953, state=RUNNING).
[2026-04-28 14:36:53] WARNING lines in last 100: 0
[2026-04-28 14:36:53] === Monitor check complete ===
[2026-04-28 14:46:53] === Monitor check ===
[2026-04-28 14:46:53] Job 'finetune_k562plus10_striped_maskonly_3' is running (ID=1448953, state=RUNNING).
[2026-04-28 14:46:53] WARNING lines in last 100: 0
[2026-04-28 14:46:53] === Monitor check complete ===
[2026-04-28 14:56:53] === Monitor check ===
[2026-04-28 14:56:53] Job 'finetune_k562plus10_striped_maskonly_3' is running (ID=1448953, state=RUNNING).
[2026-04-28 14:56:54] WARNING lines in last 100: 0
[2026-04-28 14:56:54] === Monitor check complete ===
[2026-04-28 15:06:54] === Monitor check ===
[2026-04-28 15:06:54] Job 'finetune_k562plus10_striped_maskonly_3' is running (ID=1448953, state=RUNNING).
[2026-04-28 15:06:54] WARNING lines in last 100: 0
[2026-04-28 15:06:54] === Monitor check complete ===
[2026-04-28 15:16:54] === Monitor check ===
[2026-04-28 15:16:54] Job 'finetune_k562plus10_striped_maskonly_3' is running (ID=1448953, state=RUNNING).
[2026-04-28 15:16:54] WARNING lines in last 100: 0
[2026-04-28 15:16:54] === Monitor check complete ===
[2026-04-28 15:26:54] === Monitor check ===
[2026-04-28 15:26:54] Job 'finetune_k562plus10_striped_maskonly_3' is running (ID=1448953, state=RUNNING).
[2026-04-28 15:26:54] WARNING lines in last 100: 0
[2026-04-28 15:26:54] === Monitor check complete ===
[2026-04-28 15:36:54] === Monitor check ===
[2026-04-28 15:36:54] Job 'finetune_k562plus10_striped_maskonly_3' is running (ID=1448953, state=RUNNING).
[2026-04-28 15:36:54] WARNING lines in last 100: 0
[2026-04-28 15:36:54] === Monitor check complete ===
[2026-04-28 15:46:54] === Monitor check ===
[2026-04-28 15:46:54] Job 'finetune_k562plus10_striped_maskonly_3' is running (ID=1448953, state=RUNNING).
[2026-04-28 15:46:54] WARNING lines in last 100: 0
[2026-04-28 15:46:54] === Monitor check complete ===
[2026-04-28 15:56:54] === Monitor check ===
[2026-04-28 15:56:54] Job 'finetune_k562plus10_striped_maskonly_3' is running (ID=1448953, state=RUNNING).
[2026-04-28 15:56:54] WARNING lines in last 100: 0
[2026-04-28 15:56:54] === Monitor check complete ===
[2026-04-28 16:06:54] === Monitor check ===
[2026-04-28 16:06:54] Job 'finetune_k562plus10_striped_maskonly_3' is running (ID=1448953, state=RUNNING).
[2026-04-28 16:06:54] WARNING lines in last 100: 0
[2026-04-28 16:06:54] === Monitor check complete ===
[2026-04-28 16:16:54] === Monitor check ===
[2026-04-28 16:16:54] Job 'finetune_k562plus10_striped_maskonly_3' is running (ID=1448953, state=RUNNING).
[2026-04-28 16:16:54] WARNING lines in last 100: 0
[2026-04-28 16:16:54] === Monitor check complete ===
[2026-04-28 16:26:54] === Monitor check ===
[2026-04-28 16:26:54] Job 'finetune_k562plus10_striped_maskonly_3' is running (ID=1448953, state=RUNNING).
[2026-04-28 16:26:54] WARNING lines in last 100: 0
[2026-04-28 16:26:54] === Monitor check complete ===
[2026-04-28 16:36:54] === Monitor check ===
[2026-04-28 16:36:55] Job 'finetune_k562plus10_striped_maskonly_3' is running (ID=1448953, state=RUNNING).
[2026-04-28 16:36:55] WARNING lines in last 100: 0
[2026-04-28 16:36:55] === Monitor check complete ===
[2026-04-28 16:46:55] === Monitor check ===
[2026-04-28 16:46:55] Job 'finetune_k562plus10_striped_maskonly_3' is running (ID=1448953, state=RUNNING).
[2026-04-28 16:46:55] WARNING lines in last 100: 0
[2026-04-28 16:46:55] === Monitor check complete ===
[2026-04-28 16:56:55] === Monitor check ===
[2026-04-28 16:56:55] Job 'finetune_k562plus10_striped_maskonly_3' is running (ID=1448953, state=RUNNING).
[2026-04-28 16:56:55] WARNING lines in last 100: 0
[2026-04-28 16:56:55] === Monitor check complete ===
[2026-04-28 17:06:55] === Monitor check ===
[2026-04-28 17:06:55] Job 'finetune_k562plus10_striped_maskonly_3' is running (ID=1448953, state=RUNNING).
[2026-04-28 17:06:55] WARNING lines in last 100: 0
[2026-04-28 17:06:55] === Monitor check complete ===
[2026-04-28 17:16:55] === Monitor check ===
[2026-04-28 17:16:55] Job 'finetune_k562plus10_striped_maskonly_3' is running (ID=1448953, state=RUNNING).
[2026-04-28 17:16:55] WARNING lines in last 100: 0
[2026-04-28 17:16:55] === Monitor check complete ===
[2026-04-28 17:26:55] === Monitor check ===
[2026-04-28 17:26:55] Job 'finetune_k562plus10_striped_maskonly_3' is running (ID=1448953, state=RUNNING).
[2026-04-28 17:26:55] WARNING lines in last 100: 0
[2026-04-28 17:26:55] === Monitor check complete ===
[2026-04-28 17:36:55] === Monitor check ===
[2026-04-28 17:36:55] Job 'finetune_k562plus10_striped_maskonly_3' is running (ID=1448953, state=RUNNING).
[2026-04-28 17:36:55] WARNING lines in last 100: 0
[2026-04-28 17:36:55] === Monitor check complete ===
[2026-04-28 17:46:55] === Monitor check ===
[2026-04-28 17:46:56] Job 'finetune_k562plus10_striped_maskonly_3' is running (ID=1448953, state=RUNNING).
[2026-04-28 17:46:56] WARNING lines in last 100: 0
[2026-04-28 17:46:56] === Monitor check complete ===
[2026-04-28 17:56:56] === Monitor check ===
[2026-04-28 17:56:56] Job 'finetune_k562plus10_striped_maskonly_3' is running (ID=1448953, state=RUNNING).
[2026-04-28 17:56:56] WARNING lines in last 100: 0
[2026-04-28 17:56:56] === Monitor check complete ===
[2026-04-28 18:06:56] === Monitor check ===
[2026-04-28 18:06:56] Job 'finetune_k562plus10_striped_maskonly_3' is running (ID=1448953, state=RUNNING).
[2026-04-28 18:06:57] WARNING lines in last 100: 0
[2026-04-28 18:06:57] === Monitor check complete ===
[2026-04-28 18:16:57] === Monitor check ===
[2026-04-28 18:16:57] Job 'finetune_k562plus10_striped_maskonly_3' is running (ID=1448953, state=RUNNING).
[2026-04-28 18:16:57] WARNING lines in last 100: 0
[2026-04-28 18:16:57] === Monitor check complete ===
[2026-04-28 18:26:57] === Monitor check ===
[2026-04-28 18:26:57] Job 'finetune_k562plus10_striped_maskonly_3' is running (ID=1448953, state=RUNNING).
[2026-04-28 18:26:57] WARNING lines in last 100: 0
[2026-04-28 18:26:57] === Monitor check complete ===
[2026-04-28 18:36:57] === Monitor check ===
[2026-04-28 18:36:57] Job 'finetune_k562plus10_striped_maskonly_3' is running (ID=1448953, state=RUNNING).
[2026-04-28 18:36:57] WARNING lines in last 100: 0
[2026-04-28 18:36:57] === Monitor check complete ===
[2026-04-28 18:46:57] === Monitor check ===
[2026-04-28 18:46:57] Job 'finetune_k562plus10_striped_maskonly_3' is running (ID=1448953, state=RUNNING).
[2026-04-28 18:46:57] WARNING lines in last 100: 0
[2026-04-28 18:46:57] === Monitor check complete ===
[2026-04-28 18:56:57] === Monitor check ===
[2026-04-28 18:56:57] Job 'finetune_k562plus10_striped_maskonly_3' is running (ID=1448953, state=RUNNING).
[2026-04-28 18:56:57] WARNING lines in last 100: 0
[2026-04-28 18:56:57] === Monitor check complete ===
[2026-04-28 19:06:57] === Monitor check ===
[2026-04-28 19:06:58] Job 'finetune_k562plus10_striped_maskonly_3' is running (ID=1448953, state=RUNNING).
[2026-04-28 19:06:58] WARNING lines in last 100: 0
[2026-04-28 19:06:58] === Monitor check complete ===
[2026-04-28 19:16:58] === Monitor check ===
[2026-04-28 19:16:58] Job 'finetune_k562plus10_striped_maskonly_3' is running (ID=1448953, state=RUNNING).
[2026-04-28 19:16:58] WARNING lines in last 100: 0
[2026-04-28 19:16:58] === Monitor check complete ===
[2026-04-28 19:26:58] === Monitor check ===
[2026-04-28 19:26:58] Job 'finetune_k562plus10_striped_maskonly_3' is running (ID=1448953, state=RUNNING).
[2026-04-28 19:26:58] WARNING lines in last 100: 0
[2026-04-28 19:26:58] === Monitor check complete ===
[2026-04-28 19:36:58] === Monitor check ===
[2026-04-28 19:36:58] Job 'finetune_k562plus10_striped_maskonly_3' is running (ID=1448953, state=RUNNING).
[2026-04-28 19:36:58] WARNING lines in last 100: 0
[2026-04-28 19:36:58] === Monitor check complete ===
[2026-04-28 19:46:58] === Monitor check ===
[2026-04-28 19:46:58] Job 'finetune_k562plus10_striped_maskonly_3' is running (ID=1448953, state=RUNNING).
[2026-04-28 19:46:58] WARNING lines in last 100: 0
[2026-04-28 19:46:58] === Monitor check complete ===
[2026-04-28 19:56:58] === Monitor check ===
[2026-04-28 19:56:58] Job 'finetune_k562plus10_striped_maskonly_3' is running (ID=1448953, state=RUNNING).
[2026-04-28 19:56:58] WARNING lines in last 100: 0
[2026-04-28 19:56:58] === Monitor check complete ===
[2026-04-28 20:06:58] === Monitor check ===
[2026-04-28 20:06:58] Job 'finetune_k562plus10_striped_maskonly_3' is running (ID=1448953, state=RUNNING).
[2026-04-28 20:06:58] WARNING lines in last 100: 0
[2026-04-28 20:06:58] === Monitor check complete ===
[2026-04-28 20:16:58] === Monitor check ===
[2026-04-28 20:16:58] Job 'finetune_k562plus10_striped_maskonly_3' is running (ID=1448953, state=RUNNING).
[2026-04-28 20:16:58] WARNING lines in last 100: 0
[2026-04-28 20:16:58] === Monitor check complete ===
[2026-04-28 20:26:58] === Monitor check ===
[2026-04-28 20:26:59] Job 'finetune_k562plus10_striped_maskonly_3' is running (ID=1448953, state=RUNNING).
[2026-04-28 20:26:59] WARNING lines in last 100: 0
[2026-04-28 20:26:59] === Monitor check complete ===
[2026-04-28 20:36:59] === Monitor check ===
[2026-04-28 20:36:59] Job 'finetune_k562plus10_striped_maskonly_3' is running (ID=1448953, state=RUNNING).
[2026-04-28 20:36:59] WARNING lines in last 100: 0
[2026-04-28 20:36:59] === Monitor check complete ===
[2026-04-28 20:46:59] === Monitor check ===
[2026-04-28 20:46:59] Job 'finetune_k562plus10_striped_maskonly_3' is running (ID=1448953, state=RUNNING).
[2026-04-28 20:46:59] WARNING lines in last 100: 0
[2026-04-28 20:46:59] === Monitor check complete ===
[2026-04-28 20:56:59] === Monitor check ===
[2026-04-28 20:56:59] Job 'finetune_k562plus10_striped_maskonly_3' is running (ID=1448953, state=RUNNING).
[2026-04-28 20:56:59] WARNING lines in last 100: 0
[2026-04-28 20:56:59] === Monitor check complete ===
[2026-04-28 21:06:59] === Monitor check ===
[2026-04-28 21:06:59] Job 'finetune_k562plus10_striped_maskonly_3' is running (ID=1448953, state=RUNNING).
[2026-04-28 21:06:59] WARNING lines in last 100: 0
[2026-04-28 21:06:59] === Monitor check complete ===
[2026-04-28 21:16:59] === Monitor check ===
[2026-04-28 21:16:59] Job 'finetune_k562plus10_striped_maskonly_3' is running (ID=1448953, state=RUNNING).
[2026-04-28 21:16:59] WARNING lines in last 100: 0
[2026-04-28 21:16:59] === Monitor check complete ===
[2026-04-28 21:26:59] === Monitor check ===
[2026-04-28 21:26:59] Job 'finetune_k562plus10_striped_maskonly_3' is running (ID=1448953, state=RUNNING).
[2026-04-28 21:26:59] WARNING lines in last 100: 0
[2026-04-28 21:26:59] === Monitor check complete ===
[2026-04-28 21:36:59] === Monitor check ===
[2026-04-28 21:36:59] Job 'finetune_k562plus10_striped_maskonly_3' is running (ID=1448953, state=RUNNING).
[2026-04-28 21:36:59] WARNING lines in last 100: 0
[2026-04-28 21:36:59] === Monitor check complete ===
[2026-04-28 21:46:59] === Monitor check ===
[2026-04-28 21:46:59] Job 'finetune_k562plus10_striped_maskonly_3' is running (ID=1448953, state=RUNNING).
[2026-04-28 21:46:59] WARNING lines in last 100: 0
[2026-04-28 21:46:59] === Monitor check complete ===
[2026-04-28 21:56:59] === Monitor check ===
[2026-04-28 21:56:59] Job 'finetune_k562plus10_striped_maskonly_3' is running (ID=1448953, state=RUNNING).
[2026-04-28 21:56:59] WARNING lines in last 100: 0
[2026-04-28 21:56:59] === Monitor check complete ===
[2026-04-28 22:06:59] === Monitor check ===
[2026-04-28 22:07:00] Job 'finetune_k562plus10_striped_maskonly_3' is running (ID=1448953, state=RUNNING).
[2026-04-28 22:07:00] WARNING lines in last 100: 0
[2026-04-28 22:07:00] === Monitor check complete ===
[2026-04-28 22:17:00] === Monitor check ===
[2026-04-28 22:17:00] Job 'finetune_k562plus10_striped_maskonly_3' is running (ID=1448953, state=RUNNING).
[2026-04-28 22:17:00] WARNING lines in last 100: 0
[2026-04-28 22:17:00] === Monitor check complete ===
[2026-04-28 22:27:00] === Monitor check ===
[2026-04-28 22:27:00] Job 'finetune_k562plus10_striped_maskonly_3' is running (ID=1448953, state=RUNNING).
[2026-04-28 22:27:00] WARNING lines in last 100: 0
[2026-04-28 22:27:00] === Monitor check complete ===
[2026-04-28 22:37:00] === Monitor check ===
[2026-04-28 22:37:00] Job 'finetune_k562plus10_striped_maskonly_3' is running (ID=1448953, state=RUNNING).
[2026-04-28 22:37:00] WARNING lines in last 100: 0
[2026-04-28 22:37:00] === Monitor check complete ===
[2026-04-28 22:47:00] === Monitor check ===
[2026-04-28 22:47:00] Job 'finetune_k562plus10_striped_maskonly_3' is running (ID=1448953, state=RUNNING).
[2026-04-28 22:47:00] WARNING lines in last 100: 0
[2026-04-28 22:47:00] === Monitor check complete ===
[2026-04-28 22:57:00] === Monitor check ===
[2026-04-28 22:57:00] Job 'finetune_k562plus10_striped_maskonly_3' is running (ID=1448953, state=RUNNING).
[2026-04-28 22:57:00] WARNING lines in last 100: 0
[2026-04-28 22:57:00] === Monitor check complete ===
[2026-04-28 23:07:00] === Monitor check ===
[2026-04-28 23:07:00] Job 'finetune_k562plus10_striped_maskonly_3' is running (ID=1448953, state=RUNNING).
[2026-04-28 23:07:00] WARNING lines in last 100: 0
[2026-04-28 23:07:00] === Monitor check complete ===
[2026-04-28 23:17:00] === Monitor check ===
[2026-04-28 23:17:00] Job 'finetune_k562plus10_striped_maskonly_3' is running (ID=1448953, state=RUNNING).
[2026-04-28 23:17:00] WARNING lines in last 100: 0
[2026-04-28 23:17:00] === Monitor check complete ===
[2026-04-28 23:27:01] === Monitor check ===
[2026-04-28 23:27:01] Job 'finetune_k562plus10_striped_maskonly_3' is running (ID=1448953, state=RUNNING).
[2026-04-28 23:27:01] WARNING lines in last 100: 0
[2026-04-28 23:27:01] === Monitor check complete ===
[2026-04-28 23:37:01] === Monitor check ===
[2026-04-28 23:37:01] Job 'finetune_k562plus10_striped_maskonly_3' is running (ID=1448953, state=RUNNING).
[2026-04-28 23:37:01] WARNING lines in last 100: 0
[2026-04-28 23:37:01] === Monitor check complete ===
[2026-04-28 23:47:01] === Monitor check ===
[2026-04-28 23:47:01] Job 'finetune_k562plus10_striped_maskonly_3' is running (ID=1448953, state=RUNNING).
[2026-04-28 23:47:01] WARNING lines in last 100: 0
[2026-04-28 23:47:01] === Monitor check complete ===
[2026-04-28 23:57:01] === Monitor check ===
[2026-04-28 23:57:01] Job 'finetune_k562plus10_striped_maskonly_3' is running (ID=1448953, state=RUNNING).
[2026-04-28 23:57:01] WARNING lines in last 100: 0
[2026-04-28 23:57:01] === Monitor check complete ===
[2026-04-29 00:07:01] === Monitor check ===
[2026-04-29 00:07:01] Job 'finetune_k562plus10_striped_maskonly_3' is running (ID=1448953, state=RUNNING).
[2026-04-29 00:07:01] WARNING lines in last 100: 0
[2026-04-29 00:07:01] === Monitor check complete ===
[2026-04-29 00:17:01] === Monitor check ===
[2026-04-29 00:17:01] Job 'finetune_k562plus10_striped_maskonly_3' is running (ID=1448953, state=RUNNING).
[2026-04-29 00:17:01] WARNING lines in last 100: 0
[2026-04-29 00:17:01] === Monitor check complete ===
[2026-04-29 00:27:01] === Monitor check ===
[2026-04-29 00:27:02] Job 'finetune_k562plus10_striped_maskonly_3' is running (ID=1448953, state=RUNNING).
[2026-04-29 00:27:02] WARNING lines in last 100: 0
[2026-04-29 00:27:02] === Monitor check complete ===
[2026-04-29 00:37:02] === Monitor check ===
[2026-04-29 00:37:02] Job 'finetune_k562plus10_striped_maskonly_3' is running (ID=1448953, state=RUNNING).
[2026-04-29 00:37:02] WARNING lines in last 100: 0
[2026-04-29 00:37:02] === Monitor check complete ===
[2026-04-29 00:47:02] === Monitor check ===
[2026-04-29 00:47:02] Job 'finetune_k562plus10_striped_maskonly_3' is running (ID=1448953, state=RUNNING).
[2026-04-29 00:47:02] WARNING lines in last 100: 0
[2026-04-29 00:47:02] === Monitor check complete ===
[2026-04-29 00:57:02] === Monitor check ===
[2026-04-29 00:57:02] Job 'finetune_k562plus10_striped_maskonly_3' is running (ID=1448953, state=RUNNING).
[2026-04-29 00:57:02] WARNING lines in last 100: 0
[2026-04-29 00:57:02] === Monitor check complete ===
[2026-04-29 01:07:02] === Monitor check ===
[2026-04-29 01:07:02] Job 'finetune_k562plus10_striped_maskonly_3' is running (ID=1448953, state=RUNNING).
[2026-04-29 01:07:02] WARNING lines in last 100: 0
[2026-04-29 01:07:02] === Monitor check complete ===
[2026-04-29 01:17:02] === Monitor check ===
[2026-04-29 01:17:02] Job 'finetune_k562plus10_striped_maskonly_3' is running (ID=1448953, state=RUNNING).
[2026-04-29 01:17:03] WARNING lines in last 100: 0
[2026-04-29 01:17:03] === Monitor check complete ===
[2026-04-29 01:27:03] === Monitor check ===
[2026-04-29 01:27:03] Job 'finetune_k562plus10_striped_maskonly_3' is running (ID=1448953, state=RUNNING).
[2026-04-29 01:27:03] WARNING lines in last 100: 0
[2026-04-29 01:27:03] === Monitor check complete ===
[2026-04-29 01:37:03] === Monitor check ===
[2026-04-29 01:37:03] Job 'finetune_k562plus10_striped_maskonly_3' is running (ID=1448953, state=RUNNING).
[2026-04-29 01:37:03] WARNING lines in last 100: 0
[2026-04-29 01:37:03] === Monitor check complete ===
[2026-04-29 01:47:03] === Monitor check ===
[2026-04-29 01:47:03] Job 'finetune_k562plus10_striped_maskonly_3' is running (ID=1448953, state=RUNNING).
[2026-04-29 01:47:03] WARNING lines in last 100: 0
[2026-04-29 01:47:03] === Monitor check complete ===
[2026-04-29 01:57:03] === Monitor check ===
[2026-04-29 01:57:03] Job 'finetune_k562plus10_striped_maskonly_3' is running (ID=1448953, state=RUNNING).
[2026-04-29 01:57:03] WARNING lines in last 100: 0
[2026-04-29 01:57:03] === Monitor check complete ===
[2026-04-29 02:07:03] === Monitor check ===
[2026-04-29 02:07:03] Job 'finetune_k562plus10_striped_maskonly_3' is running (ID=1448953, state=RUNNING).
[2026-04-29 02:07:04] WARNING lines in last 100: 0
[2026-04-29 02:07:04] === Monitor check complete ===
[2026-04-29 02:17:04] === Monitor check ===
[2026-04-29 02:17:04] Job 'finetune_k562plus10_striped_maskonly_3' is running (ID=1448953, state=RUNNING).
[2026-04-29 02:17:04] WARNING lines in last 100: 0
[2026-04-29 02:17:04] === Monitor check complete ===
[2026-04-29 02:27:04] === Monitor check ===
[2026-04-29 02:27:04] Job 'finetune_k562plus10_striped_maskonly_3' is running (ID=1448953, state=RUNNING).
[2026-04-29 02:27:04] WARNING lines in last 100: 0
[2026-04-29 02:27:04] === Monitor check complete ===
[2026-04-29 02:37:04] === Monitor check ===
[2026-04-29 02:37:04] Job 'finetune_k562plus10_striped_maskonly_3' is running (ID=1448953, state=RUNNING).
[2026-04-29 02:37:04] WARNING lines in last 100: 0
[2026-04-29 02:37:04] === Monitor check complete ===
[2026-04-29 02:47:04] === Monitor check ===
[2026-04-29 02:47:04] Job 'finetune_k562plus10_striped_maskonly_3' is running (ID=1448953, state=RUNNING).
[2026-04-29 02:47:05] WARNING lines in last 100: 0
[2026-04-29 02:47:05] === Monitor check complete ===
[2026-04-29 02:57:05] === Monitor check ===
[2026-04-29 02:57:05] Job 'finetune_k562plus10_striped_maskonly_3' is running (ID=1448953, state=RUNNING).
[2026-04-29 02:57:05] WARNING lines in last 100: 0
[2026-04-29 02:57:05] === Monitor check complete ===
[2026-04-29 03:07:05] === Monitor check ===
[2026-04-29 03:07:05] Job 'finetune_k562plus10_striped_maskonly_3' is running (ID=1448953, state=RUNNING).
[2026-04-29 03:07:05] WARNING lines in last 100: 0
[2026-04-29 03:07:05] === Monitor check complete ===
[2026-04-29 03:17:05] === Monitor check ===
[2026-04-29 03:17:05] Job 'finetune_k562plus10_striped_maskonly_3' is running (ID=1448953, state=RUNNING).
[2026-04-29 03:17:05] WARNING lines in last 100: 0
[2026-04-29 03:17:05] === Monitor check complete ===
[2026-04-29 03:27:05] === Monitor check ===
[2026-04-29 03:27:05] Job 'finetune_k562plus10_striped_maskonly_3' is running (ID=1448953, state=RUNNING).
[2026-04-29 03:27:05] WARNING lines in last 100: 0
[2026-04-29 03:27:06] === Monitor check complete ===
[2026-04-29 03:37:06] === Monitor check ===
[2026-04-29 03:37:06] Job 'finetune_k562plus10_striped_maskonly_3' is running (ID=1448953, state=RUNNING).
[2026-04-29 03:37:06] WARNING lines in last 100: 0
[2026-04-29 03:37:06] === Monitor check complete ===
[2026-04-29 03:47:06] === Monitor check ===
[2026-04-29 03:47:06] Job 'finetune_k562plus10_striped_maskonly_3' is running (ID=1448953, state=RUNNING).
[2026-04-29 03:47:06] WARNING lines in last 100: 0
[2026-04-29 03:47:06] === Monitor check complete ===
[2026-04-29 03:57:06] === Monitor check ===
[2026-04-29 03:57:06] Job 'finetune_k562plus10_striped_maskonly_3' is running (ID=1448953, state=RUNNING).
[2026-04-29 03:57:06] WARNING lines in last 100: 0
[2026-04-29 03:57:06] === Monitor check complete ===
[2026-04-29 04:07:06] === Monitor check ===
[2026-04-29 04:07:06] Job 'finetune_k562plus10_striped_maskonly_3' is running (ID=1448953, state=RUNNING).
[2026-04-29 04:07:06] WARNING lines in last 100: 0
[2026-04-29 04:07:06] === Monitor check complete ===
[2026-04-29 04:17:06] === Monitor check ===
[2026-04-29 04:17:07] Job 'finetune_k562plus10_striped_maskonly_3' is running (ID=1448953, state=RUNNING).
[2026-04-29 04:17:07] WARNING lines in last 100: 0
[2026-04-29 04:17:07] === Monitor check complete ===
[2026-04-29 04:27:07] === Monitor check ===
[2026-04-29 04:27:07] Job 'finetune_k562plus10_striped_maskonly_3' is running (ID=1448953, state=RUNNING).
[2026-04-29 04:27:07] WARNING lines in last 100: 0
[2026-04-29 04:27:07] === Monitor check complete ===
[2026-04-29 04:37:07] === Monitor check ===
[2026-04-29 04:37:07] Job 'finetune_k562plus10_striped_maskonly_3' is running (ID=1448953, state=RUNNING).
[2026-04-29 04:37:07] WARNING lines in last 100: 0
[2026-04-29 04:37:07] === Monitor check complete ===
[2026-04-29 04:47:07] === Monitor check ===
[2026-04-29 04:47:07] Job 'finetune_k562plus10_striped_maskonly_3' is running (ID=1448953, state=RUNNING).
[2026-04-29 04:47:07] WARNING lines in last 100: 0
[2026-04-29 04:47:07] === Monitor check complete ===
[2026-04-29 04:57:07] === Monitor check ===
[2026-04-29 04:57:08] Job 'finetune_k562plus10_striped_maskonly_3' is running (ID=1448953, state=RUNNING).
[2026-04-29 04:57:08] WARNING lines in last 100: 0
[2026-04-29 04:57:08] === Monitor check complete ===
[2026-04-29 05:07:08] === Monitor check ===
[2026-04-29 05:07:08] Job 'finetune_k562plus10_striped_maskonly_3' is running (ID=1448953, state=RUNNING).
[2026-04-29 05:07:08] WARNING lines in last 100: 0
[2026-04-29 05:07:08] === Monitor check complete ===
[2026-04-29 05:17:08] === Monitor check ===
[2026-04-29 05:17:08] Job 'finetune_k562plus10_striped_maskonly_3' is running (ID=1448953, state=RUNNING).
[2026-04-29 05:17:08] WARNING lines in last 100: 0
[2026-04-29 05:17:08] === Monitor check complete ===
[2026-04-29 05:27:08] === Monitor check ===
[2026-04-29 05:27:08] Job 'finetune_k562plus10_striped_maskonly_3' is running (ID=1448953, state=RUNNING).
[2026-04-29 05:27:09] WARNING lines in last 100: 0
[2026-04-29 05:27:09] === Monitor check complete ===
[2026-04-29 05:37:09] === Monitor check ===
[2026-04-29 05:37:09] Job 'finetune_k562plus10_striped_maskonly_3' is running (ID=1448953, state=RUNNING).
[2026-04-29 05:37:09] WARNING lines in last 100: 0
[2026-04-29 05:37:09] === Monitor check complete ===
[2026-04-29 05:47:09] === Monitor check ===
[2026-04-29 05:47:09] Job 'finetune_k562plus10_striped_maskonly_3' is running (ID=1448953, state=RUNNING).
[2026-04-29 05:47:09] WARNING lines in last 100: 0
[2026-04-29 05:47:09] === Monitor check complete ===
[2026-04-29 05:57:09] === Monitor check ===
[2026-04-29 05:57:09] Job 'finetune_k562plus10_striped_maskonly_3' is running (ID=1448953, state=RUNNING).
[2026-04-29 05:57:09] WARNING lines in last 100: 0
[2026-04-29 05:57:09] === Monitor check complete ===
[2026-04-29 06:07:09] === Monitor check ===
[2026-04-29 06:07:10] Job 'finetune_k562plus10_striped_maskonly_3' is running (ID=1448953, state=RUNNING).
[2026-04-29 06:07:10] WARNING lines in last 100: 0
[2026-04-29 06:07:10] === Monitor check complete ===
[2026-04-29 06:17:10] === Monitor check ===
[2026-04-29 06:17:10] Job 'finetune_k562plus10_striped_maskonly_3' is running (ID=1448953, state=RUNNING).
[2026-04-29 06:17:10] WARNING lines in last 100: 0
[2026-04-29 06:17:10] === Monitor check complete ===
[2026-04-29 06:27:10] === Monitor check ===
[2026-04-29 06:27:10] Job 'finetune_k562plus10_striped_maskonly_3' is running (ID=1448953, state=RUNNING).
[2026-04-29 06:27:10] WARNING lines in last 100: 0
[2026-04-29 06:27:10] === Monitor check complete ===
[2026-04-29 06:37:10] === Monitor check ===
[2026-04-29 06:37:11] Job 'finetune_k562plus10_striped_maskonly_3' is running (ID=1448953, state=RUNNING).
[2026-04-29 06:37:11] WARNING lines in last 100: 0
[2026-04-29 06:37:11] === Monitor check complete ===
[2026-04-29 06:47:11] === Monitor check ===
[2026-04-29 06:47:11] Job 'finetune_k562plus10_striped_maskonly_3' is running (ID=1448953, state=RUNNING).
[2026-04-29 06:47:11] WARNING lines in last 100: 0
[2026-04-29 06:47:11] === Monitor check complete ===
[2026-04-29 06:57:11] === Monitor check ===
[2026-04-29 06:57:11] Job 'finetune_k562plus10_striped_maskonly_3' is running (ID=1448953, state=RUNNING).
[2026-04-29 06:57:11] WARNING lines in last 100: 0
[2026-04-29 06:57:11] === Monitor check complete ===
[2026-04-29 07:07:11] === Monitor check ===
[2026-04-29 07:07:11] Job 'finetune_k562plus10_striped_maskonly_3' is running (ID=1448953, state=RUNNING).
[2026-04-29 07:07:12] WARNING lines in last 100: 0
[2026-04-29 07:07:12] === Monitor check complete ===
[2026-04-29 07:17:12] === Monitor check ===
[2026-04-29 07:17:12] Job 'finetune_k562plus10_striped_maskonly_3' is running (ID=1448953, state=RUNNING).
[2026-04-29 07:17:12] WARNING lines in last 100: 0
[2026-04-29 07:17:12] === Monitor check complete ===
[2026-04-29 07:27:12] === Monitor check ===
[2026-04-29 07:27:12] Job 'finetune_k562plus10_striped_maskonly_3' is running (ID=1448953, state=RUNNING).
[2026-04-29 07:27:12] WARNING lines in last 100: 0
[2026-04-29 07:27:12] === Monitor check complete ===
[2026-04-29 07:37:12] === Monitor check ===
[2026-04-29 07:37:12] Job 'finetune_k562plus10_striped_maskonly_3' is running (ID=1448953, state=RUNNING).
[2026-04-29 07:37:13] WARNING lines in last 100: 0
[2026-04-29 07:37:13] === Monitor check complete ===
[2026-04-29 07:47:13] === Monitor check ===
[2026-04-29 07:47:13] Job 'finetune_k562plus10_striped_maskonly_3' is running (ID=1448953, state=RUNNING).
[2026-04-29 07:47:13] WARNING lines in last 100: 0
[2026-04-29 07:47:13] === Monitor check complete ===
[2026-04-29 07:57:13] === Monitor check ===
[2026-04-29 07:57:13] Job 'finetune_k562plus10_striped_maskonly_3' is running (ID=1448953, state=RUNNING).
[2026-04-29 07:57:13] WARNING lines in last 100: 0
[2026-04-29 07:57:13] === Monitor check complete ===
[2026-04-29 08:07:13] === Monitor check ===
[2026-04-29 08:07:13] Job 'finetune_k562plus10_striped_maskonly_3' is running (ID=1448953, state=RUNNING).
[2026-04-29 08:07:14] WARNING lines in last 100: 0
[2026-04-29 08:07:14] === Monitor check complete ===
[2026-04-29 08:17:14] === Monitor check ===
[2026-04-29 08:17:14] Job 'finetune_k562plus10_striped_maskonly_3' is running (ID=1448953, state=RUNNING).
[2026-04-29 08:17:14] WARNING lines in last 100: 0
[2026-04-29 08:17:14] === Monitor check complete ===
[2026-04-29 08:27:14] === Monitor check ===
[2026-04-29 08:27:14] Job 'finetune_k562plus10_striped_maskonly_3' is not running.
[2026-04-29 08:27:14] Latest output file: /data1/lesliec/sarthak/caduceus/jobs/1448953-finetune_k562plus10_striped_maskonly_3.out
[2026-04-29 08:27:14] Using checkpoint: /data1/lesliec/sarthak/caduceus/outputs/2026-04-28/13-07-10-439671/checkpoints/01-step=10000.ckpt
[2026-04-29 08:27:14] Submitting: seed=2224  ckpt=/data1/lesliec/sarthak/caduceus/outputs/2026-04-28/13-07-10-439671/checkpoints/01-step=10000.ckpt
[2026-04-29 08:27:14] Submitted job 1509735. Incrementing seed to 2225.
[2026-04-29 08:27:14] === Monitor check complete ===
[2026-04-29 08:37:14] === Monitor check ===
[2026-04-29 08:37:14] Job 'finetune_k562plus10_striped_maskonly_3' is running (ID=1509735, state=RUNNING).
[2026-04-29 08:37:14] WARNING lines in last 100: 0
[2026-04-29 08:37:14] === Monitor check complete ===
[2026-04-29 08:47:14] === Monitor check ===
[2026-04-29 08:47:14] Job 'finetune_k562plus10_striped_maskonly_3' is running (ID=1509735, state=RUNNING).
[2026-04-29 08:47:14] WARNING lines in last 100: 0
[2026-04-29 08:47:14] === Monitor check complete ===
[2026-04-29 08:57:14] === Monitor check ===
[2026-04-29 08:57:15] Job 'finetune_k562plus10_striped_maskonly_3' is running (ID=1509735, state=RUNNING).
[2026-04-29 08:57:15] WARNING lines in last 100: 0
[2026-04-29 08:57:15] === Monitor check complete ===
[2026-04-29 09:07:15] === Monitor check ===
[2026-04-29 09:07:15] Job 'finetune_k562plus10_striped_maskonly_3' is running (ID=1509735, state=RUNNING).
[2026-04-29 09:07:15] WARNING lines in last 100: 0
[2026-04-29 09:07:15] === Monitor check complete ===
[2026-04-29 09:17:15] === Monitor check ===
[2026-04-29 09:17:15] Job 'finetune_k562plus10_striped_maskonly_3' is running (ID=1509735, state=RUNNING).
[2026-04-29 09:17:15] WARNING lines in last 100: 0
[2026-04-29 09:17:15] === Monitor check complete ===
[2026-04-29 09:27:15] === Monitor check ===
[2026-04-29 09:27:15] Job 'finetune_k562plus10_striped_maskonly_3' is running (ID=1509735, state=RUNNING).
[2026-04-29 09:27:15] WARNING lines in last 100: 0
[2026-04-29 09:27:15] === Monitor check complete ===
[2026-04-29 09:37:15] === Monitor check ===
[2026-04-29 09:37:15] Job 'finetune_k562plus10_striped_maskonly_3' is running (ID=1509735, state=RUNNING).
[2026-04-29 09:37:15] WARNING lines in last 100: 0
[2026-04-29 09:37:15] === Monitor check complete ===
[2026-04-29 09:47:15] === Monitor check ===
[2026-04-29 09:47:15] Job 'finetune_k562plus10_striped_maskonly_3' is running (ID=1509735, state=RUNNING).
[2026-04-29 09:47:15] WARNING lines in last 100: 0
[2026-04-29 09:47:15] === Monitor check complete ===
[2026-04-29 09:57:15] === Monitor check ===
[2026-04-29 09:57:15] Job 'finetune_k562plus10_striped_maskonly_3' is running (ID=1509735, state=RUNNING).
[2026-04-29 09:57:15] WARNING lines in last 100: 0
[2026-04-29 09:57:15] === Monitor check complete ===
[2026-04-29 10:07:15] === Monitor check ===
[2026-04-29 10:07:15] Job 'finetune_k562plus10_striped_maskonly_3' is running (ID=1509735, state=RUNNING).
[2026-04-29 10:07:15] WARNING lines in last 100: 0
[2026-04-29 10:07:15] === Monitor check complete ===
[2026-04-29 10:17:16] === Monitor check ===
[2026-04-29 10:17:16] Job 'finetune_k562plus10_striped_maskonly_3' is running (ID=1509735, state=RUNNING).
[2026-04-29 10:17:16] WARNING lines in last 100: 0
[2026-04-29 10:17:16] === Monitor check complete ===
[2026-04-29 10:27:16] === Monitor check ===
[2026-04-29 10:27:16] Job 'finetune_k562plus10_striped_maskonly_3' is running (ID=1509735, state=RUNNING).
[2026-04-29 10:27:16] WARNING lines in last 100: 0
[2026-04-29 10:27:16] === Monitor check complete ===
[2026-04-29 10:37:16] === Monitor check ===
[2026-04-29 10:37:16] Job 'finetune_k562plus10_striped_maskonly_3' is running (ID=1509735, state=RUNNING).
[2026-04-29 10:37:16] WARNING lines in last 100: 0
[2026-04-29 10:37:16] === Monitor check complete ===
[2026-04-29 10:47:16] === Monitor check ===
[2026-04-29 10:47:16] Job 'finetune_k562plus10_striped_maskonly_3' is running (ID=1509735, state=RUNNING).
[2026-04-29 10:47:16] WARNING lines in last 100: 0
[2026-04-29 10:47:16] === Monitor check complete ===
[2026-04-29 10:57:16] === Monitor check ===
[2026-04-29 10:57:16] Job 'finetune_k562plus10_striped_maskonly_3' is running (ID=1509735, state=RUNNING).
[2026-04-29 10:57:16] WARNING lines in last 100: 0
[2026-04-29 10:57:16] === Monitor check complete ===
[2026-04-29 11:07:16] === Monitor check ===
[2026-04-29 11:07:16] Job 'finetune_k562plus10_striped_maskonly_3' is running (ID=1509735, state=RUNNING).
[2026-04-29 11:07:16] WARNING lines in last 100: 0
[2026-04-29 11:07:16] === Monitor check complete ===
[2026-04-29 11:17:16] === Monitor check ===
[2026-04-29 11:17:16] Job 'finetune_k562plus10_striped_maskonly_3' is running (ID=1509735, state=RUNNING).
[2026-04-29 11:17:16] WARNING lines in last 100: 0
[2026-04-29 11:17:16] === Monitor check complete ===
[2026-04-29 11:27:16] === Monitor check ===
[2026-04-29 11:27:16] Job 'finetune_k562plus10_striped_maskonly_3' is running (ID=1509735, state=RUNNING).
[2026-04-29 11:27:16] WARNING lines in last 100: 0
[2026-04-29 11:27:16] === Monitor check complete ===
[2026-04-29 11:37:16] === Monitor check ===
[2026-04-29 11:37:17] Job 'finetune_k562plus10_striped_maskonly_3' is running (ID=1509735, state=RUNNING).
[2026-04-29 11:37:17] WARNING lines in last 100: 0
[2026-04-29 11:37:17] === Monitor check complete ===
[2026-04-29 11:47:17] === Monitor check ===
[2026-04-29 11:47:17] Job 'finetune_k562plus10_striped_maskonly_3' is running (ID=1509735, state=RUNNING).
[2026-04-29 11:47:17] WARNING lines in last 100: 0
[2026-04-29 11:47:17] === Monitor check complete ===
[2026-04-29 11:57:17] === Monitor check ===
[2026-04-29 11:57:18] Job 'finetune_k562plus10_striped_maskonly_3' is running (ID=1509735, state=RUNNING).
[2026-04-29 11:57:18] WARNING lines in last 100: 0
[2026-04-29 11:57:18] === Monitor check complete ===
[2026-04-29 12:07:18] === Monitor check ===
[2026-04-29 12:07:18] Job 'finetune_k562plus10_striped_maskonly_3' is running (ID=1509735, state=RUNNING).
[2026-04-29 12:07:18] WARNING lines in last 100: 0
[2026-04-29 12:07:18] === Monitor check complete ===
[2026-04-29 12:17:18] === Monitor check ===
[2026-04-29 12:17:18] Job 'finetune_k562plus10_striped_maskonly_3' is running (ID=1509735, state=RUNNING).
[2026-04-29 12:17:18] WARNING lines in last 100: 0
[2026-04-29 12:17:18] === Monitor check complete ===
[2026-04-29 12:27:18] === Monitor check ===
[2026-04-29 12:27:18] Job 'finetune_k562plus10_striped_maskonly_3' is running (ID=1509735, state=RUNNING).
[2026-04-29 12:27:18] WARNING lines in last 100: 0
[2026-04-29 12:27:18] === Monitor check complete ===
[2026-04-29 12:37:18] === Monitor check ===
[2026-04-29 12:37:18] Job 'finetune_k562plus10_striped_maskonly_3' is running (ID=1509735, state=RUNNING).
[2026-04-29 12:37:18] WARNING lines in last 100: 0
[2026-04-29 12:37:18] === Monitor check complete ===
[2026-04-29 12:47:18] === Monitor check ===
[2026-04-29 12:47:18] Job 'finetune_k562plus10_striped_maskonly_3' is running (ID=1509735, state=RUNNING).
[2026-04-29 12:47:18] WARNING lines in last 100: 0
[2026-04-29 12:47:18] === Monitor check complete ===
[2026-04-29 12:57:18] === Monitor check ===
[2026-04-29 12:57:18] Job 'finetune_k562plus10_striped_maskonly_3' is running (ID=1509735, state=RUNNING).
[2026-04-29 12:57:18] WARNING lines in last 100: 0
[2026-04-29 12:57:18] === Monitor check complete ===
[2026-04-29 13:07:18] === Monitor check ===
[2026-04-29 13:07:18] Job 'finetune_k562plus10_striped_maskonly_3' is running (ID=1509735, state=RUNNING).
[2026-04-29 13:07:18] WARNING lines in last 100: 0
[2026-04-29 13:07:18] === Monitor check complete ===
[2026-04-29 13:17:18] === Monitor check ===
[2026-04-29 13:17:19] Job 'finetune_k562plus10_striped_maskonly_3' is running (ID=1509735, state=RUNNING).
[2026-04-29 13:17:19] WARNING lines in last 100: 0
[2026-04-29 13:17:19] === Monitor check complete ===
[2026-04-29 13:27:19] === Monitor check ===
[2026-04-29 13:27:19] Job 'finetune_k562plus10_striped_maskonly_3' is running (ID=1509735, state=RUNNING).
[2026-04-29 13:27:19] WARNING lines in last 100: 0
[2026-04-29 13:27:19] === Monitor check complete ===
[2026-04-29 13:37:19] === Monitor check ===
[2026-04-29 13:37:19] Job 'finetune_k562plus10_striped_maskonly_3' is running (ID=1509735, state=RUNNING).
[2026-04-29 13:37:19] WARNING lines in last 100: 0
[2026-04-29 13:37:19] === Monitor check complete ===
[2026-04-29 13:47:19] === Monitor check ===
[2026-04-29 13:47:19] Job 'finetune_k562plus10_striped_maskonly_3' is running (ID=1509735, state=RUNNING).
[2026-04-29 13:47:19] WARNING lines in last 100: 0
[2026-04-29 13:47:19] === Monitor check complete ===
[2026-04-29 13:57:19] === Monitor check ===
[2026-04-29 13:57:19] Job 'finetune_k562plus10_striped_maskonly_3' is running (ID=1509735, state=RUNNING).
[2026-04-29 13:57:19] WARNING lines in last 100: 0
[2026-04-29 13:57:19] === Monitor check complete ===
[2026-04-29 14:07:19] === Monitor check ===
[2026-04-29 14:07:19] Job 'finetune_k562plus10_striped_maskonly_3' is running (ID=1509735, state=RUNNING).
[2026-04-29 14:07:20] WARNING lines in last 100: 0
[2026-04-29 14:07:20] === Monitor check complete ===
[2026-04-29 14:17:20] === Monitor check ===
[2026-04-29 14:17:20] Job 'finetune_k562plus10_striped_maskonly_3' is running (ID=1509735, state=RUNNING).
[2026-04-29 14:17:20] WARNING lines in last 100: 0
[2026-04-29 14:17:20] === Monitor check complete ===
[2026-04-29 14:27:20] === Monitor check ===
[2026-04-29 14:27:20] Job 'finetune_k562plus10_striped_maskonly_3' is running (ID=1509735, state=RUNNING).
[2026-04-29 14:27:20] WARNING lines in last 100: 0
[2026-04-29 14:27:20] === Monitor check complete ===
[2026-04-29 14:37:20] === Monitor check ===
[2026-04-29 14:37:20] Job 'finetune_k562plus10_striped_maskonly_3' is running (ID=1509735, state=RUNNING).
[2026-04-29 14:37:20] WARNING lines in last 100: 0
[2026-04-29 14:37:20] === Monitor check complete ===
[2026-04-29 14:47:20] === Monitor check ===
[2026-04-29 14:47:20] Job 'finetune_k562plus10_striped_maskonly_3' is running (ID=1509735, state=RUNNING).
[2026-04-29 14:47:20] WARNING lines in last 100: 0
[2026-04-29 14:47:20] === Monitor check complete ===
[2026-04-29 14:57:20] === Monitor check ===
[2026-04-29 14:57:20] Job 'finetune_k562plus10_striped_maskonly_3' is running (ID=1509735, state=RUNNING).
[2026-04-29 14:57:20] WARNING lines in last 100: 0
[2026-04-29 14:57:20] === Monitor check complete ===
[2026-04-29 15:07:20] === Monitor check ===
[2026-04-29 15:07:21] Job 'finetune_k562plus10_striped_maskonly_3' is not running.
[2026-04-29 15:07:21] Latest output file: /data1/lesliec/sarthak/caduceus/jobs/1509735-finetune_k562plus10_striped_maskonly_3.out
[2026-04-29 15:07:21] Using checkpoint: /data1/lesliec/sarthak/caduceus/outputs/2026-04-28/13-07-10-439671/checkpoints/01-step=10000.ckpt
[2026-04-29 15:07:21] Submitting: seed=2225  ckpt=/data1/lesliec/sarthak/caduceus/outputs/2026-04-28/13-07-10-439671/checkpoints/01-step=10000.ckpt
[2026-04-29 15:07:21] Submitted job 1545911. Incrementing seed to 2226.
[2026-04-29 15:07:21] === Monitor check complete ===
[2026-04-29 15:17:21] === Monitor check ===
[2026-04-29 15:17:21] Job 'finetune_k562plus10_striped_maskonly_3' is running (ID=1545911, state=RUNNING).
[2026-04-29 15:17:21] WARNING lines in last 100: 0
[2026-04-29 15:17:21] === Monitor check complete ===
[2026-04-29 15:27:21] === Monitor check ===
[2026-04-29 15:27:21] Job 'finetune_k562plus10_striped_maskonly_3' is running (ID=1545911, state=RUNNING).
[2026-04-29 15:27:21] WARNING lines in last 100: 0
[2026-04-29 15:27:21] === Monitor check complete ===
[2026-04-29 15:37:21] === Monitor check ===
[2026-04-29 15:37:21] Job 'finetune_k562plus10_striped_maskonly_3' is running (ID=1545911, state=RUNNING).
[2026-04-29 15:37:21] WARNING lines in last 100: 0
[2026-04-29 15:37:21] === Monitor check complete ===
[2026-04-29 15:47:21] === Monitor check ===
[2026-04-29 15:47:21] Job 'finetune_k562plus10_striped_maskonly_3' is running (ID=1545911, state=RUNNING).
[2026-04-29 15:47:21] WARNING lines in last 100: 0
[2026-04-29 15:47:21] === Monitor check complete ===
[2026-04-29 15:57:21] === Monitor check ===
[2026-04-29 15:57:21] Job 'finetune_k562plus10_striped_maskonly_3' is running (ID=1545911, state=RUNNING).
[2026-04-29 15:57:21] WARNING lines in last 100: 0
[2026-04-29 15:57:21] === Monitor check complete ===
[2026-04-29 16:07:21] === Monitor check ===
[2026-04-29 16:07:21] Job 'finetune_k562plus10_striped_maskonly_3' is running (ID=1545911, state=RUNNING).
[2026-04-29 16:07:21] WARNING lines in last 100: 0
[2026-04-29 16:07:21] === Monitor check complete ===
[2026-04-29 16:17:21] === Monitor check ===
[2026-04-29 16:17:21] Job 'finetune_k562plus10_striped_maskonly_3' is running (ID=1545911, state=RUNNING).
[2026-04-29 16:17:21] WARNING lines in last 100: 0
[2026-04-29 16:17:21] === Monitor check complete ===
[2026-04-29 16:27:21] === Monitor check ===
[2026-04-29 16:27:21] Job 'finetune_k562plus10_striped_maskonly_3' is running (ID=1545911, state=RUNNING).
[2026-04-29 16:27:21] WARNING lines in last 100: 0
[2026-04-29 16:27:21] === Monitor check complete ===
[2026-04-29 16:37:21] === Monitor check ===
[2026-04-29 16:37:22] Job 'finetune_k562plus10_striped_maskonly_3' is running (ID=1545911, state=RUNNING).
[2026-04-29 16:37:22] WARNING lines in last 100: 0
[2026-04-29 16:37:22] === Monitor check complete ===
[2026-04-29 16:47:22] === Monitor check ===
[2026-04-29 16:47:22] Job 'finetune_k562plus10_striped_maskonly_3' is running (ID=1545911, state=RUNNING).
[2026-04-29 16:47:22] WARNING lines in last 100: 0
[2026-04-29 16:47:22] === Monitor check complete ===
[2026-04-29 16:57:22] === Monitor check ===
[2026-04-29 16:57:22] Job 'finetune_k562plus10_striped_maskonly_3' is running (ID=1545911, state=RUNNING).
[2026-04-29 16:57:22] WARNING lines in last 100: 0
[2026-04-29 16:57:22] === Monitor check complete ===
[2026-04-29 17:07:22] === Monitor check ===
[2026-04-29 17:07:22] Job 'finetune_k562plus10_striped_maskonly_3' is running (ID=1545911, state=RUNNING).
[2026-04-29 17:07:22] WARNING lines in last 100: 0
[2026-04-29 17:07:22] === Monitor check complete ===
[2026-04-29 17:17:22] === Monitor check ===
[2026-04-29 17:17:22] Job 'finetune_k562plus10_striped_maskonly_3' is running (ID=1545911, state=RUNNING).
[2026-04-29 17:17:22] WARNING lines in last 100: 0
[2026-04-29 17:17:22] === Monitor check complete ===
[2026-04-29 17:27:22] === Monitor check ===
[2026-04-29 17:27:22] Job 'finetune_k562plus10_striped_maskonly_3' is running (ID=1545911, state=RUNNING).
[2026-04-29 17:27:22] WARNING lines in last 100: 0
[2026-04-29 17:27:22] === Monitor check complete ===
[2026-04-29 17:37:22] === Monitor check ===
[2026-04-29 17:37:22] Job 'finetune_k562plus10_striped_maskonly_3' is running (ID=1545911, state=RUNNING).
[2026-04-29 17:37:22] WARNING lines in last 100: 0
[2026-04-29 17:37:22] === Monitor check complete ===
[2026-04-29 17:47:22] === Monitor check ===
[2026-04-29 17:47:22] Job 'finetune_k562plus10_striped_maskonly_3' is running (ID=1545911, state=RUNNING).
[2026-04-29 17:47:22] WARNING lines in last 100: 0
[2026-04-29 17:47:23] === Monitor check complete ===
[2026-04-29 17:57:23] === Monitor check ===
[2026-04-29 17:57:23] Job 'finetune_k562plus10_striped_maskonly_3' is running (ID=1545911, state=RUNNING).
[2026-04-29 17:57:23] WARNING lines in last 100: 0
[2026-04-29 17:57:23] === Monitor check complete ===
[2026-04-29 18:07:23] === Monitor check ===
[2026-04-29 18:07:23] Job 'finetune_k562plus10_striped_maskonly_3' is running (ID=1545911, state=RUNNING).
[2026-04-29 18:07:23] WARNING lines in last 100: 0
[2026-04-29 18:07:23] === Monitor check complete ===
[2026-04-29 18:17:23] === Monitor check ===
[2026-04-29 18:17:23] Job 'finetune_k562plus10_striped_maskonly_3' is running (ID=1545911, state=RUNNING).
[2026-04-29 18:17:23] WARNING lines in last 100: 0
[2026-04-29 18:17:23] === Monitor check complete ===
[2026-04-29 18:27:23] === Monitor check ===
[2026-04-29 18:27:23] Job 'finetune_k562plus10_striped_maskonly_3' is running (ID=1545911, state=RUNNING).
[2026-04-29 18:27:23] WARNING lines in last 100: 0
[2026-04-29 18:27:23] === Monitor check complete ===
[2026-04-29 18:37:23] === Monitor check ===
[2026-04-29 18:37:23] Job 'finetune_k562plus10_striped_maskonly_3' is running (ID=1545911, state=RUNNING).
[2026-04-29 18:37:23] WARNING lines in last 100: 0
[2026-04-29 18:37:23] === Monitor check complete ===
[2026-04-29 18:47:23] === Monitor check ===
[2026-04-29 18:47:23] Job 'finetune_k562plus10_striped_maskonly_3' is running (ID=1545911, state=RUNNING).
[2026-04-29 18:47:23] WARNING lines in last 100: 0
[2026-04-29 18:47:23] === Monitor check complete ===
[2026-04-29 18:57:23] === Monitor check ===
[2026-04-29 18:57:23] Job 'finetune_k562plus10_striped_maskonly_3' is running (ID=1545911, state=RUNNING).
[2026-04-29 18:57:23] WARNING lines in last 100: 0
[2026-04-29 18:57:23] === Monitor check complete ===
[2026-04-29 19:07:23] === Monitor check ===
[2026-04-29 19:07:23] Job 'finetune_k562plus10_striped_maskonly_3' is running (ID=1545911, state=RUNNING).
[2026-04-29 19:07:23] WARNING lines in last 100: 0
[2026-04-29 19:07:23] === Monitor check complete ===
[2026-04-29 19:17:23] === Monitor check ===
[2026-04-29 19:17:23] Job 'finetune_k562plus10_striped_maskonly_3' is running (ID=1545911, state=RUNNING).
[2026-04-29 19:17:23] WARNING lines in last 100: 0
[2026-04-29 19:17:23] === Monitor check complete ===
[2026-04-29 19:27:23] === Monitor check ===
[2026-04-29 19:27:23] Job 'finetune_k562plus10_striped_maskonly_3' is running (ID=1545911, state=RUNNING).
[2026-04-29 19:27:24] WARNING lines in last 100: 0
[2026-04-29 19:27:24] === Monitor check complete ===
[2026-04-29 19:37:24] === Monitor check ===
[2026-04-29 19:37:24] Job 'finetune_k562plus10_striped_maskonly_3' is running (ID=1545911, state=RUNNING).
[2026-04-29 19:37:24] WARNING lines in last 100: 0
[2026-04-29 19:37:24] === Monitor check complete ===
[2026-04-29 19:47:24] === Monitor check ===
[2026-04-29 19:47:24] Job 'finetune_k562plus10_striped_maskonly_3' is running (ID=1545911, state=RUNNING).
[2026-04-29 19:47:24] WARNING lines in last 100: 0
[2026-04-29 19:47:24] === Monitor check complete ===
[2026-04-29 19:57:24] === Monitor check ===
[2026-04-29 19:57:24] Job 'finetune_k562plus10_striped_maskonly_3' is running (ID=1545911, state=RUNNING).
[2026-04-29 19:57:24] WARNING lines in last 100: 0
[2026-04-29 19:57:24] === Monitor check complete ===
[2026-04-29 20:07:24] === Monitor check ===
[2026-04-29 20:07:24] Job 'finetune_k562plus10_striped_maskonly_3' is running (ID=1545911, state=RUNNING).
[2026-04-29 20:07:24] WARNING lines in last 100: 0
[2026-04-29 20:07:24] === Monitor check complete ===
[2026-04-29 20:17:24] === Monitor check ===
[2026-04-29 20:17:24] Job 'finetune_k562plus10_striped_maskonly_3' is running (ID=1545911, state=RUNNING).
[2026-04-29 20:17:24] WARNING lines in last 100: 0
[2026-04-29 20:17:24] === Monitor check complete ===
[2026-04-29 20:27:24] === Monitor check ===
[2026-04-29 20:27:24] Job 'finetune_k562plus10_striped_maskonly_3' is running (ID=1545911, state=RUNNING).
[2026-04-29 20:27:24] WARNING lines in last 100: 0
[2026-04-29 20:27:24] === Monitor check complete ===
[2026-04-29 20:37:24] === Monitor check ===
[2026-04-29 20:37:24] Job 'finetune_k562plus10_striped_maskonly_3' is running (ID=1545911, state=RUNNING).
[2026-04-29 20:37:24] WARNING lines in last 100: 0
[2026-04-29 20:37:24] === Monitor check complete ===
[2026-04-29 20:47:24] === Monitor check ===
[2026-04-29 20:47:25] Job 'finetune_k562plus10_striped_maskonly_3' is running (ID=1545911, state=RUNNING).
[2026-04-29 20:47:25] WARNING lines in last 100: 0
[2026-04-29 20:47:25] === Monitor check complete ===
[2026-04-29 20:57:25] === Monitor check ===
[2026-04-29 20:57:25] Job 'finetune_k562plus10_striped_maskonly_3' is running (ID=1545911, state=RUNNING).
[2026-04-29 20:57:25] WARNING lines in last 100: 0
[2026-04-29 20:57:25] === Monitor check complete ===
[2026-04-29 21:07:25] === Monitor check ===
[2026-04-29 21:07:25] Job 'finetune_k562plus10_striped_maskonly_3' is running (ID=1545911, state=RUNNING).
[2026-04-29 21:07:25] WARNING lines in last 100: 0
[2026-04-29 21:07:25] === Monitor check complete ===
[2026-04-29 21:17:25] === Monitor check ===
[2026-04-29 21:17:25] Job 'finetune_k562plus10_striped_maskonly_3' is running (ID=1545911, state=RUNNING).
[2026-04-29 21:17:25] WARNING lines in last 100: 0
[2026-04-29 21:17:25] === Monitor check complete ===
[2026-04-29 21:27:25] === Monitor check ===
[2026-04-29 21:27:25] Job 'finetune_k562plus10_striped_maskonly_3' is running (ID=1545911, state=RUNNING).
[2026-04-29 21:27:25] WARNING lines in last 100: 1
[2026-04-29 21:27:25] === Monitor check complete ===
[2026-04-29 21:37:25] === Monitor check ===
[2026-04-29 21:37:25] Job 'finetune_k562plus10_striped_maskonly_3' is running (ID=1545911, state=RUNNING).
[2026-04-29 21:37:25] WARNING lines in last 100: 1
[2026-04-29 21:37:25] === Monitor check complete ===
[2026-04-29 21:47:25] === Monitor check ===
[2026-04-29 21:47:25] Job 'finetune_k562plus10_striped_maskonly_3' is running (ID=1545911, state=RUNNING).
[2026-04-29 21:47:25] WARNING lines in last 100: 1
[2026-04-29 21:47:25] === Monitor check complete ===
[2026-04-29 21:57:25] === Monitor check ===
[2026-04-29 21:57:25] Job 'finetune_k562plus10_striped_maskonly_3' is not running.
[2026-04-29 21:57:25] Latest output file: /data1/lesliec/sarthak/caduceus/jobs/1545911-finetune_k562plus10_striped_maskonly_3.out
[2026-04-29 21:57:26] Using checkpoint: /data1/lesliec/sarthak/caduceus/outputs/2026-04-28/13-07-10-439671/checkpoints/01-step=10000.ckpt
[2026-04-29 21:57:26] Submitting: seed=2226  ckpt=/data1/lesliec/sarthak/caduceus/outputs/2026-04-28/13-07-10-439671/checkpoints/01-step=10000.ckpt
[2026-04-29 21:57:26] Submitted job 1603985. Incrementing seed to 2227.
[2026-04-29 21:57:26] === Monitor check complete ===
[2026-04-29 22:07:26] === Monitor check ===
[2026-04-29 22:07:26] Job 'finetune_k562plus10_striped_maskonly_3' is running (ID=1603985, state=RUNNING).
[2026-04-29 22:07:26] WARNING lines in last 100: 0
[2026-04-29 22:07:26] === Monitor check complete ===
[2026-04-29 22:17:26] === Monitor check ===
[2026-04-29 22:17:26] Job 'finetune_k562plus10_striped_maskonly_3' is running (ID=1603985, state=RUNNING).
[2026-04-29 22:17:26] WARNING lines in last 100: 0
[2026-04-29 22:17:26] === Monitor check complete ===
[2026-04-29 22:27:26] === Monitor check ===
[2026-04-29 22:27:26] Job 'finetune_k562plus10_striped_maskonly_3' is running (ID=1603985, state=RUNNING).
[2026-04-29 22:27:26] WARNING lines in last 100: 0
[2026-04-29 22:27:26] === Monitor check complete ===
[2026-04-29 22:37:26] === Monitor check ===
[2026-04-29 22:37:26] Job 'finetune_k562plus10_striped_maskonly_3' is running (ID=1603985, state=RUNNING).
[2026-04-29 22:37:26] WARNING lines in last 100: 0
[2026-04-29 22:37:26] === Monitor check complete ===
[2026-04-29 22:47:26] === Monitor check ===
[2026-04-29 22:47:26] Job 'finetune_k562plus10_striped_maskonly_3' is running (ID=1603985, state=RUNNING).
[2026-04-29 22:47:26] WARNING lines in last 100: 0
[2026-04-29 22:47:26] === Monitor check complete ===
[2026-04-29 22:57:26] === Monitor check ===
[2026-04-29 22:57:27] Job 'finetune_k562plus10_striped_maskonly_3' is running (ID=1603985, state=RUNNING).
[2026-04-29 22:57:27] WARNING lines in last 100: 0
[2026-04-29 22:57:27] === Monitor check complete ===
[2026-04-29 23:07:27] === Monitor check ===
[2026-04-29 23:07:27] Job 'finetune_k562plus10_striped_maskonly_3' is running (ID=1603985, state=RUNNING).
[2026-04-29 23:07:27] WARNING lines in last 100: 0
[2026-04-29 23:07:27] === Monitor check complete ===
[2026-04-29 23:17:27] === Monitor check ===
[2026-04-29 23:17:27] Job 'finetune_k562plus10_striped_maskonly_3' is running (ID=1603985, state=RUNNING).
[2026-04-29 23:17:27] WARNING lines in last 100: 0
[2026-04-29 23:17:27] === Monitor check complete ===
[2026-04-29 23:27:27] === Monitor check ===
[2026-04-29 23:27:27] Job 'finetune_k562plus10_striped_maskonly_3' is running (ID=1603985, state=RUNNING).
[2026-04-29 23:27:27] WARNING lines in last 100: 0
[2026-04-29 23:27:27] === Monitor check complete ===
[2026-04-29 23:37:27] === Monitor check ===
[2026-04-29 23:37:27] Job 'finetune_k562plus10_striped_maskonly_3' is running (ID=1603985, state=RUNNING).
[2026-04-29 23:37:27] WARNING lines in last 100: 0
[2026-04-29 23:37:27] === Monitor check complete ===
[2026-04-29 23:47:27] === Monitor check ===
[2026-04-29 23:47:27] Job 'finetune_k562plus10_striped_maskonly_3' is running (ID=1603985, state=RUNNING).
[2026-04-29 23:47:27] WARNING lines in last 100: 0
[2026-04-29 23:47:27] === Monitor check complete ===
[2026-04-29 23:57:27] === Monitor check ===
[2026-04-29 23:57:27] Job 'finetune_k562plus10_striped_maskonly_3' is running (ID=1603985, state=RUNNING).
[2026-04-29 23:57:27] WARNING lines in last 100: 0
[2026-04-29 23:57:27] === Monitor check complete ===
[2026-04-30 00:07:32] === Monitor check ===
[2026-04-30 00:07:32] Job 'finetune_k562plus10_striped_maskonly_3' is running (ID=1603985, state=RUNNING).
[2026-04-30 00:07:32] WARNING lines in last 100: 0
[2026-04-30 00:07:32] === Monitor check complete ===
[2026-04-30 00:17:32] === Monitor check ===
[2026-04-30 00:17:32] Job 'finetune_k562plus10_striped_maskonly_3' is running (ID=1603985, state=RUNNING).
[2026-04-30 00:17:32] WARNING lines in last 100: 0
[2026-04-30 00:17:32] === Monitor check complete ===
[2026-04-30 00:27:32] === Monitor check ===
[2026-04-30 00:27:32] Job 'finetune_k562plus10_striped_maskonly_3' is running (ID=1603985, state=RUNNING).
[2026-04-30 00:27:32] WARNING lines in last 100: 0
[2026-04-30 00:27:32] === Monitor check complete ===
[2026-04-30 00:37:32] === Monitor check ===
[2026-04-30 00:37:33] Job 'finetune_k562plus10_striped_maskonly_3' is running (ID=1603985, state=RUNNING).
[2026-04-30 00:37:33] WARNING lines in last 100: 0
[2026-04-30 00:37:33] === Monitor check complete ===
[2026-04-30 00:47:33] === Monitor check ===
[2026-04-30 00:47:33] Job 'finetune_k562plus10_striped_maskonly_3' is running (ID=1603985, state=RUNNING).
[2026-04-30 00:47:33] WARNING lines in last 100: 0
[2026-04-30 00:47:33] === Monitor check complete ===
[2026-04-30 00:57:33] === Monitor check ===
[2026-04-30 00:57:33] Job 'finetune_k562plus10_striped_maskonly_3' is running (ID=1603985, state=RUNNING).
[2026-04-30 00:57:33] WARNING lines in last 100: 0
[2026-04-30 00:57:33] === Monitor check complete ===
[2026-04-30 01:07:33] === Monitor check ===
[2026-04-30 01:07:33] Job 'finetune_k562plus10_striped_maskonly_3' is running (ID=1603985, state=RUNNING).
[2026-04-30 01:07:33] WARNING lines in last 100: 0
[2026-04-30 01:07:33] === Monitor check complete ===
[2026-04-30 01:17:33] === Monitor check ===
[2026-04-30 01:17:33] Job 'finetune_k562plus10_striped_maskonly_3' is running (ID=1603985, state=RUNNING).
[2026-04-30 01:17:33] WARNING lines in last 100: 0
[2026-04-30 01:17:33] === Monitor check complete ===
[2026-04-30 01:27:33] === Monitor check ===
[2026-04-30 01:27:33] Job 'finetune_k562plus10_striped_maskonly_3' is running (ID=1603985, state=RUNNING).
[2026-04-30 01:27:33] WARNING lines in last 100: 0
[2026-04-30 01:27:33] === Monitor check complete ===
[2026-04-30 01:37:33] === Monitor check ===
[2026-04-30 01:37:33] Job 'finetune_k562plus10_striped_maskonly_3' is running (ID=1603985, state=RUNNING).
[2026-04-30 01:37:34] WARNING lines in last 100: 0
[2026-04-30 01:37:34] === Monitor check complete ===
[2026-04-30 01:47:34] === Monitor check ===
[2026-04-30 01:47:34] Job 'finetune_k562plus10_striped_maskonly_3' is running (ID=1603985, state=RUNNING).
[2026-04-30 01:47:34] WARNING lines in last 100: 0
[2026-04-30 01:47:34] === Monitor check complete ===
[2026-04-30 01:57:34] === Monitor check ===
[2026-04-30 01:57:34] Job 'finetune_k562plus10_striped_maskonly_3' is running (ID=1603985, state=RUNNING).
[2026-04-30 01:57:34] WARNING lines in last 100: 0
[2026-04-30 01:57:34] === Monitor check complete ===
[2026-04-30 02:07:34] === Monitor check ===
[2026-04-30 02:07:34] Job 'finetune_k562plus10_striped_maskonly_3' is running (ID=1603985, state=RUNNING).
[2026-04-30 02:07:34] WARNING lines in last 100: 0
[2026-04-30 02:07:34] === Monitor check complete ===
[2026-04-30 02:17:34] === Monitor check ===
[2026-04-30 02:17:34] Job 'finetune_k562plus10_striped_maskonly_3' is running (ID=1603985, state=RUNNING).
[2026-04-30 02:17:34] WARNING lines in last 100: 0
[2026-04-30 02:17:34] === Monitor check complete ===
[2026-04-30 02:27:34] === Monitor check ===
[2026-04-30 02:27:34] Job 'finetune_k562plus10_striped_maskonly_3' is running (ID=1603985, state=RUNNING).
[2026-04-30 02:27:34] WARNING lines in last 100: 0
[2026-04-30 02:27:34] === Monitor check complete ===
[2026-04-30 02:37:34] === Monitor check ===
[2026-04-30 02:37:35] Job 'finetune_k562plus10_striped_maskonly_3' is running (ID=1603985, state=RUNNING).
[2026-04-30 02:37:35] WARNING lines in last 100: 0
[2026-04-30 02:37:35] === Monitor check complete ===
[2026-04-30 02:47:35] === Monitor check ===
[2026-04-30 02:47:35] Job 'finetune_k562plus10_striped_maskonly_3' is running (ID=1603985, state=RUNNING).
[2026-04-30 02:47:35] WARNING lines in last 100: 0
[2026-04-30 02:47:35] === Monitor check complete ===
[2026-04-30 02:57:35] === Monitor check ===
[2026-04-30 02:57:35] Job 'finetune_k562plus10_striped_maskonly_3' is running (ID=1603985, state=RUNNING).
[2026-04-30 02:57:35] WARNING lines in last 100: 0
[2026-04-30 02:57:35] === Monitor check complete ===
[2026-04-30 03:07:35] === Monitor check ===
[2026-04-30 03:07:35] Job 'finetune_k562plus10_striped_maskonly_3' is running (ID=1603985, state=RUNNING).
[2026-04-30 03:07:35] WARNING lines in last 100: 0
[2026-04-30 03:07:35] === Monitor check complete ===
[2026-04-30 03:17:35] === Monitor check ===
[2026-04-30 03:17:35] Job 'finetune_k562plus10_striped_maskonly_3' is running (ID=1603985, state=RUNNING).
[2026-04-30 03:17:35] WARNING lines in last 100: 0
[2026-04-30 03:17:35] === Monitor check complete ===
[2026-04-30 03:27:35] === Monitor check ===
[2026-04-30 03:27:35] Job 'finetune_k562plus10_striped_maskonly_3' is running (ID=1603985, state=RUNNING).
[2026-04-30 03:27:36] WARNING lines in last 100: 0
[2026-04-30 03:27:36] === Monitor check complete ===
[2026-04-30 03:37:36] === Monitor check ===
[2026-04-30 03:37:36] Job 'finetune_k562plus10_striped_maskonly_3' is running (ID=1603985, state=RUNNING).
[2026-04-30 03:37:36] WARNING lines in last 100: 1
[2026-04-30 03:37:36] === Monitor check complete ===
[2026-04-30 03:47:36] === Monitor check ===
[2026-04-30 03:47:36] Job 'finetune_k562plus10_striped_maskonly_3' is running (ID=1603985, state=RUNNING).
[2026-04-30 03:47:36] WARNING lines in last 100: 1
[2026-04-30 03:47:36] === Monitor check complete ===
[2026-04-30 03:57:36] === Monitor check ===
[2026-04-30 03:57:36] Job 'finetune_k562plus10_striped_maskonly_3' is running (ID=1603985, state=RUNNING).
[2026-04-30 03:57:36] WARNING lines in last 100: 1
[2026-04-30 03:57:36] === Monitor check complete ===
[2026-04-30 04:07:36] === Monitor check ===
[2026-04-30 04:07:36] Job 'finetune_k562plus10_striped_maskonly_3' is not running.
[2026-04-30 04:07:36] Latest output file: /data1/lesliec/sarthak/caduceus/jobs/1603985-finetune_k562plus10_striped_maskonly_3.out
[2026-04-30 04:07:36] Using checkpoint: /data1/lesliec/sarthak/caduceus/outputs/2026-04-28/13-07-10-439671/checkpoints/01-step=10000.ckpt
[2026-04-30 04:07:36] Submitting: seed=2227  ckpt=/data1/lesliec/sarthak/caduceus/outputs/2026-04-28/13-07-10-439671/checkpoints/01-step=10000.ckpt
[2026-04-30 04:07:36] Submitted job 1659645. Incrementing seed to 2228.
[2026-04-30 04:07:36] === Monitor check complete ===
[2026-04-30 04:17:36] === Monitor check ===
[2026-04-30 04:17:36] Job 'finetune_k562plus10_striped_maskonly_3' is running (ID=1659645, state=RUNNING).
[2026-04-30 04:17:36] WARNING lines in last 100: 0
[2026-04-30 04:17:36] === Monitor check complete ===
[2026-04-30 04:27:36] === Monitor check ===
[2026-04-30 04:27:36] Job 'finetune_k562plus10_striped_maskonly_3' is running (ID=1659645, state=RUNNING).
[2026-04-30 04:27:36] WARNING lines in last 100: 0
[2026-04-30 04:27:36] === Monitor check complete ===
[2026-04-30 04:37:36] === Monitor check ===
[2026-04-30 04:37:37] Job 'finetune_k562plus10_striped_maskonly_3' is running (ID=1659645, state=RUNNING).
[2026-04-30 04:37:37] WARNING lines in last 100: 0
[2026-04-30 04:37:37] === Monitor check complete ===
[2026-04-30 04:47:37] === Monitor check ===
[2026-04-30 04:47:37] Job 'finetune_k562plus10_striped_maskonly_3' is running (ID=1659645, state=RUNNING).
[2026-04-30 04:47:37] WARNING lines in last 100: 0
[2026-04-30 04:47:37] === Monitor check complete ===
[2026-04-30 04:57:37] === Monitor check ===
[2026-04-30 04:57:37] Job 'finetune_k562plus10_striped_maskonly_3' is running (ID=1659645, state=RUNNING).
[2026-04-30 04:57:37] WARNING lines in last 100: 0
[2026-04-30 04:57:37] === Monitor check complete ===
[2026-04-30 05:07:37] === Monitor check ===
[2026-04-30 05:07:37] Job 'finetune_k562plus10_striped_maskonly_3' is running (ID=1659645, state=RUNNING).
[2026-04-30 05:07:37] WARNING lines in last 100: 0
[2026-04-30 05:07:37] === Monitor check complete ===
[2026-04-30 05:17:37] === Monitor check ===
[2026-04-30 05:17:37] Job 'finetune_k562plus10_striped_maskonly_3' is running (ID=1659645, state=RUNNING).
[2026-04-30 05:17:37] WARNING lines in last 100: 0
[2026-04-30 05:17:37] === Monitor check complete ===
[2026-04-30 05:27:37] === Monitor check ===
[2026-04-30 05:27:37] Job 'finetune_k562plus10_striped_maskonly_3' is running (ID=1659645, state=RUNNING).
[2026-04-30 05:27:37] WARNING lines in last 100: 0
[2026-04-30 05:27:37] === Monitor check complete ===
[2026-04-30 05:37:37] === Monitor check ===
[2026-04-30 05:37:37] Job 'finetune_k562plus10_striped_maskonly_3' is running (ID=1659645, state=RUNNING).
[2026-04-30 05:37:37] WARNING lines in last 100: 0
[2026-04-30 05:37:37] === Monitor check complete ===
[2026-04-30 05:47:37] === Monitor check ===
[2026-04-30 05:47:37] Job 'finetune_k562plus10_striped_maskonly_3' is running (ID=1659645, state=RUNNING).
[2026-04-30 05:47:37] WARNING lines in last 100: 0
[2026-04-30 05:47:37] === Monitor check complete ===
[2026-04-30 05:57:37] === Monitor check ===
[2026-04-30 05:57:37] Job 'finetune_k562plus10_striped_maskonly_3' is running (ID=1659645, state=RUNNING).
[2026-04-30 05:57:37] WARNING lines in last 100: 0
[2026-04-30 05:57:37] === Monitor check complete ===
[2026-04-30 06:07:37] === Monitor check ===
[2026-04-30 06:07:38] Job 'finetune_k562plus10_striped_maskonly_3' is running (ID=1659645, state=RUNNING).
[2026-04-30 06:07:38] WARNING lines in last 100: 0
[2026-04-30 06:07:38] === Monitor check complete ===
[2026-04-30 06:17:38] === Monitor check ===
[2026-04-30 06:17:38] Job 'finetune_k562plus10_striped_maskonly_3' is running (ID=1659645, state=RUNNING).
[2026-04-30 06:17:38] WARNING lines in last 100: 0
[2026-04-30 06:17:38] === Monitor check complete ===
[2026-04-30 06:27:38] === Monitor check ===
[2026-04-30 06:27:38] Job 'finetune_k562plus10_striped_maskonly_3' is running (ID=1659645, state=RUNNING).
[2026-04-30 06:27:38] WARNING lines in last 100: 0
[2026-04-30 06:27:38] === Monitor check complete ===
[2026-04-30 06:37:38] === Monitor check ===
[2026-04-30 06:37:38] Job 'finetune_k562plus10_striped_maskonly_3' is running (ID=1659645, state=RUNNING).
[2026-04-30 06:37:38] WARNING lines in last 100: 0
[2026-04-30 06:37:38] === Monitor check complete ===
[2026-04-30 06:47:38] === Monitor check ===
[2026-04-30 06:47:38] Job 'finetune_k562plus10_striped_maskonly_3' is running (ID=1659645, state=RUNNING).
[2026-04-30 06:47:38] WARNING lines in last 100: 0
[2026-04-30 06:47:38] === Monitor check complete ===
[2026-04-30 06:57:38] === Monitor check ===
[2026-04-30 06:57:38] Job 'finetune_k562plus10_striped_maskonly_3' is running (ID=1659645, state=RUNNING).
[2026-04-30 06:57:38] WARNING lines in last 100: 0
[2026-04-30 06:57:38] === Monitor check complete ===
[2026-04-30 07:07:38] === Monitor check ===
[2026-04-30 07:07:38] Job 'finetune_k562plus10_striped_maskonly_3' is not running.
[2026-04-30 07:07:38] Latest output file: /data1/lesliec/sarthak/caduceus/jobs/1659645-finetune_k562plus10_striped_maskonly_3.out
[2026-04-30 07:07:38] Using checkpoint: /data1/lesliec/sarthak/caduceus/outputs/2026-04-28/13-07-10-439671/checkpoints/01-step=10000.ckpt
[2026-04-30 07:07:38] Submitting: seed=2228  ckpt=/data1/lesliec/sarthak/caduceus/outputs/2026-04-28/13-07-10-439671/checkpoints/01-step=10000.ckpt
[2026-04-30 07:07:39] Submitted job 1672852. Incrementing seed to 2229.
[2026-04-30 07:07:39] === Monitor check complete ===
[2026-04-30 07:17:39] === Monitor check ===
[2026-04-30 07:17:39] Job 'finetune_k562plus10_striped_maskonly_3' is running (ID=1672852, state=RUNNING).
[2026-04-30 07:17:39] WARNING lines in last 100: 0
[2026-04-30 07:17:39] === Monitor check complete ===
[2026-04-30 07:27:39] === Monitor check ===
[2026-04-30 07:27:39] Job 'finetune_k562plus10_striped_maskonly_3' is running (ID=1672852, state=RUNNING).
[2026-04-30 07:27:39] WARNING lines in last 100: 0
[2026-04-30 07:27:39] === Monitor check complete ===
[2026-04-30 07:37:39] === Monitor check ===
[2026-04-30 07:37:39] Job 'finetune_k562plus10_striped_maskonly_3' is running (ID=1672852, state=RUNNING).
[2026-04-30 07:37:39] WARNING lines in last 100: 0
[2026-04-30 07:37:39] === Monitor check complete ===
[2026-04-30 07:47:39] === Monitor check ===
[2026-04-30 07:47:39] Job 'finetune_k562plus10_striped_maskonly_3' is running (ID=1672852, state=RUNNING).
[2026-04-30 07:47:39] WARNING lines in last 100: 0
[2026-04-30 07:47:39] === Monitor check complete ===
[2026-04-30 07:57:39] === Monitor check ===
[2026-04-30 07:57:39] Job 'finetune_k562plus10_striped_maskonly_3' is running (ID=1672852, state=RUNNING).
[2026-04-30 07:57:39] WARNING lines in last 100: 0
[2026-04-30 07:57:39] === Monitor check complete ===
[2026-04-30 08:07:39] === Monitor check ===
[2026-04-30 08:07:39] Job 'finetune_k562plus10_striped_maskonly_3' is running (ID=1672852, state=RUNNING).
[2026-04-30 08:07:39] WARNING lines in last 100: 0
[2026-04-30 08:07:39] === Monitor check complete ===
[2026-04-30 08:17:39] === Monitor check ===
[2026-04-30 08:17:39] Job 'finetune_k562plus10_striped_maskonly_3' is running (ID=1672852, state=RUNNING).
[2026-04-30 08:17:39] WARNING lines in last 100: 0
[2026-04-30 08:17:39] === Monitor check complete ===
[2026-04-30 08:27:39] === Monitor check ===
[2026-04-30 08:27:40] Job 'finetune_k562plus10_striped_maskonly_3' is running (ID=1672852, state=RUNNING).
[2026-04-30 08:27:40] WARNING lines in last 100: 0
[2026-04-30 08:27:40] === Monitor check complete ===
[2026-04-30 08:37:40] === Monitor check ===
[2026-04-30 08:37:40] Job 'finetune_k562plus10_striped_maskonly_3' is running (ID=1672852, state=RUNNING).
[2026-04-30 08:37:40] WARNING lines in last 100: 0
[2026-04-30 08:37:40] === Monitor check complete ===
[2026-04-30 08:47:40] === Monitor check ===
[2026-04-30 08:47:40] Job 'finetune_k562plus10_striped_maskonly_3' is running (ID=1672852, state=RUNNING).
[2026-04-30 08:47:40] WARNING lines in last 100: 0
[2026-04-30 08:47:40] === Monitor check complete ===
[2026-04-30 08:57:40] === Monitor check ===
[2026-04-30 08:57:40] Job 'finetune_k562plus10_striped_maskonly_3' is running (ID=1672852, state=RUNNING).
[2026-04-30 08:57:40] WARNING lines in last 100: 0
[2026-04-30 08:57:40] === Monitor check complete ===
[2026-04-30 09:07:40] === Monitor check ===
[2026-04-30 09:07:40] Job 'finetune_k562plus10_striped_maskonly_3' is running (ID=1672852, state=RUNNING).
[2026-04-30 09:07:40] WARNING lines in last 100: 0
[2026-04-30 09:07:40] === Monitor check complete ===
[2026-04-30 09:17:40] === Monitor check ===
[2026-04-30 09:17:40] Job 'finetune_k562plus10_striped_maskonly_3' is running (ID=1672852, state=RUNNING).
[2026-04-30 09:17:40] WARNING lines in last 100: 0
[2026-04-30 09:17:40] === Monitor check complete ===
[2026-04-30 09:27:40] === Monitor check ===
[2026-04-30 09:27:40] Job 'finetune_k562plus10_striped_maskonly_3' is running (ID=1672852, state=RUNNING).
[2026-04-30 09:27:41] WARNING lines in last 100: 0
[2026-04-30 09:27:41] === Monitor check complete ===
[2026-04-30 09:37:41] === Monitor check ===
[2026-04-30 09:37:41] Job 'finetune_k562plus10_striped_maskonly_3' is running (ID=1672852, state=RUNNING).
[2026-04-30 09:37:41] WARNING lines in last 100: 0
[2026-04-30 09:37:41] === Monitor check complete ===
[2026-04-30 09:47:41] === Monitor check ===
[2026-04-30 09:47:41] Job 'finetune_k562plus10_striped_maskonly_3' is running (ID=1672852, state=RUNNING).
[2026-04-30 09:47:41] WARNING lines in last 100: 0
[2026-04-30 09:47:41] === Monitor check complete ===
[2026-04-30 09:57:41] === Monitor check ===
[2026-04-30 09:57:41] Job 'finetune_k562plus10_striped_maskonly_3' is running (ID=1672852, state=RUNNING).
[2026-04-30 09:57:41] WARNING lines in last 100: 0
[2026-04-30 09:57:41] === Monitor check complete ===
[2026-04-30 10:07:41] === Monitor check ===
[2026-04-30 10:07:41] Job 'finetune_k562plus10_striped_maskonly_3' is running (ID=1672852, state=RUNNING).
[2026-04-30 10:07:41] WARNING lines in last 100: 0
[2026-04-30 10:07:41] === Monitor check complete ===
[2026-04-30 10:17:41] === Monitor check ===
[2026-04-30 10:17:41] Job 'finetune_k562plus10_striped_maskonly_3' is running (ID=1672852, state=RUNNING).
[2026-04-30 10:17:41] WARNING lines in last 100: 0
[2026-04-30 10:17:41] === Monitor check complete ===
[2026-04-30 10:27:41] === Monitor check ===
[2026-04-30 10:27:41] Job 'finetune_k562plus10_striped_maskonly_3' is running (ID=1672852, state=RUNNING).
[2026-04-30 10:27:41] WARNING lines in last 100: 0
[2026-04-30 10:27:41] === Monitor check complete ===
[2026-04-30 10:37:41] === Monitor check ===
[2026-04-30 10:37:41] Job 'finetune_k562plus10_striped_maskonly_3' is running (ID=1672852, state=RUNNING).
[2026-04-30 10:37:42] WARNING lines in last 100: 0
[2026-04-30 10:37:42] === Monitor check complete ===
[2026-04-30 10:47:42] === Monitor check ===
[2026-04-30 10:47:42] Job 'finetune_k562plus10_striped_maskonly_3' is running (ID=1672852, state=RUNNING).
[2026-04-30 10:47:42] WARNING lines in last 100: 0
[2026-04-30 10:47:42] === Monitor check complete ===
[2026-04-30 10:57:42] === Monitor check ===
[2026-04-30 10:57:42] Job 'finetune_k562plus10_striped_maskonly_3' is running (ID=1672852, state=RUNNING).
[2026-04-30 10:57:42] WARNING lines in last 100: 0
[2026-04-30 10:57:42] === Monitor check complete ===
[2026-04-30 11:07:42] === Monitor check ===
[2026-04-30 11:07:42] Job 'finetune_k562plus10_striped_maskonly_3' is running (ID=1672852, state=RUNNING).
[2026-04-30 11:07:42] WARNING lines in last 100: 0
[2026-04-30 11:07:42] === Monitor check complete ===
[2026-04-30 11:17:42] === Monitor check ===
[2026-04-30 11:17:42] Job 'finetune_k562plus10_striped_maskonly_3' is running (ID=1672852, state=RUNNING).
[2026-04-30 11:17:42] WARNING lines in last 100: 0
[2026-04-30 11:17:42] === Monitor check complete ===
[2026-04-30 11:27:42] === Monitor check ===
[2026-04-30 11:27:42] Job 'finetune_k562plus10_striped_maskonly_3' is running (ID=1672852, state=RUNNING).
[2026-04-30 11:27:42] WARNING lines in last 100: 0
[2026-04-30 11:27:42] === Monitor check complete ===
[2026-04-30 11:37:42] === Monitor check ===
[2026-04-30 11:37:42] Job 'finetune_k562plus10_striped_maskonly_3' is running (ID=1672852, state=RUNNING).
[2026-04-30 11:37:42] WARNING lines in last 100: 0
[2026-04-30 11:37:42] === Monitor check complete ===
[2026-04-30 11:47:42] === Monitor check ===
[2026-04-30 11:47:43] Job 'finetune_k562plus10_striped_maskonly_3' is running (ID=1672852, state=RUNNING).
[2026-04-30 11:47:43] WARNING lines in last 100: 0
[2026-04-30 11:47:43] === Monitor check complete ===
[2026-04-30 11:57:43] === Monitor check ===
[2026-04-30 11:57:43] Job 'finetune_k562plus10_striped_maskonly_3' is running (ID=1672852, state=RUNNING).
[2026-04-30 11:57:43] WARNING lines in last 100: 0
[2026-04-30 11:57:43] === Monitor check complete ===
[2026-04-30 12:07:43] === Monitor check ===
[2026-04-30 12:07:44] Job 'finetune_k562plus10_striped_maskonly_3' is running (ID=1672852, state=RUNNING).
[2026-04-30 12:07:44] WARNING lines in last 100: 0
[2026-04-30 12:07:44] === Monitor check complete ===
[2026-04-30 12:17:44] === Monitor check ===
[2026-04-30 12:17:44] Job 'finetune_k562plus10_striped_maskonly_3' is running (ID=1672852, state=RUNNING).
[2026-04-30 12:17:44] WARNING lines in last 100: 0
[2026-04-30 12:17:44] === Monitor check complete ===
[2026-04-30 12:27:44] === Monitor check ===
[2026-04-30 12:27:44] Job 'finetune_k562plus10_striped_maskonly_3' is running (ID=1672852, state=RUNNING).
[2026-04-30 12:27:44] WARNING lines in last 100: 0
[2026-04-30 12:27:44] === Monitor check complete ===
[2026-04-30 12:37:44] === Monitor check ===
[2026-04-30 12:37:44] Job 'finetune_k562plus10_striped_maskonly_3' is running (ID=1672852, state=RUNNING).
[2026-04-30 12:37:44] WARNING lines in last 100: 0
[2026-04-30 12:37:44] === Monitor check complete ===
[2026-04-30 12:47:44] === Monitor check ===
[2026-04-30 12:47:44] Job 'finetune_k562plus10_striped_maskonly_3' is running (ID=1672852, state=RUNNING).
[2026-04-30 12:47:44] WARNING lines in last 100: 0
[2026-04-30 12:47:44] === Monitor check complete ===
[2026-04-30 12:57:44] === Monitor check ===
[2026-04-30 12:57:44] Job 'finetune_k562plus10_striped_maskonly_3' is running (ID=1672852, state=RUNNING).
[2026-04-30 12:57:45] WARNING lines in last 100: 0
[2026-04-30 12:57:45] === Monitor check complete ===
[2026-04-30 13:07:45] === Monitor check ===
[2026-04-30 13:07:45] Job 'finetune_k562plus10_striped_maskonly_3' is running (ID=1672852, state=RUNNING).
[2026-04-30 13:07:45] WARNING lines in last 100: 0
[2026-04-30 13:07:45] === Monitor check complete ===
[2026-04-30 13:17:45] === Monitor check ===
[2026-04-30 13:17:45] Job 'finetune_k562plus10_striped_maskonly_3' is running (ID=1672852, state=RUNNING).
[2026-04-30 13:17:45] WARNING lines in last 100: 0
[2026-04-30 13:17:45] === Monitor check complete ===
[2026-04-30 13:27:45] === Monitor check ===
[2026-04-30 13:27:45] Job 'finetune_k562plus10_striped_maskonly_3' is running (ID=1672852, state=RUNNING).
[2026-04-30 13:27:45] WARNING lines in last 100: 0
[2026-04-30 13:27:45] === Monitor check complete ===
[2026-04-30 13:37:45] === Monitor check ===
[2026-04-30 13:37:45] Job 'finetune_k562plus10_striped_maskonly_3' is running (ID=1672852, state=RUNNING).
[2026-04-30 13:37:45] WARNING lines in last 100: 0
[2026-04-30 13:37:45] === Monitor check complete ===
[2026-04-30 13:47:45] === Monitor check ===
[2026-04-30 13:47:45] Job 'finetune_k562plus10_striped_maskonly_3' is running (ID=1672852, state=RUNNING).
[2026-04-30 13:47:45] WARNING lines in last 100: 0
[2026-04-30 13:47:45] === Monitor check complete ===
[2026-04-30 13:57:45] === Monitor check ===
[2026-04-30 13:57:45] Job 'finetune_k562plus10_striped_maskonly_3' is running (ID=1672852, state=RUNNING).
[2026-04-30 13:57:45] WARNING lines in last 100: 0
[2026-04-30 13:57:45] === Monitor check complete ===
[2026-04-30 14:07:45] === Monitor check ===
[2026-04-30 14:07:45] Job 'finetune_k562plus10_striped_maskonly_3' is running (ID=1672852, state=RUNNING).
[2026-04-30 14:07:46] WARNING lines in last 100: 0
[2026-04-30 14:07:46] === Monitor check complete ===
[2026-04-30 14:17:46] === Monitor check ===
[2026-04-30 14:17:46] Job 'finetune_k562plus10_striped_maskonly_3' is running (ID=1672852, state=RUNNING).
[2026-04-30 14:17:46] WARNING lines in last 100: 0
[2026-04-30 14:17:46] === Monitor check complete ===
[2026-04-30 14:27:46] === Monitor check ===
[2026-04-30 14:27:46] Job 'finetune_k562plus10_striped_maskonly_3' is running (ID=1672852, state=RUNNING).
[2026-04-30 14:27:46] WARNING lines in last 100: 0
[2026-04-30 14:27:46] === Monitor check complete ===
[2026-04-30 14:37:46] === Monitor check ===
[2026-04-30 14:37:46] Job 'finetune_k562plus10_striped_maskonly_3' is running (ID=1672852, state=RUNNING).
[2026-04-30 14:37:46] WARNING lines in last 100: 0
[2026-04-30 14:37:46] === Monitor check complete ===
[2026-04-30 14:47:46] === Monitor check ===
[2026-04-30 14:47:46] Job 'finetune_k562plus10_striped_maskonly_3' is running (ID=1672852, state=RUNNING).
[2026-04-30 14:47:46] WARNING lines in last 100: 0
[2026-04-30 14:47:46] === Monitor check complete ===
[2026-04-30 14:57:46] === Monitor check ===
[2026-04-30 14:57:46] Job 'finetune_k562plus10_striped_maskonly_3' is running (ID=1672852, state=RUNNING).
[2026-04-30 14:57:47] WARNING lines in last 100: 0
[2026-04-30 14:57:47] === Monitor check complete ===
[2026-04-30 15:07:47] === Monitor check ===
[2026-04-30 15:07:47] Job 'finetune_k562plus10_striped_maskonly_3' is running (ID=1672852, state=RUNNING).
[2026-04-30 15:07:47] WARNING lines in last 100: 0
[2026-04-30 15:07:47] === Monitor check complete ===
[2026-04-30 15:17:47] === Monitor check ===
[2026-04-30 15:17:47] Job 'finetune_k562plus10_striped_maskonly_3' is running (ID=1672852, state=RUNNING).
[2026-04-30 15:17:47] WARNING lines in last 100: 0
[2026-04-30 15:17:47] === Monitor check complete ===
[2026-04-30 15:27:47] === Monitor check ===
[2026-04-30 15:27:47] Job 'finetune_k562plus10_striped_maskonly_3' is running (ID=1672852, state=RUNNING).
[2026-04-30 15:27:47] WARNING lines in last 100: 0
[2026-04-30 15:27:47] === Monitor check complete ===
[2026-04-30 15:37:47] === Monitor check ===
[2026-04-30 15:37:47] Job 'finetune_k562plus10_striped_maskonly_3' is running (ID=1672852, state=RUNNING).
[2026-04-30 15:37:47] WARNING lines in last 100: 0
[2026-04-30 15:37:47] === Monitor check complete ===
[2026-04-30 15:47:47] === Monitor check ===
[2026-04-30 15:47:47] Job 'finetune_k562plus10_striped_maskonly_3' is running (ID=1672852, state=RUNNING).
[2026-04-30 15:47:47] WARNING lines in last 100: 0
[2026-04-30 15:47:47] === Monitor check complete ===
[2026-04-30 15:57:47] === Monitor check ===
[2026-04-30 15:57:47] Job 'finetune_k562plus10_striped_maskonly_3' is running (ID=1672852, state=RUNNING).
[2026-04-30 15:57:47] WARNING lines in last 100: 0
[2026-04-30 15:57:47] === Monitor check complete ===
[2026-04-30 16:07:47] === Monitor check ===
[2026-04-30 16:07:48] Job 'finetune_k562plus10_striped_maskonly_3' is running (ID=1672852, state=RUNNING).
[2026-04-30 16:07:48] WARNING lines in last 100: 0
[2026-04-30 16:07:48] === Monitor check complete ===
[2026-04-30 16:17:48] === Monitor check ===
[2026-04-30 16:17:48] Job 'finetune_k562plus10_striped_maskonly_3' is running (ID=1672852, state=RUNNING).
[2026-04-30 16:17:48] WARNING lines in last 100: 0
[2026-04-30 16:17:48] === Monitor check complete ===
[2026-04-30 16:27:48] === Monitor check ===
[2026-04-30 16:27:48] Job 'finetune_k562plus10_striped_maskonly_3' is running (ID=1672852, state=RUNNING).
[2026-04-30 16:27:48] WARNING lines in last 100: 0
[2026-04-30 16:27:48] === Monitor check complete ===
[2026-04-30 16:37:48] === Monitor check ===
[2026-04-30 16:37:48] Job 'finetune_k562plus10_striped_maskonly_3' is not running.
[2026-04-30 16:37:48] Latest output file: /data1/lesliec/sarthak/caduceus/jobs/1672852-finetune_k562plus10_striped_maskonly_3.out
[2026-04-30 16:37:48] Using checkpoint: /data1/lesliec/sarthak/caduceus/outputs/2026-04-28/13-07-10-439671/checkpoints/01-step=10000.ckpt
[2026-04-30 16:37:48] Submitting: seed=2228  ckpt=/data1/lesliec/sarthak/caduceus/outputs/2026-04-28/13-07-10-439671/checkpoints/01-step=10000.ckpt
[2026-04-30 16:37:48] Submitted job 1763602. Incrementing seed to 2229.
[2026-04-30 16:37:48] === Monitor check complete ===
[2026-04-30 16:47:48] === Monitor check ===
[2026-04-30 16:47:48] Job 'finetune_k562plus10_striped_maskonly_3' is running (ID=1763602, state=RUNNING).
[2026-04-30 16:47:48] WARNING lines in last 100: 0
[2026-04-30 16:47:48] === Monitor check complete ===
[2026-04-30 16:57:48] === Monitor check ===
[2026-04-30 16:57:48] Job 'finetune_k562plus10_striped_maskonly_3' is running (ID=1763602, state=RUNNING).
[2026-04-30 16:57:48] WARNING lines in last 100: 0
[2026-04-30 16:57:48] === Monitor check complete ===
[2026-04-30 17:07:48] === Monitor check ===
[2026-04-30 17:07:48] Job 'finetune_k562plus10_striped_maskonly_3' is running (ID=1763602, state=RUNNING).
[2026-04-30 17:07:48] WARNING lines in last 100: 0
[2026-04-30 17:07:48] === Monitor check complete ===
[2026-04-30 17:17:48] === Monitor check ===
[2026-04-30 17:17:48] Job 'finetune_k562plus10_striped_maskonly_3' is running (ID=1763602, state=RUNNING).
[2026-04-30 17:17:48] WARNING lines in last 100: 0
[2026-04-30 17:17:48] === Monitor check complete ===
[2026-04-30 17:27:48] === Monitor check ===
[2026-04-30 17:27:49] Job 'finetune_k562plus10_striped_maskonly_3' is running (ID=1763602, state=RUNNING).
[2026-04-30 17:27:49] WARNING lines in last 100: 0
[2026-04-30 17:27:49] === Monitor check complete ===
[2026-04-30 17:37:49] === Monitor check ===
[2026-04-30 17:37:49] Job 'finetune_k562plus10_striped_maskonly_3' is running (ID=1763602, state=RUNNING).
[2026-04-30 17:37:49] WARNING lines in last 100: 0
[2026-04-30 17:37:49] === Monitor check complete ===
[2026-04-30 17:47:49] === Monitor check ===
[2026-04-30 17:47:49] Job 'finetune_k562plus10_striped_maskonly_3' is not running.
[2026-04-30 17:47:49] Latest output file: /data1/lesliec/sarthak/caduceus/jobs/1763602-finetune_k562plus10_striped_maskonly_3.out
[2026-04-30 17:47:49] Using checkpoint: /data1/lesliec/sarthak/caduceus/outputs/2026-04-28/13-07-10-439671/checkpoints/01-step=10000.ckpt
[2026-04-30 17:47:49] Submitting: seed=2229  ckpt=/data1/lesliec/sarthak/caduceus/outputs/2026-04-28/13-07-10-439671/checkpoints/01-step=10000.ckpt
[2026-04-30 17:47:49] Submitted job 1771259. Incrementing seed to 2230.
[2026-04-30 17:47:49] === Monitor check complete ===
[2026-04-30 17:57:49] === Monitor check ===
[2026-04-30 17:57:49] Job 'finetune_k562plus10_striped_maskonly_3' is running (ID=1771259, state=RUNNING).
[2026-04-30 17:57:49] WARNING lines in last 100: 0
[2026-04-30 17:57:49] === Monitor check complete ===
[2026-04-30 18:07:49] === Monitor check ===
[2026-04-30 18:07:49] Job 'finetune_k562plus10_striped_maskonly_3' is running (ID=1771259, state=RUNNING).
[2026-04-30 18:07:49] WARNING lines in last 100: 0
[2026-04-30 18:07:49] === Monitor check complete ===
[2026-04-30 18:17:49] === Monitor check ===
[2026-04-30 18:17:49] Job 'finetune_k562plus10_striped_maskonly_3' is running (ID=1771259, state=RUNNING).
[2026-04-30 18:17:49] WARNING lines in last 100: 0
[2026-04-30 18:17:49] === Monitor check complete ===
[2026-04-30 18:27:49] === Monitor check ===
[2026-04-30 18:27:49] Job 'finetune_k562plus10_striped_maskonly_3' is running (ID=1771259, state=RUNNING).
[2026-04-30 18:27:49] WARNING lines in last 100: 0
[2026-04-30 18:27:49] === Monitor check complete ===
[2026-04-30 18:37:49] === Monitor check ===
[2026-04-30 18:37:49] Job 'finetune_k562plus10_striped_maskonly_3' is running (ID=1771259, state=RUNNING).
[2026-04-30 18:37:50] WARNING lines in last 100: 0
[2026-04-30 18:37:50] === Monitor check complete ===
[2026-04-30 18:47:50] === Monitor check ===
[2026-04-30 18:47:50] Job 'finetune_k562plus10_striped_maskonly_3' is running (ID=1771259, state=RUNNING).
[2026-04-30 18:47:50] WARNING lines in last 100: 0
[2026-04-30 18:47:50] === Monitor check complete ===
[2026-04-30 18:57:50] === Monitor check ===
[2026-04-30 18:57:50] Job 'finetune_k562plus10_striped_maskonly_3' is running (ID=1771259, state=RUNNING).
[2026-04-30 18:57:50] WARNING lines in last 100: 0
[2026-04-30 18:57:50] === Monitor check complete ===
[2026-04-30 19:07:50] === Monitor check ===
[2026-04-30 19:07:50] Job 'finetune_k562plus10_striped_maskonly_3' is running (ID=1771259, state=RUNNING).
[2026-04-30 19:07:50] WARNING lines in last 100: 0
[2026-04-30 19:07:50] === Monitor check complete ===
[2026-04-30 19:17:50] === Monitor check ===
[2026-04-30 19:17:50] Job 'finetune_k562plus10_striped_maskonly_3' is running (ID=1771259, state=RUNNING).
[2026-04-30 19:17:50] WARNING lines in last 100: 0
[2026-04-30 19:17:50] === Monitor check complete ===
[2026-04-30 19:27:50] === Monitor check ===
[2026-04-30 19:27:50] Job 'finetune_k562plus10_striped_maskonly_3' is running (ID=1771259, state=RUNNING).
[2026-04-30 19:27:50] WARNING lines in last 100: 0
[2026-04-30 19:27:50] === Monitor check complete ===
[2026-04-30 19:37:50] === Monitor check ===
[2026-04-30 19:37:50] Job 'finetune_k562plus10_striped_maskonly_3' is running (ID=1771259, state=RUNNING).
[2026-04-30 19:37:50] WARNING lines in last 100: 0
[2026-04-30 19:37:50] === Monitor check complete ===
[2026-04-30 19:47:50] === Monitor check ===
[2026-04-30 19:47:50] Job 'finetune_k562plus10_striped_maskonly_3' is running (ID=1771259, state=RUNNING).
[2026-04-30 19:47:50] WARNING lines in last 100: 0
[2026-04-30 19:47:50] === Monitor check complete ===
[2026-04-30 19:57:50] === Monitor check ===
[2026-04-30 19:57:50] Job 'finetune_k562plus10_striped_maskonly_3' is running (ID=1771259, state=RUNNING).
[2026-04-30 19:57:50] WARNING lines in last 100: 0
[2026-04-30 19:57:50] === Monitor check complete ===
[2026-04-30 20:07:50] === Monitor check ===
[2026-04-30 20:07:51] Job 'finetune_k562plus10_striped_maskonly_3' is running (ID=1771259, state=RUNNING).
[2026-04-30 20:07:51] WARNING lines in last 100: 0
[2026-04-30 20:07:51] === Monitor check complete ===
[2026-04-30 20:17:51] === Monitor check ===
[2026-04-30 20:17:51] Job 'finetune_k562plus10_striped_maskonly_3' is running (ID=1771259, state=RUNNING).
[2026-04-30 20:17:51] WARNING lines in last 100: 0
[2026-04-30 20:17:51] === Monitor check complete ===
[2026-04-30 20:27:51] === Monitor check ===
[2026-04-30 20:27:51] Job 'finetune_k562plus10_striped_maskonly_3' is running (ID=1771259, state=RUNNING).
[2026-04-30 20:27:51] WARNING lines in last 100: 0
[2026-04-30 20:27:51] === Monitor check complete ===
[2026-04-30 20:37:51] === Monitor check ===
[2026-04-30 20:37:51] Job 'finetune_k562plus10_striped_maskonly_3' is running (ID=1771259, state=RUNNING).
[2026-04-30 20:37:51] WARNING lines in last 100: 0
[2026-04-30 20:37:51] === Monitor check complete ===
[2026-04-30 20:47:51] === Monitor check ===
[2026-04-30 20:47:51] Job 'finetune_k562plus10_striped_maskonly_3' is running (ID=1771259, state=RUNNING).
[2026-04-30 20:47:51] WARNING lines in last 100: 0
[2026-04-30 20:47:51] === Monitor check complete ===
[2026-04-30 20:57:51] === Monitor check ===
[2026-04-30 20:57:51] Job 'finetune_k562plus10_striped_maskonly_3' is running (ID=1771259, state=RUNNING).
[2026-04-30 20:57:51] WARNING lines in last 100: 0
[2026-04-30 20:57:51] === Monitor check complete ===
[2026-04-30 21:07:51] === Monitor check ===
[2026-04-30 21:07:51] Job 'finetune_k562plus10_striped_maskonly_3' is running (ID=1771259, state=RUNNING).
[2026-04-30 21:07:51] WARNING lines in last 100: 0
[2026-04-30 21:07:51] === Monitor check complete ===
[2026-04-30 21:17:51] === Monitor check ===
[2026-04-30 21:17:52] Job 'finetune_k562plus10_striped_maskonly_3' is running (ID=1771259, state=RUNNING).
[2026-04-30 21:17:52] WARNING lines in last 100: 0
[2026-04-30 21:17:52] === Monitor check complete ===
[2026-04-30 21:27:52] === Monitor check ===
[2026-04-30 21:27:52] Job 'finetune_k562plus10_striped_maskonly_3' is running (ID=1771259, state=RUNNING).
[2026-04-30 21:27:52] WARNING lines in last 100: 0
[2026-04-30 21:27:52] === Monitor check complete ===
[2026-04-30 21:37:52] === Monitor check ===
[2026-04-30 21:37:52] Job 'finetune_k562plus10_striped_maskonly_3' is running (ID=1771259, state=RUNNING).
[2026-04-30 21:37:52] WARNING lines in last 100: 0
[2026-04-30 21:37:52] === Monitor check complete ===
[2026-04-30 21:47:52] === Monitor check ===
[2026-04-30 21:47:52] Job 'finetune_k562plus10_striped_maskonly_3' is running (ID=1771259, state=RUNNING).
[2026-04-30 21:47:52] WARNING lines in last 100: 0
[2026-04-30 21:47:52] === Monitor check complete ===
[2026-04-30 21:57:52] === Monitor check ===
[2026-04-30 21:57:52] Job 'finetune_k562plus10_striped_maskonly_3' is running (ID=1771259, state=RUNNING).
[2026-04-30 21:57:52] WARNING lines in last 100: 0
[2026-04-30 21:57:52] === Monitor check complete ===
[2026-04-30 22:07:52] === Monitor check ===
[2026-04-30 22:07:52] Job 'finetune_k562plus10_striped_maskonly_3' is running (ID=1771259, state=RUNNING).
[2026-04-30 22:07:52] WARNING lines in last 100: 0
[2026-04-30 22:07:52] === Monitor check complete ===
[2026-04-30 22:17:52] === Monitor check ===
[2026-04-30 22:17:52] Job 'finetune_k562plus10_striped_maskonly_3' is running (ID=1771259, state=RUNNING).
[2026-04-30 22:17:53] WARNING lines in last 100: 0
[2026-04-30 22:17:53] === Monitor check complete ===
[2026-04-30 22:27:53] === Monitor check ===
[2026-04-30 22:27:53] Job 'finetune_k562plus10_striped_maskonly_3' is running (ID=1771259, state=RUNNING).
[2026-04-30 22:27:53] WARNING lines in last 100: 0
[2026-04-30 22:27:53] === Monitor check complete ===
[2026-04-30 22:37:53] === Monitor check ===
[2026-04-30 22:37:53] Job 'finetune_k562plus10_striped_maskonly_3' is running (ID=1771259, state=RUNNING).
[2026-04-30 22:37:53] WARNING lines in last 100: 0
[2026-04-30 22:37:53] === Monitor check complete ===
[2026-04-30 22:47:53] === Monitor check ===
[2026-04-30 22:47:53] Job 'finetune_k562plus10_striped_maskonly_3' is running (ID=1771259, state=RUNNING).
[2026-04-30 22:47:53] WARNING lines in last 100: 0
[2026-04-30 22:47:53] === Monitor check complete ===
[2026-04-30 22:57:53] === Monitor check ===
[2026-04-30 22:57:53] Job 'finetune_k562plus10_striped_maskonly_3' is running (ID=1771259, state=RUNNING).
[2026-04-30 22:57:53] WARNING lines in last 100: 0
[2026-04-30 22:57:53] === Monitor check complete ===
[2026-04-30 23:07:53] === Monitor check ===
[2026-04-30 23:07:53] Job 'finetune_k562plus10_striped_maskonly_3' is running (ID=1771259, state=RUNNING).
[2026-04-30 23:07:53] WARNING lines in last 100: 0
[2026-04-30 23:07:53] === Monitor check complete ===
[2026-04-30 23:17:53] === Monitor check ===
[2026-04-30 23:17:53] Job 'finetune_k562plus10_striped_maskonly_3' is running (ID=1771259, state=RUNNING).
[2026-04-30 23:17:53] WARNING lines in last 100: 0
[2026-04-30 23:17:53] === Monitor check complete ===
[2026-04-30 23:27:54] === Monitor check ===
[2026-04-30 23:27:54] Job 'finetune_k562plus10_striped_maskonly_3' is running (ID=1771259, state=RUNNING).
[2026-04-30 23:27:54] WARNING lines in last 100: 0
[2026-04-30 23:27:54] === Monitor check complete ===
[2026-04-30 23:37:54] === Monitor check ===
[2026-04-30 23:37:54] Job 'finetune_k562plus10_striped_maskonly_3' is running (ID=1771259, state=RUNNING).
[2026-04-30 23:37:54] WARNING lines in last 100: 0
[2026-04-30 23:37:54] === Monitor check complete ===
[2026-04-30 23:47:54] === Monitor check ===
[2026-04-30 23:47:54] Job 'finetune_k562plus10_striped_maskonly_3' is running (ID=1771259, state=RUNNING).
[2026-04-30 23:47:54] WARNING lines in last 100: 0
[2026-04-30 23:47:54] === Monitor check complete ===
[2026-04-30 23:57:54] === Monitor check ===
[2026-04-30 23:57:54] Job 'finetune_k562plus10_striped_maskonly_3' is running (ID=1771259, state=RUNNING).
[2026-04-30 23:57:54] WARNING lines in last 100: 0
[2026-04-30 23:57:54] === Monitor check complete ===
[2026-05-01 00:07:54] === Monitor check ===
[2026-05-01 00:07:54] Job 'finetune_k562plus10_striped_maskonly_3' is running (ID=1771259, state=RUNNING).
[2026-05-01 00:07:54] WARNING lines in last 100: 0
[2026-05-01 00:07:54] === Monitor check complete ===
[2026-05-01 00:17:54] === Monitor check ===
[2026-05-01 00:17:54] Job 'finetune_k562plus10_striped_maskonly_3' is running (ID=1771259, state=RUNNING).
[2026-05-01 00:17:54] WARNING lines in last 100: 0
[2026-05-01 00:17:54] === Monitor check complete ===
[2026-05-01 00:27:54] === Monitor check ===
[2026-05-01 00:27:55] Job 'finetune_k562plus10_striped_maskonly_3' is running (ID=1771259, state=RUNNING).
[2026-05-01 00:27:55] WARNING lines in last 100: 0
[2026-05-01 00:27:55] === Monitor check complete ===
[2026-05-01 00:37:55] === Monitor check ===
[2026-05-01 00:37:55] Job 'finetune_k562plus10_striped_maskonly_3' is running (ID=1771259, state=RUNNING).
[2026-05-01 00:37:55] WARNING lines in last 100: 0
[2026-05-01 00:37:55] === Monitor check complete ===
[2026-05-01 00:47:55] === Monitor check ===
[2026-05-01 00:47:55] Job 'finetune_k562plus10_striped_maskonly_3' is running (ID=1771259, state=RUNNING).
[2026-05-01 00:47:55] WARNING lines in last 100: 0
[2026-05-01 00:47:55] === Monitor check complete ===
[2026-05-01 00:57:55] === Monitor check ===
[2026-05-01 00:57:55] Job 'finetune_k562plus10_striped_maskonly_3' is running (ID=1771259, state=RUNNING).
[2026-05-01 00:57:55] WARNING lines in last 100: 0
[2026-05-01 00:57:55] === Monitor check complete ===
[2026-05-01 01:07:55] === Monitor check ===
[2026-05-01 01:07:55] Job 'finetune_k562plus10_striped_maskonly_3' is running (ID=1771259, state=RUNNING).
[2026-05-01 01:07:55] WARNING lines in last 100: 0
[2026-05-01 01:07:55] === Monitor check complete ===
[2026-05-01 01:17:55] === Monitor check ===
[2026-05-01 01:17:56] Job 'finetune_k562plus10_striped_maskonly_3' is running (ID=1771259, state=RUNNING).
[2026-05-01 01:17:56] WARNING lines in last 100: 0
[2026-05-01 01:17:56] === Monitor check complete ===
[2026-05-01 01:27:56] === Monitor check ===
[2026-05-01 01:27:56] Job 'finetune_k562plus10_striped_maskonly_3' is running (ID=1771259, state=RUNNING).
[2026-05-01 01:27:56] WARNING lines in last 100: 0
[2026-05-01 01:27:56] === Monitor check complete ===
[2026-05-01 01:37:56] === Monitor check ===
[2026-05-01 01:37:56] Job 'finetune_k562plus10_striped_maskonly_3' is running (ID=1771259, state=RUNNING).
[2026-05-01 01:37:56] WARNING lines in last 100: 0
[2026-05-01 01:37:56] === Monitor check complete ===
[2026-05-01 01:47:56] === Monitor check ===
[2026-05-01 01:47:56] Job 'finetune_k562plus10_striped_maskonly_3' is running (ID=1771259, state=RUNNING).
[2026-05-01 01:47:56] WARNING lines in last 100: 0
[2026-05-01 01:47:56] === Monitor check complete ===
[2026-05-01 01:57:56] === Monitor check ===
[2026-05-01 01:57:56] Job 'finetune_k562plus10_striped_maskonly_3' is running (ID=1771259, state=RUNNING).
[2026-05-01 01:57:56] WARNING lines in last 100: 0
[2026-05-01 01:57:56] === Monitor check complete ===
[2026-05-01 02:07:56] === Monitor check ===
[2026-05-01 02:07:56] Job 'finetune_k562plus10_striped_maskonly_3' is running (ID=1771259, state=RUNNING).
[2026-05-01 02:07:57] WARNING lines in last 100: 0
[2026-05-01 02:07:57] === Monitor check complete ===
[2026-05-01 02:17:57] === Monitor check ===
[2026-05-01 02:17:57] Job 'finetune_k562plus10_striped_maskonly_3' is running (ID=1771259, state=RUNNING).
[2026-05-01 02:17:57] WARNING lines in last 100: 0
[2026-05-01 02:17:57] === Monitor check complete ===
[2026-05-01 02:27:57] === Monitor check ===
[2026-05-01 02:27:57] Job 'finetune_k562plus10_striped_maskonly_3' is running (ID=1771259, state=RUNNING).
[2026-05-01 02:27:57] WARNING lines in last 100: 0
[2026-05-01 02:27:58] === Monitor check complete ===
[2026-05-01 02:37:58] === Monitor check ===
[2026-05-01 02:37:58] Job 'finetune_k562plus10_striped_maskonly_3' is running (ID=1771259, state=RUNNING).
[2026-05-01 02:37:58] WARNING lines in last 100: 0
[2026-05-01 02:37:58] === Monitor check complete ===
[2026-05-01 02:47:58] === Monitor check ===
[2026-05-01 02:47:58] Job 'finetune_k562plus10_striped_maskonly_3' is running (ID=1771259, state=RUNNING).
[2026-05-01 02:47:58] WARNING lines in last 100: 0
[2026-05-01 02:47:58] === Monitor check complete ===
[2026-05-01 02:57:58] === Monitor check ===
[2026-05-01 02:57:58] Job 'finetune_k562plus10_striped_maskonly_3' is running (ID=1771259, state=RUNNING).
[2026-05-01 02:57:58] WARNING lines in last 100: 0
[2026-05-01 02:57:58] === Monitor check complete ===
[2026-05-01 03:07:58] === Monitor check ===
[2026-05-01 03:07:58] Job 'finetune_k562plus10_striped_maskonly_3' is running (ID=1771259, state=RUNNING).
[2026-05-01 03:07:58] WARNING lines in last 100: 0
[2026-05-01 03:07:58] === Monitor check complete ===
[2026-05-01 03:17:58] === Monitor check ===
[2026-05-01 03:17:58] Job 'finetune_k562plus10_striped_maskonly_3' is running (ID=1771259, state=RUNNING).
[2026-05-01 03:17:59] WARNING lines in last 100: 0
[2026-05-01 03:17:59] === Monitor check complete ===
[2026-05-01 03:27:59] === Monitor check ===
[2026-05-01 03:27:59] Job 'finetune_k562plus10_striped_maskonly_3' is running (ID=1771259, state=RUNNING).
[2026-05-01 03:27:59] WARNING lines in last 100: 0
[2026-05-01 03:27:59] === Monitor check complete ===
[2026-05-01 03:37:59] === Monitor check ===
[2026-05-01 03:37:59] Job 'finetune_k562plus10_striped_maskonly_3' is running (ID=1771259, state=RUNNING).
[2026-05-01 03:37:59] WARNING lines in last 100: 0
[2026-05-01 03:37:59] === Monitor check complete ===
[2026-05-01 03:47:59] === Monitor check ===
[2026-05-01 03:47:59] Job 'finetune_k562plus10_striped_maskonly_3' is running (ID=1771259, state=RUNNING).
[2026-05-01 03:47:59] WARNING lines in last 100: 0
[2026-05-01 03:47:59] === Monitor check complete ===
[2026-05-01 03:57:59] === Monitor check ===
[2026-05-01 03:57:59] Job 'finetune_k562plus10_striped_maskonly_3' is running (ID=1771259, state=RUNNING).
[2026-05-01 03:58:00] WARNING lines in last 100: 0
[2026-05-01 03:58:00] === Monitor check complete ===
[2026-05-01 04:08:00] === Monitor check ===
[2026-05-01 04:08:00] Job 'finetune_k562plus10_striped_maskonly_3' is running (ID=1771259, state=RUNNING).
[2026-05-01 04:08:00] WARNING lines in last 100: 0
[2026-05-01 04:08:00] === Monitor check complete ===
[2026-05-01 04:18:00] === Monitor check ===
[2026-05-01 04:18:00] Job 'finetune_k562plus10_striped_maskonly_3' is running (ID=1771259, state=RUNNING).
[2026-05-01 04:18:00] WARNING lines in last 100: 0
[2026-05-01 04:18:00] === Monitor check complete ===
[2026-05-01 04:28:00] === Monitor check ===
[2026-05-01 04:28:00] Job 'finetune_k562plus10_striped_maskonly_3' is running (ID=1771259, state=RUNNING).
[2026-05-01 04:28:00] WARNING lines in last 100: 0
[2026-05-01 04:28:00] === Monitor check complete ===
[2026-05-01 04:38:00] === Monitor check ===
[2026-05-01 04:38:00] Job 'finetune_k562plus10_striped_maskonly_3' is running (ID=1771259, state=RUNNING).
[2026-05-01 04:38:01] WARNING lines in last 100: 0
[2026-05-01 04:38:01] === Monitor check complete ===
[2026-05-01 04:48:01] === Monitor check ===
[2026-05-01 04:48:01] Job 'finetune_k562plus10_striped_maskonly_3' is running (ID=1771259, state=RUNNING).
[2026-05-01 04:48:01] WARNING lines in last 100: 0
[2026-05-01 04:48:01] === Monitor check complete ===
[2026-05-01 04:58:01] === Monitor check ===
[2026-05-01 04:58:01] Job 'finetune_k562plus10_striped_maskonly_3' is running (ID=1771259, state=RUNNING).
[2026-05-01 04:58:01] WARNING lines in last 100: 0
[2026-05-01 04:58:01] === Monitor check complete ===
[2026-05-01 05:08:01] === Monitor check ===
[2026-05-01 05:08:01] Job 'finetune_k562plus10_striped_maskonly_3' is running (ID=1771259, state=RUNNING).
[2026-05-01 05:08:01] WARNING lines in last 100: 0
[2026-05-01 05:08:01] === Monitor check complete ===
[2026-05-01 05:18:01] === Monitor check ===
[2026-05-01 05:18:01] Job 'finetune_k562plus10_striped_maskonly_3' is running (ID=1771259, state=RUNNING).
[2026-05-01 05:18:01] WARNING lines in last 100: 0
[2026-05-01 05:18:01] === Monitor check complete ===
[2026-05-01 05:28:01] === Monitor check ===
[2026-05-01 05:28:02] Job 'finetune_k562plus10_striped_maskonly_3' is running (ID=1771259, state=RUNNING).
[2026-05-01 05:28:02] WARNING lines in last 100: 0
[2026-05-01 05:28:02] === Monitor check complete ===
[2026-05-01 05:38:02] === Monitor check ===
[2026-05-01 05:38:02] Job 'finetune_k562plus10_striped_maskonly_3' is running (ID=1771259, state=RUNNING).
[2026-05-01 05:38:02] WARNING lines in last 100: 0
[2026-05-01 05:38:02] === Monitor check complete ===
[2026-05-01 05:48:02] === Monitor check ===
[2026-05-01 05:48:02] Job 'finetune_k562plus10_striped_maskonly_3' is running (ID=1771259, state=RUNNING).
[2026-05-01 05:48:02] WARNING lines in last 100: 0
[2026-05-01 05:48:02] === Monitor check complete ===
[2026-05-01 05:58:02] === Monitor check ===
[2026-05-01 05:58:02] Job 'finetune_k562plus10_striped_maskonly_3' is running (ID=1771259, state=RUNNING).
[2026-05-01 05:58:02] WARNING lines in last 100: 0
[2026-05-01 05:58:02] === Monitor check complete ===
[2026-05-01 06:08:02] === Monitor check ===
[2026-05-01 06:08:02] Job 'finetune_k562plus10_striped_maskonly_3' is running (ID=1771259, state=RUNNING).
[2026-05-01 06:08:03] WARNING lines in last 100: 0
[2026-05-01 06:08:03] === Monitor check complete ===
[2026-05-01 06:18:03] === Monitor check ===
[2026-05-01 06:18:03] Job 'finetune_k562plus10_striped_maskonly_3' is running (ID=1771259, state=RUNNING).
[2026-05-01 06:18:03] WARNING lines in last 100: 0
[2026-05-01 06:18:03] === Monitor check complete ===
[2026-05-01 06:28:03] === Monitor check ===
[2026-05-01 06:28:03] Job 'finetune_k562plus10_striped_maskonly_3' is running (ID=1771259, state=RUNNING).
[2026-05-01 06:28:03] WARNING lines in last 100: 0
[2026-05-01 06:28:03] === Monitor check complete ===
[2026-05-01 06:38:03] === Monitor check ===
[2026-05-01 06:38:03] Job 'finetune_k562plus10_striped_maskonly_3' is running (ID=1771259, state=RUNNING).
[2026-05-01 06:38:03] WARNING lines in last 100: 0
[2026-05-01 06:38:03] === Monitor check complete ===
[2026-05-01 06:48:03] === Monitor check ===
[2026-05-01 06:48:03] Job 'finetune_k562plus10_striped_maskonly_3' is running (ID=1771259, state=RUNNING).
[2026-05-01 06:48:04] WARNING lines in last 100: 0
[2026-05-01 06:48:04] === Monitor check complete ===
[2026-05-01 06:58:04] === Monitor check ===
[2026-05-01 06:58:04] Job 'finetune_k562plus10_striped_maskonly_3' is running (ID=1771259, state=RUNNING).
[2026-05-01 06:58:04] WARNING lines in last 100: 0
[2026-05-01 06:58:04] === Monitor check complete ===
[2026-05-01 07:08:04] === Monitor check ===
[2026-05-01 07:08:04] Job 'finetune_k562plus10_striped_maskonly_3' is running (ID=1771259, state=RUNNING).
[2026-05-01 07:08:04] WARNING lines in last 100: 0
[2026-05-01 07:08:04] === Monitor check complete ===
[2026-05-01 07:18:04] === Monitor check ===
[2026-05-01 07:18:04] Job 'finetune_k562plus10_striped_maskonly_3' is running (ID=1771259, state=RUNNING).
[2026-05-01 07:18:04] WARNING lines in last 100: 0
[2026-05-01 07:18:04] === Monitor check complete ===
[2026-05-01 07:28:04] === Monitor check ===
[2026-05-01 07:28:04] Job 'finetune_k562plus10_striped_maskonly_3' is running (ID=1771259, state=RUNNING).
[2026-05-01 07:28:05] WARNING lines in last 100: 0
[2026-05-01 07:28:05] === Monitor check complete ===
[2026-05-01 07:38:05] === Monitor check ===
[2026-05-01 07:38:05] Job 'finetune_k562plus10_striped_maskonly_3' is running (ID=1771259, state=RUNNING).
[2026-05-01 07:38:05] WARNING lines in last 100: 0
[2026-05-01 07:38:05] === Monitor check complete ===
[2026-05-01 07:48:05] === Monitor check ===
[2026-05-01 07:48:05] Job 'finetune_k562plus10_striped_maskonly_3' is running (ID=1771259, state=RUNNING).
[2026-05-01 07:48:05] WARNING lines in last 100: 0
[2026-05-01 07:48:05] === Monitor check complete ===
[2026-05-01 07:58:05] === Monitor check ===
[2026-05-01 07:58:05] Job 'finetune_k562plus10_striped_maskonly_3' is running (ID=1771259, state=RUNNING).
[2026-05-01 07:58:05] WARNING lines in last 100: 0
[2026-05-01 07:58:05] === Monitor check complete ===
[2026-05-01 08:08:05] === Monitor check ===
[2026-05-01 08:08:05] Job 'finetune_k562plus10_striped_maskonly_3' is running (ID=1771259, state=RUNNING).
[2026-05-01 08:08:05] WARNING lines in last 100: 0
[2026-05-01 08:08:05] === Monitor check complete ===
[2026-05-01 08:18:05] === Monitor check ===
[2026-05-01 08:18:06] Job 'finetune_k562plus10_striped_maskonly_3' is running (ID=1771259, state=RUNNING).
[2026-05-01 08:18:06] WARNING lines in last 100: 0
[2026-05-01 08:18:06] === Monitor check complete ===
[2026-05-01 08:28:06] === Monitor check ===
[2026-05-01 08:28:06] Job 'finetune_k562plus10_striped_maskonly_3' is running (ID=1771259, state=RUNNING).
[2026-05-01 08:28:06] WARNING lines in last 100: 0
[2026-05-01 08:28:06] === Monitor check complete ===
[2026-05-01 08:38:06] === Monitor check ===
[2026-05-01 08:38:06] Job 'finetune_k562plus10_striped_maskonly_3' is running (ID=1771259, state=RUNNING).
[2026-05-01 08:38:06] WARNING lines in last 100: 0
[2026-05-01 08:38:06] === Monitor check complete ===
[2026-05-01 08:48:06] === Monitor check ===
[2026-05-01 08:48:06] Job 'finetune_k562plus10_striped_maskonly_3' is running (ID=1771259, state=RUNNING).
[2026-05-01 08:48:07] WARNING lines in last 100: 0
[2026-05-01 08:48:07] === Monitor check complete ===
[2026-05-01 08:58:07] === Monitor check ===
[2026-05-01 08:58:07] Job 'finetune_k562plus10_striped_maskonly_3' is running (ID=1771259, state=RUNNING).
[2026-05-01 08:58:07] WARNING lines in last 100: 0
[2026-05-01 08:58:07] === Monitor check complete ===
[2026-05-01 09:08:07] === Monitor check ===
[2026-05-01 09:08:07] Job 'finetune_k562plus10_striped_maskonly_3' is running (ID=1771259, state=RUNNING).
[2026-05-01 09:08:07] WARNING lines in last 100: 0
[2026-05-01 09:08:07] === Monitor check complete ===
[2026-05-01 09:18:07] === Monitor check ===
[2026-05-01 09:18:07] Job 'finetune_k562plus10_striped_maskonly_3' is running (ID=1771259, state=RUNNING).
[2026-05-01 09:18:07] WARNING lines in last 100: 0
[2026-05-01 09:18:07] === Monitor check complete ===
[2026-05-01 09:28:07] === Monitor check ===
[2026-05-01 09:28:07] Job 'finetune_k562plus10_striped_maskonly_3' is running (ID=1771259, state=RUNNING).
[2026-05-01 09:28:08] WARNING lines in last 100: 0
[2026-05-01 09:28:08] === Monitor check complete ===
[2026-05-01 09:38:08] === Monitor check ===
[2026-05-01 09:38:08] Job 'finetune_k562plus10_striped_maskonly_3' is running (ID=1771259, state=RUNNING).
[2026-05-01 09:38:08] WARNING lines in last 100: 0
[2026-05-01 09:38:08] === Monitor check complete ===
[2026-05-01 09:48:08] === Monitor check ===
[2026-05-01 09:48:08] Job 'finetune_k562plus10_striped_maskonly_3' is running (ID=1771259, state=RUNNING).
[2026-05-01 09:48:08] WARNING lines in last 100: 0
[2026-05-01 09:48:08] === Monitor check complete ===
[2026-05-01 09:58:08] === Monitor check ===
[2026-05-01 09:58:08] Job 'finetune_k562plus10_striped_maskonly_3' is running (ID=1771259, state=RUNNING).
[2026-05-01 09:58:08] WARNING lines in last 100: 0
[2026-05-01 09:58:08] === Monitor check complete ===
[2026-05-01 10:08:08] === Monitor check ===
[2026-05-01 10:08:09] Job 'finetune_k562plus10_striped_maskonly_3' is running (ID=1771259, state=RUNNING).
[2026-05-01 10:08:09] WARNING lines in last 100: 0
[2026-05-01 10:08:09] === Monitor check complete ===
[2026-05-01 10:18:09] === Monitor check ===
[2026-05-01 10:18:09] Job 'finetune_k562plus10_striped_maskonly_3' is running (ID=1771259, state=RUNNING).
[2026-05-01 10:18:09] WARNING lines in last 100: 0
[2026-05-01 10:18:09] === Monitor check complete ===
[2026-05-01 10:28:09] === Monitor check ===
[2026-05-01 10:28:09] Job 'finetune_k562plus10_striped_maskonly_3' is running (ID=1771259, state=RUNNING).
[2026-05-01 10:28:09] WARNING lines in last 100: 0
[2026-05-01 10:28:09] === Monitor check complete ===
[2026-05-01 10:38:09] === Monitor check ===
[2026-05-01 10:38:09] Job 'finetune_k562plus10_striped_maskonly_3' is running (ID=1771259, state=RUNNING).
[2026-05-01 10:38:09] WARNING lines in last 100: 0
[2026-05-01 10:38:09] === Monitor check complete ===
[2026-05-01 10:48:09] === Monitor check ===
[2026-05-01 10:48:10] Job 'finetune_k562plus10_striped_maskonly_3' is running (ID=1771259, state=RUNNING).
[2026-05-01 10:48:10] WARNING lines in last 100: 0
[2026-05-01 10:48:10] === Monitor check complete ===
[2026-05-01 10:58:10] === Monitor check ===
[2026-05-01 10:58:10] Job 'finetune_k562plus10_striped_maskonly_3' is running (ID=1771259, state=RUNNING).
[2026-05-01 10:58:10] WARNING lines in last 100: 0
[2026-05-01 10:58:10] === Monitor check complete ===
[2026-05-01 11:08:10] === Monitor check ===
[2026-05-01 11:08:10] Job 'finetune_k562plus10_striped_maskonly_3' is running (ID=1771259, state=RUNNING).
[2026-05-01 11:08:10] WARNING lines in last 100: 0
[2026-05-01 11:08:10] === Monitor check complete ===
[2026-05-01 11:18:10] === Monitor check ===
[2026-05-01 11:18:10] Job 'finetune_k562plus10_striped_maskonly_3' is running (ID=1771259, state=RUNNING).
[2026-05-01 11:18:11] WARNING lines in last 100: 0
[2026-05-01 11:18:11] === Monitor check complete ===
[2026-05-01 11:28:11] === Monitor check ===
[2026-05-01 11:28:11] Job 'finetune_k562plus10_striped_maskonly_3' is running (ID=1771259, state=RUNNING).
[2026-05-01 11:28:11] WARNING lines in last 100: 0
[2026-05-01 11:28:11] === Monitor check complete ===
[2026-05-01 11:38:11] === Monitor check ===
[2026-05-01 11:38:11] Job 'finetune_k562plus10_striped_maskonly_3' is running (ID=1771259, state=RUNNING).
[2026-05-01 11:38:11] WARNING lines in last 100: 0
[2026-05-01 11:38:11] === Monitor check complete ===
[2026-05-01 11:48:11] === Monitor check ===
[2026-05-01 11:48:11] Job 'finetune_k562plus10_striped_maskonly_3' is running (ID=1771259, state=RUNNING).
[2026-05-01 11:48:12] WARNING lines in last 100: 0
[2026-05-01 11:48:12] === Monitor check complete ===
[2026-05-01 11:58:12] === Monitor check ===
[2026-05-01 11:58:12] Job 'finetune_k562plus10_striped_maskonly_3' is running (ID=1771259, state=RUNNING).
[2026-05-01 11:58:12] WARNING lines in last 100: 0
[2026-05-01 11:58:12] === Monitor check complete ===
[2026-05-01 12:08:12] === Monitor check ===
[2026-05-01 12:08:12] Job 'finetune_k562plus10_striped_maskonly_3' is running (ID=1771259, state=RUNNING).
[2026-05-01 12:08:12] WARNING lines in last 100: 0
[2026-05-01 12:08:12] === Monitor check complete ===
[2026-05-01 12:18:12] === Monitor check ===
[2026-05-01 12:18:13] Job 'finetune_k562plus10_striped_maskonly_3' is running (ID=1771259, state=RUNNING).
[2026-05-01 12:18:13] WARNING lines in last 100: 0
[2026-05-01 12:18:13] === Monitor check complete ===
[2026-05-01 12:28:13] === Monitor check ===
[2026-05-01 12:28:13] Job 'finetune_k562plus10_striped_maskonly_3' is running (ID=1771259, state=RUNNING).
[2026-05-01 12:28:13] WARNING lines in last 100: 0
[2026-05-01 12:28:13] === Monitor check complete ===
[2026-05-01 12:38:13] === Monitor check ===
[2026-05-01 12:38:13] Job 'finetune_k562plus10_striped_maskonly_3' is running (ID=1771259, state=RUNNING).
[2026-05-01 12:38:14] WARNING lines in last 100: 0
[2026-05-01 12:38:14] === Monitor check complete ===
[2026-05-01 12:48:14] === Monitor check ===
[2026-05-01 12:48:14] Job 'finetune_k562plus10_striped_maskonly_3' is running (ID=1771259, state=RUNNING).
[2026-05-01 12:48:14] WARNING lines in last 100: 0
[2026-05-01 12:48:14] === Monitor check complete ===
[2026-05-01 12:58:14] === Monitor check ===
[2026-05-01 12:58:14] Job 'finetune_k562plus10_striped_maskonly_3' is running (ID=1771259, state=RUNNING).
[2026-05-01 12:58:14] WARNING lines in last 100: 0
[2026-05-01 12:58:14] === Monitor check complete ===
[2026-05-01 13:08:14] === Monitor check ===
[2026-05-01 13:08:14] Job 'finetune_k562plus10_striped_maskonly_3' is running (ID=1771259, state=RUNNING).
[2026-05-01 13:08:15] WARNING lines in last 100: 0
[2026-05-01 13:08:15] === Monitor check complete ===
[2026-05-01 13:18:15] === Monitor check ===
[2026-05-01 13:18:15] Job 'finetune_k562plus10_striped_maskonly_3' is running (ID=1771259, state=RUNNING).
[2026-05-01 13:18:15] WARNING lines in last 100: 0
[2026-05-01 13:18:15] === Monitor check complete ===
[2026-05-01 13:28:15] === Monitor check ===
[2026-05-01 13:28:15] Job 'finetune_k562plus10_striped_maskonly_3' is running (ID=1771259, state=RUNNING).
[2026-05-01 13:28:15] WARNING lines in last 100: 0
[2026-05-01 13:28:15] === Monitor check complete ===
[2026-05-01 13:38:15] === Monitor check ===
[2026-05-01 13:38:16] Job 'finetune_k562plus10_striped_maskonly_3' is running (ID=1771259, state=RUNNING).
[2026-05-01 13:38:16] WARNING lines in last 100: 0
[2026-05-01 13:38:16] === Monitor check complete ===
[2026-05-01 13:48:16] === Monitor check ===
[2026-05-01 13:48:16] Job 'finetune_k562plus10_striped_maskonly_3' is running (ID=1771259, state=RUNNING).
[2026-05-01 13:48:17] WARNING lines in last 100: 0
[2026-05-01 13:48:17] === Monitor check complete ===
[2026-05-01 13:58:17] === Monitor check ===
[2026-05-01 13:58:17] Job 'finetune_k562plus10_striped_maskonly_3' is running (ID=1771259, state=RUNNING).
[2026-05-01 13:58:17] WARNING lines in last 100: 0
[2026-05-01 13:58:17] === Monitor check complete ===
[2026-05-01 14:08:17] === Monitor check ===
[2026-05-01 14:08:17] Job 'finetune_k562plus10_striped_maskonly_3' is running (ID=1771259, state=RUNNING).
[2026-05-01 14:08:17] WARNING lines in last 100: 0
[2026-05-01 14:08:17] === Monitor check complete ===
[2026-05-01 14:18:17] === Monitor check ===
[2026-05-01 14:18:17] Job 'finetune_k562plus10_striped_maskonly_3' is running (ID=1771259, state=RUNNING).
[2026-05-01 14:18:18] WARNING lines in last 100: 0
[2026-05-01 14:18:18] === Monitor check complete ===
[2026-05-01 14:28:18] === Monitor check ===
[2026-05-01 14:28:18] Job 'finetune_k562plus10_striped_maskonly_3' is running (ID=1771259, state=RUNNING).
[2026-05-01 14:28:18] WARNING lines in last 100: 0
[2026-05-01 14:28:18] === Monitor check complete ===
[2026-05-01 14:38:18] === Monitor check ===
[2026-05-01 14:38:18] Job 'finetune_k562plus10_striped_maskonly_3' is running (ID=1771259, state=RUNNING).
[2026-05-01 14:38:18] WARNING lines in last 100: 0
[2026-05-01 14:38:18] === Monitor check complete ===
[2026-05-01 14:48:18] === Monitor check ===
[2026-05-01 14:48:19] Job 'finetune_k562plus10_striped_maskonly_3' is running (ID=1771259, state=RUNNING).
[2026-05-01 14:48:19] WARNING lines in last 100: 0
[2026-05-01 14:48:19] === Monitor check complete ===
[2026-05-01 14:58:19] === Monitor check ===
[2026-05-01 14:58:19] Job 'finetune_k562plus10_striped_maskonly_3' is running (ID=1771259, state=RUNNING).
[2026-05-01 14:58:19] WARNING lines in last 100: 0
[2026-05-01 14:58:19] === Monitor check complete ===
[2026-05-01 15:08:19] === Monitor check ===
[2026-05-01 15:08:20] Job 'finetune_k562plus10_striped_maskonly_3' is running (ID=1771259, state=RUNNING).
[2026-05-01 15:08:20] WARNING lines in last 100: 0
[2026-05-01 15:08:20] === Monitor check complete ===
[2026-05-01 15:18:20] === Monitor check ===
[2026-05-01 15:18:20] Job 'finetune_k562plus10_striped_maskonly_3' is running (ID=1771259, state=RUNNING).
[2026-05-01 15:18:21] WARNING lines in last 100: 0
[2026-05-01 15:18:21] === Monitor check complete ===
[2026-05-01 15:28:21] === Monitor check ===
[2026-05-01 15:28:21] Job 'finetune_k562plus10_striped_maskonly_3' is running (ID=1771259, state=RUNNING).
[2026-05-01 15:28:21] WARNING lines in last 100: 0
[2026-05-01 15:28:21] === Monitor check complete ===
[2026-05-01 15:38:21] === Monitor check ===
[2026-05-01 15:38:21] Job 'finetune_k562plus10_striped_maskonly_3' is running (ID=1771259, state=RUNNING).
[2026-05-01 15:38:21] WARNING lines in last 100: 0
[2026-05-01 15:38:21] === Monitor check complete ===
[2026-05-01 15:48:21] === Monitor check ===
[2026-05-01 15:48:21] Job 'finetune_k562plus10_striped_maskonly_3' is running (ID=1771259, state=RUNNING).
[2026-05-01 15:48:22] WARNING lines in last 100: 0
[2026-05-01 15:48:22] === Monitor check complete ===
[2026-05-01 15:58:22] === Monitor check ===
[2026-05-01 15:58:22] Job 'finetune_k562plus10_striped_maskonly_3' is running (ID=1771259, state=RUNNING).
[2026-05-01 15:58:22] WARNING lines in last 100: 0
[2026-05-01 15:58:22] === Monitor check complete ===
[2026-05-01 16:08:22] === Monitor check ===
[2026-05-01 16:08:22] Job 'finetune_k562plus10_striped_maskonly_3' is running (ID=1771259, state=RUNNING).
[2026-05-01 16:08:22] WARNING lines in last 100: 0
[2026-05-01 16:08:22] === Monitor check complete ===
[2026-05-01 16:18:22] === Monitor check ===
[2026-05-01 16:18:22] Job 'finetune_k562plus10_striped_maskonly_3' is running (ID=1771259, state=RUNNING).
[2026-05-01 16:18:23] WARNING lines in last 100: 0
[2026-05-01 16:18:23] === Monitor check complete ===
[2026-05-01 16:28:23] === Monitor check ===
[2026-05-01 16:28:23] Job 'finetune_k562plus10_striped_maskonly_3' is running (ID=1771259, state=RUNNING).
[2026-05-01 16:28:23] WARNING lines in last 100: 0
[2026-05-01 16:28:23] === Monitor check complete ===
[2026-05-01 16:38:23] === Monitor check ===
[2026-05-01 16:38:23] Job 'finetune_k562plus10_striped_maskonly_3' is running (ID=1771259, state=RUNNING).
[2026-05-01 16:38:24] WARNING lines in last 100: 0
[2026-05-01 16:38:24] === Monitor check complete ===
[2026-05-01 16:48:24] === Monitor check ===
[2026-05-01 16:48:24] Job 'finetune_k562plus10_striped_maskonly_3' is running (ID=1771259, state=RUNNING).
[2026-05-01 16:48:24] WARNING lines in last 100: 0
[2026-05-01 16:48:24] === Monitor check complete ===
[2026-05-01 16:58:24] === Monitor check ===
[2026-05-01 16:58:24] Job 'finetune_k562plus10_striped_maskonly_3' is running (ID=1771259, state=RUNNING).
[2026-05-01 16:58:24] WARNING lines in last 100: 0
[2026-05-01 16:58:24] === Monitor check complete ===
[2026-05-01 17:08:24] === Monitor check ===
[2026-05-01 17:08:24] Job 'finetune_k562plus10_striped_maskonly_3' is running (ID=1771259, state=RUNNING).
[2026-05-01 17:08:25] WARNING lines in last 100: 0
[2026-05-01 17:08:25] === Monitor check complete ===
[2026-05-01 17:18:25] === Monitor check ===
[2026-05-01 17:18:25] Job 'finetune_k562plus10_striped_maskonly_3' is running (ID=1771259, state=RUNNING).
[2026-05-01 17:18:25] WARNING lines in last 100: 0
[2026-05-01 17:18:25] === Monitor check complete ===
[2026-05-01 17:28:25] === Monitor check ===
[2026-05-01 17:28:25] Job 'finetune_k562plus10_striped_maskonly_3' is running (ID=1771259, state=RUNNING).
[2026-05-01 17:28:25] WARNING lines in last 100: 0
[2026-05-01 17:28:25] === Monitor check complete ===
[2026-05-01 17:38:25] === Monitor check ===
[2026-05-01 17:38:26] Job 'finetune_k562plus10_striped_maskonly_3' is running (ID=1771259, state=RUNNING).
[2026-05-01 17:38:26] WARNING lines in last 100: 0
[2026-05-01 17:38:26] === Monitor check complete ===
[2026-05-01 17:48:26] === Monitor check ===
[2026-05-01 17:48:26] Job 'finetune_k562plus10_striped_maskonly_3' is running (ID=1771259, state=RUNNING).
[2026-05-01 17:48:26] WARNING lines in last 100: 0
[2026-05-01 17:48:26] === Monitor check complete ===
[2026-05-01 17:58:26] === Monitor check ===
[2026-05-01 17:58:26] Job 'finetune_k562plus10_striped_maskonly_3' is running (ID=1771259, state=RUNNING).
[2026-05-01 17:58:27] WARNING lines in last 100: 0
[2026-05-01 17:58:27] === Monitor check complete ===
[2026-05-01 18:08:27] === Monitor check ===
[2026-05-01 18:08:27] Job 'finetune_k562plus10_striped_maskonly_3' is running (ID=1771259, state=RUNNING).
[2026-05-01 18:08:27] WARNING lines in last 100: 0
[2026-05-01 18:08:27] === Monitor check complete ===
[2026-05-01 18:18:27] === Monitor check ===
[2026-05-01 18:18:27] Job 'finetune_k562plus10_striped_maskonly_3' is running (ID=1771259, state=RUNNING).
[2026-05-01 18:18:27] WARNING lines in last 100: 0
[2026-05-01 18:18:27] === Monitor check complete ===
[2026-05-01 18:28:27] === Monitor check ===
[2026-05-01 18:28:28] Job 'finetune_k562plus10_striped_maskonly_3' is running (ID=1771259, state=RUNNING).
[2026-05-01 18:28:28] WARNING lines in last 100: 0
[2026-05-01 18:28:28] === Monitor check complete ===
[2026-05-01 18:38:28] === Monitor check ===
[2026-05-01 18:38:28] Job 'finetune_k562plus10_striped_maskonly_3' is running (ID=1771259, state=RUNNING).
[2026-05-01 18:38:28] WARNING lines in last 100: 0
[2026-05-01 18:38:28] === Monitor check complete ===
[2026-05-01 18:48:28] === Monitor check ===
[2026-05-01 18:48:28] Job 'finetune_k562plus10_striped_maskonly_3' is running (ID=1771259, state=RUNNING).
[2026-05-01 18:48:29] WARNING lines in last 100: 0
[2026-05-01 18:48:29] === Monitor check complete ===
[2026-05-01 18:58:29] === Monitor check ===
[2026-05-01 18:58:29] Job 'finetune_k562plus10_striped_maskonly_3' is running (ID=1771259, state=RUNNING).
[2026-05-01 18:58:29] WARNING lines in last 100: 0
[2026-05-01 18:58:29] === Monitor check complete ===
[2026-05-01 19:08:29] === Monitor check ===
[2026-05-01 19:08:29] Job 'finetune_k562plus10_striped_maskonly_3' is running (ID=1771259, state=RUNNING).
[2026-05-01 19:08:29] WARNING lines in last 100: 0
[2026-05-01 19:08:29] === Monitor check complete ===
[2026-05-01 19:18:29] === Monitor check ===
[2026-05-01 19:18:29] Job 'finetune_k562plus10_striped_maskonly_3' is running (ID=1771259, state=RUNNING).
[2026-05-01 19:18:30] WARNING lines in last 100: 0
[2026-05-01 19:18:30] === Monitor check complete ===
[2026-05-01 19:28:30] === Monitor check ===
[2026-05-01 19:28:30] Job 'finetune_k562plus10_striped_maskonly_3' is running (ID=1771259, state=RUNNING).
[2026-05-01 19:28:30] WARNING lines in last 100: 0
[2026-05-01 19:28:30] === Monitor check complete ===
[2026-05-01 19:38:30] === Monitor check ===
[2026-05-01 19:38:30] Job 'finetune_k562plus10_striped_maskonly_3' is running (ID=1771259, state=RUNNING).
[2026-05-01 19:38:30] WARNING lines in last 100: 0
[2026-05-01 19:38:30] === Monitor check complete ===
[2026-05-01 19:48:30] === Monitor check ===
[2026-05-01 19:48:30] Job 'finetune_k562plus10_striped_maskonly_3' is running (ID=1771259, state=RUNNING).
[2026-05-01 19:48:31] WARNING lines in last 100: 0
[2026-05-01 19:48:31] === Monitor check complete ===
[2026-05-01 19:58:31] === Monitor check ===
[2026-05-01 19:58:31] Job 'finetune_k562plus10_striped_maskonly_3' is running (ID=1771259, state=RUNNING).
[2026-05-01 19:58:31] WARNING lines in last 100: 0
[2026-05-01 19:58:31] === Monitor check complete ===
[2026-05-01 20:08:31] === Monitor check ===
[2026-05-01 20:08:31] Job 'finetune_k562plus10_striped_maskonly_3' is running (ID=1771259, state=RUNNING).
[2026-05-01 20:08:32] WARNING lines in last 100: 0
[2026-05-01 20:08:32] === Monitor check complete ===
[2026-05-01 20:18:32] === Monitor check ===
[2026-05-01 20:18:32] Job 'finetune_k562plus10_striped_maskonly_3' is running (ID=1771259, state=RUNNING).
[2026-05-01 20:18:32] WARNING lines in last 100: 0
[2026-05-01 20:18:32] === Monitor check complete ===
[2026-05-01 20:28:32] === Monitor check ===
[2026-05-01 20:28:32] Job 'finetune_k562plus10_striped_maskonly_3' is running (ID=1771259, state=RUNNING).
[2026-05-01 20:28:32] WARNING lines in last 100: 0
[2026-05-01 20:28:32] === Monitor check complete ===
[2026-05-01 20:38:32] === Monitor check ===
[2026-05-01 20:38:33] Job 'finetune_k562plus10_striped_maskonly_3' is running (ID=1771259, state=RUNNING).
[2026-05-01 20:38:33] WARNING lines in last 100: 0
[2026-05-01 20:38:33] === Monitor check complete ===
[2026-05-01 20:48:33] === Monitor check ===
[2026-05-01 20:48:33] Job 'finetune_k562plus10_striped_maskonly_3' is running (ID=1771259, state=RUNNING).
[2026-05-01 20:48:33] WARNING lines in last 100: 0
[2026-05-01 20:48:33] === Monitor check complete ===
[2026-05-01 20:58:33] === Monitor check ===
[2026-05-01 20:58:33] Job 'finetune_k562plus10_striped_maskonly_3' is running (ID=1771259, state=RUNNING).
[2026-05-01 20:58:34] WARNING lines in last 100: 0
[2026-05-01 20:58:34] === Monitor check complete ===
[2026-05-01 21:08:34] === Monitor check ===
[2026-05-01 21:08:34] Job 'finetune_k562plus10_striped_maskonly_3' is running (ID=1771259, state=RUNNING).
[2026-05-01 21:08:34] WARNING lines in last 100: 0
[2026-05-01 21:08:34] === Monitor check complete ===
[2026-05-01 21:18:34] === Monitor check ===
[2026-05-01 21:18:34] Job 'finetune_k562plus10_striped_maskonly_3' is running (ID=1771259, state=RUNNING).
[2026-05-01 21:18:35] WARNING lines in last 100: 0
[2026-05-01 21:18:35] === Monitor check complete ===
[2026-05-01 21:28:35] === Monitor check ===
[2026-05-01 21:28:35] Job 'finetune_k562plus10_striped_maskonly_3' is running (ID=1771259, state=RUNNING).
[2026-05-01 21:28:35] WARNING lines in last 100: 0
[2026-05-01 21:28:35] === Monitor check complete ===
[2026-05-01 21:38:35] === Monitor check ===
[2026-05-01 21:38:35] Job 'finetune_k562plus10_striped_maskonly_3' is running (ID=1771259, state=RUNNING).
[2026-05-01 21:38:35] WARNING lines in last 100: 0
[2026-05-01 21:38:35] === Monitor check complete ===
[2026-05-01 21:48:35] === Monitor check ===
[2026-05-01 21:48:36] Job 'finetune_k562plus10_striped_maskonly_3' is running (ID=1771259, state=RUNNING).
[2026-05-01 21:48:36] WARNING lines in last 100: 0
[2026-05-01 21:48:36] === Monitor check complete ===
[2026-05-01 21:58:36] === Monitor check ===
[2026-05-01 21:58:36] Job 'finetune_k562plus10_striped_maskonly_3' is running (ID=1771259, state=RUNNING).
[2026-05-01 21:58:36] WARNING lines in last 100: 0
[2026-05-01 21:58:36] === Monitor check complete ===
[2026-05-01 22:08:36] === Monitor check ===
[2026-05-01 22:08:36] Job 'finetune_k562plus10_striped_maskonly_3' is running (ID=1771259, state=RUNNING).
[2026-05-01 22:08:37] WARNING lines in last 100: 0
[2026-05-01 22:08:37] === Monitor check complete ===
[2026-05-01 22:18:37] === Monitor check ===
[2026-05-01 22:18:37] Job 'finetune_k562plus10_striped_maskonly_3' is running (ID=1771259, state=RUNNING).
[2026-05-01 22:18:37] WARNING lines in last 100: 0
[2026-05-01 22:18:37] === Monitor check complete ===
[2026-05-01 22:28:37] === Monitor check ===
[2026-05-01 22:28:37] Job 'finetune_k562plus10_striped_maskonly_3' is running (ID=1771259, state=RUNNING).
[2026-05-01 22:28:38] WARNING lines in last 100: 0
[2026-05-01 22:28:38] === Monitor check complete ===
[2026-05-01 22:38:38] === Monitor check ===
[2026-05-01 22:38:38] Job 'finetune_k562plus10_striped_maskonly_3' is running (ID=1771259, state=RUNNING).
[2026-05-01 22:38:38] WARNING lines in last 100: 0
[2026-05-01 22:38:38] === Monitor check complete ===
[2026-05-01 22:48:38] === Monitor check ===
[2026-05-01 22:48:38] Job 'finetune_k562plus10_striped_maskonly_3' is running (ID=1771259, state=RUNNING).
[2026-05-01 22:48:39] WARNING lines in last 100: 0
[2026-05-01 22:48:39] === Monitor check complete ===
[2026-05-01 22:58:39] === Monitor check ===
[2026-05-01 22:58:39] Job 'finetune_k562plus10_striped_maskonly_3' is running (ID=1771259, state=RUNNING).
[2026-05-01 22:58:39] WARNING lines in last 100: 0
[2026-05-01 22:58:39] === Monitor check complete ===
[2026-05-01 23:08:39] === Monitor check ===
[2026-05-01 23:08:39] Job 'finetune_k562plus10_striped_maskonly_3' is running (ID=1771259, state=RUNNING).
[2026-05-01 23:08:39] WARNING lines in last 100: 0
[2026-05-01 23:08:39] === Monitor check complete ===
[2026-05-01 23:18:39] === Monitor check ===
[2026-05-01 23:18:40] Job 'finetune_k562plus10_striped_maskonly_3' is running (ID=1771259, state=RUNNING).
[2026-05-01 23:18:40] WARNING lines in last 100: 0
[2026-05-01 23:18:40] === Monitor check complete ===
[2026-05-01 23:28:40] === Monitor check ===
[2026-05-01 23:28:40] Job 'finetune_k562plus10_striped_maskonly_3' is running (ID=1771259, state=RUNNING).
[2026-05-01 23:28:40] WARNING lines in last 100: 0
[2026-05-01 23:28:40] === Monitor check complete ===
[2026-05-01 23:38:40] === Monitor check ===
[2026-05-01 23:38:40] Job 'finetune_k562plus10_striped_maskonly_3' is running (ID=1771259, state=RUNNING).
[2026-05-01 23:38:41] WARNING lines in last 100: 0
[2026-05-01 23:38:41] === Monitor check complete ===
[2026-05-01 23:48:41] === Monitor check ===
[2026-05-01 23:48:41] Job 'finetune_k562plus10_striped_maskonly_3' is running (ID=1771259, state=RUNNING).
[2026-05-01 23:48:41] WARNING lines in last 100: 0
[2026-05-01 23:48:41] === Monitor check complete ===
[2026-05-01 23:58:41] === Monitor check ===
[2026-05-01 23:58:41] Job 'finetune_k562plus10_striped_maskonly_3' is running (ID=1771259, state=RUNNING).
[2026-05-01 23:58:42] WARNING lines in last 100: 0
[2026-05-01 23:58:42] === Monitor check complete ===
[2026-05-02 00:08:42] === Monitor check ===
[2026-05-02 00:08:42] Job 'finetune_k562plus10_striped_maskonly_3' is running (ID=1771259, state=RUNNING).
[2026-05-02 00:08:42] WARNING lines in last 100: 0
[2026-05-02 00:08:42] === Monitor check complete ===
[2026-05-02 00:18:42] === Monitor check ===
[2026-05-02 00:18:42] Job 'finetune_k562plus10_striped_maskonly_3' is running (ID=1771259, state=RUNNING).
[2026-05-02 00:18:43] WARNING lines in last 100: 0
[2026-05-02 00:18:43] === Monitor check complete ===
[2026-05-02 00:28:43] === Monitor check ===
[2026-05-02 00:28:43] Job 'finetune_k562plus10_striped_maskonly_3' is running (ID=1771259, state=RUNNING).
[2026-05-02 00:28:43] WARNING lines in last 100: 0
[2026-05-02 00:28:43] === Monitor check complete ===
[2026-05-02 00:38:43] === Monitor check ===
[2026-05-02 00:38:43] Job 'finetune_k562plus10_striped_maskonly_3' is running (ID=1771259, state=RUNNING).
[2026-05-02 00:38:44] WARNING lines in last 100: 0
[2026-05-02 00:38:44] === Monitor check complete ===
[2026-05-02 00:48:44] === Monitor check ===
[2026-05-02 00:48:44] Job 'finetune_k562plus10_striped_maskonly_3' is running (ID=1771259, state=RUNNING).
[2026-05-02 00:48:44] WARNING lines in last 100: 0
[2026-05-02 00:48:44] === Monitor check complete ===
[2026-05-02 00:58:45] === Monitor check ===
[2026-05-02 00:58:45] Job 'finetune_k562plus10_striped_maskonly_3' is running (ID=1771259, state=RUNNING).
[2026-05-02 00:58:45] WARNING lines in last 100: 0
[2026-05-02 00:58:45] === Monitor check complete ===
[2026-05-02 01:08:45] === Monitor check ===
[2026-05-02 01:08:45] Job 'finetune_k562plus10_striped_maskonly_3' is running (ID=1771259, state=RUNNING).
[2026-05-02 01:08:46] WARNING lines in last 100: 0
[2026-05-02 01:08:46] === Monitor check complete ===
[2026-05-02 01:18:46] === Monitor check ===
[2026-05-02 01:18:46] Job 'finetune_k562plus10_striped_maskonly_3' is running (ID=1771259, state=RUNNING).
[2026-05-02 01:18:46] WARNING lines in last 100: 1
[2026-05-02 01:18:46] === Monitor check complete ===
[2026-05-02 01:28:46] === Monitor check ===
[2026-05-02 01:28:46] Job 'finetune_k562plus10_striped_maskonly_3' is running (ID=1771259, state=RUNNING).
[2026-05-02 01:28:47] WARNING lines in last 100: 1
[2026-05-02 01:28:47] === Monitor check complete ===
[2026-05-02 01:38:47] === Monitor check ===
[2026-05-02 01:38:47] Job 'finetune_k562plus10_striped_maskonly_3' is running (ID=1771259, state=RUNNING).
[2026-05-02 01:38:47] WARNING lines in last 100: 1
[2026-05-02 01:38:47] === Monitor check complete ===
[2026-05-02 01:48:47] === Monitor check ===
[2026-05-02 01:48:47] Job 'finetune_k562plus10_striped_maskonly_3' is not running.
[2026-05-02 01:48:47] Latest output file: /data1/lesliec/sarthak/caduceus/jobs/1771259-finetune_k562plus10_striped_maskonly_3.out
[2026-05-02 01:48:47] Using checkpoint: /data1/lesliec/sarthak/caduceus/outputs/2026-04-30/17-48-05-670600/checkpoints/01-step=11500.ckpt
[2026-05-02 01:48:47] Submitting: seed=2230  ckpt=/data1/lesliec/sarthak/caduceus/outputs/2026-04-30/17-48-05-670600/checkpoints/01-step=11500.ckpt
[2026-05-02 01:48:47] Submitted job 1953502. Incrementing seed to 2231.
[2026-05-02 01:48:47] === Monitor check complete ===
[2026-05-02 01:58:47] === Monitor check ===
[2026-05-02 01:58:47] Job 'finetune_k562plus10_striped_maskonly_3' is running (ID=1953502, state=RUNNING).
[2026-05-02 01:58:47] WARNING lines in last 100: 0
[2026-05-02 01:58:47] === Monitor check complete ===
[2026-05-02 02:08:47] === Monitor check ===
[2026-05-02 02:08:47] Job 'finetune_k562plus10_striped_maskonly_3' is running (ID=1953502, state=RUNNING).
[2026-05-02 02:08:47] WARNING lines in last 100: 0
[2026-05-02 02:08:47] === Monitor check complete ===
[2026-05-02 02:18:47] === Monitor check ===
[2026-05-02 02:18:48] Job 'finetune_k562plus10_striped_maskonly_3' is running (ID=1953502, state=RUNNING).
[2026-05-02 02:18:48] WARNING lines in last 100: 0
[2026-05-02 02:18:48] === Monitor check complete ===
[2026-05-02 02:28:48] === Monitor check ===
[2026-05-02 02:28:48] Job 'finetune_k562plus10_striped_maskonly_3' is running (ID=1953502, state=RUNNING).
[2026-05-02 02:28:48] WARNING lines in last 100: 0
[2026-05-02 02:28:48] === Monitor check complete ===
[2026-05-02 02:38:48] === Monitor check ===
[2026-05-02 02:38:48] Job 'finetune_k562plus10_striped_maskonly_3' is running (ID=1953502, state=RUNNING).
[2026-05-02 02:38:48] WARNING lines in last 100: 0
[2026-05-02 02:38:48] === Monitor check complete ===
[2026-05-02 02:48:48] === Monitor check ===
[2026-05-02 02:48:48] Job 'finetune_k562plus10_striped_maskonly_3' is running (ID=1953502, state=RUNNING).
[2026-05-02 02:48:48] WARNING lines in last 100: 0
[2026-05-02 02:48:48] === Monitor check complete ===
[2026-05-02 02:58:48] === Monitor check ===
[2026-05-02 02:58:48] Job 'finetune_k562plus10_striped_maskonly_3' is running (ID=1953502, state=RUNNING).
[2026-05-02 02:58:48] WARNING lines in last 100: 0
[2026-05-02 02:58:48] === Monitor check complete ===
[2026-05-02 03:08:48] === Monitor check ===
[2026-05-02 03:08:48] Job 'finetune_k562plus10_striped_maskonly_3' is running (ID=1953502, state=RUNNING).
[2026-05-02 03:08:48] WARNING lines in last 100: 0
[2026-05-02 03:08:48] === Monitor check complete ===
[2026-05-02 03:18:48] === Monitor check ===
[2026-05-02 03:18:48] Job 'finetune_k562plus10_striped_maskonly_3' is running (ID=1953502, state=RUNNING).
[2026-05-02 03:18:48] WARNING lines in last 100: 0
[2026-05-02 03:18:48] === Monitor check complete ===
[2026-05-02 03:28:48] === Monitor check ===
[2026-05-02 03:28:48] Job 'finetune_k562plus10_striped_maskonly_3' is running (ID=1953502, state=RUNNING).
[2026-05-02 03:28:48] WARNING lines in last 100: 0
[2026-05-02 03:28:48] === Monitor check complete ===
[2026-05-02 03:38:48] === Monitor check ===
[2026-05-02 03:38:49] Job 'finetune_k562plus10_striped_maskonly_3' is running (ID=1953502, state=RUNNING).
[2026-05-02 03:38:49] WARNING lines in last 100: 0
[2026-05-02 03:38:49] === Monitor check complete ===
[2026-05-02 03:48:49] === Monitor check ===
[2026-05-02 03:48:49] Job 'finetune_k562plus10_striped_maskonly_3' is running (ID=1953502, state=RUNNING).
[2026-05-02 03:48:49] WARNING lines in last 100: 0
[2026-05-02 03:48:49] === Monitor check complete ===
[2026-05-02 03:58:49] === Monitor check ===
[2026-05-02 03:58:49] Job 'finetune_k562plus10_striped_maskonly_3' is running (ID=1953502, state=RUNNING).
[2026-05-02 03:58:49] WARNING lines in last 100: 0
[2026-05-02 03:58:49] === Monitor check complete ===
[2026-05-02 04:08:49] === Monitor check ===
[2026-05-02 04:08:49] Job 'finetune_k562plus10_striped_maskonly_3' is running (ID=1953502, state=RUNNING).
[2026-05-02 04:08:49] WARNING lines in last 100: 0
[2026-05-02 04:08:49] === Monitor check complete ===
[2026-05-02 04:18:49] === Monitor check ===
[2026-05-02 04:18:49] Job 'finetune_k562plus10_striped_maskonly_3' is running (ID=1953502, state=RUNNING).
[2026-05-02 04:18:49] WARNING lines in last 100: 0
[2026-05-02 04:18:49] === Monitor check complete ===
[2026-05-02 04:28:49] === Monitor check ===
[2026-05-02 04:28:49] Job 'finetune_k562plus10_striped_maskonly_3' is running (ID=1953502, state=RUNNING).
[2026-05-02 04:28:49] WARNING lines in last 100: 0
[2026-05-02 04:28:49] === Monitor check complete ===
[2026-05-02 04:38:49] === Monitor check ===
[2026-05-02 04:38:49] Job 'finetune_k562plus10_striped_maskonly_3' is running (ID=1953502, state=RUNNING).
[2026-05-02 04:38:49] WARNING lines in last 100: 0
[2026-05-02 04:38:49] === Monitor check complete ===
[2026-05-02 04:48:49] === Monitor check ===
[2026-05-02 04:48:49] Job 'finetune_k562plus10_striped_maskonly_3' is running (ID=1953502, state=RUNNING).
[2026-05-02 04:48:50] WARNING lines in last 100: 0
[2026-05-02 04:48:50] === Monitor check complete ===
[2026-05-02 04:58:50] === Monitor check ===
[2026-05-02 04:58:50] Job 'finetune_k562plus10_striped_maskonly_3' is running (ID=1953502, state=RUNNING).
[2026-05-02 04:58:50] WARNING lines in last 100: 0
[2026-05-02 04:58:50] === Monitor check complete ===
[2026-05-02 05:08:50] === Monitor check ===
[2026-05-02 05:08:50] Job 'finetune_k562plus10_striped_maskonly_3' is running (ID=1953502, state=RUNNING).
[2026-05-02 05:08:50] WARNING lines in last 100: 0
[2026-05-02 05:08:50] === Monitor check complete ===
[2026-05-02 05:18:50] === Monitor check ===
[2026-05-02 05:18:50] Job 'finetune_k562plus10_striped_maskonly_3' is running (ID=1953502, state=RUNNING).
[2026-05-02 05:18:50] WARNING lines in last 100: 0
[2026-05-02 05:18:50] === Monitor check complete ===
[2026-05-02 05:28:50] === Monitor check ===
[2026-05-02 05:28:50] Job 'finetune_k562plus10_striped_maskonly_3' is running (ID=1953502, state=RUNNING).
[2026-05-02 05:28:50] WARNING lines in last 100: 0
[2026-05-02 05:28:50] === Monitor check complete ===
[2026-05-02 05:38:50] === Monitor check ===
[2026-05-02 05:38:50] Job 'finetune_k562plus10_striped_maskonly_3' is running (ID=1953502, state=RUNNING).
[2026-05-02 05:38:50] WARNING lines in last 100: 0
[2026-05-02 05:38:50] === Monitor check complete ===
[2026-05-02 05:48:50] === Monitor check ===
[2026-05-02 05:48:50] Job 'finetune_k562plus10_striped_maskonly_3' is running (ID=1953502, state=RUNNING).
[2026-05-02 05:48:50] WARNING lines in last 100: 0
[2026-05-02 05:48:50] === Monitor check complete ===
[2026-05-02 05:58:50] === Monitor check ===
[2026-05-02 05:58:51] Job 'finetune_k562plus10_striped_maskonly_3' is running (ID=1953502, state=RUNNING).
[2026-05-02 05:58:51] WARNING lines in last 100: 0
[2026-05-02 05:58:51] === Monitor check complete ===
[2026-05-02 06:08:51] === Monitor check ===
[2026-05-02 06:08:51] Job 'finetune_k562plus10_striped_maskonly_3' is running (ID=1953502, state=RUNNING).
[2026-05-02 06:08:51] WARNING lines in last 100: 0
[2026-05-02 06:08:51] === Monitor check complete ===
[2026-05-02 06:18:51] === Monitor check ===
[2026-05-02 06:18:51] Job 'finetune_k562plus10_striped_maskonly_3' is running (ID=1953502, state=RUNNING).
[2026-05-02 06:18:51] WARNING lines in last 100: 0
[2026-05-02 06:18:51] === Monitor check complete ===
[2026-05-02 06:28:51] === Monitor check ===
[2026-05-02 06:28:51] Job 'finetune_k562plus10_striped_maskonly_3' is running (ID=1953502, state=RUNNING).
[2026-05-02 06:28:51] WARNING lines in last 100: 0
[2026-05-02 06:28:51] === Monitor check complete ===
[2026-05-02 06:38:51] === Monitor check ===
[2026-05-02 06:38:51] Job 'finetune_k562plus10_striped_maskonly_3' is running (ID=1953502, state=RUNNING).
[2026-05-02 06:38:51] WARNING lines in last 100: 0
[2026-05-02 06:38:51] === Monitor check complete ===
[2026-05-02 06:48:51] === Monitor check ===
[2026-05-02 06:48:51] Job 'finetune_k562plus10_striped_maskonly_3' is running (ID=1953502, state=RUNNING).
[2026-05-02 06:48:51] WARNING lines in last 100: 0
[2026-05-02 06:48:51] === Monitor check complete ===
[2026-05-02 06:58:51] === Monitor check ===
[2026-05-02 06:58:52] Job 'finetune_k562plus10_striped_maskonly_3' is running (ID=1953502, state=RUNNING).
[2026-05-02 06:58:52] WARNING lines in last 100: 0
[2026-05-02 06:58:52] === Monitor check complete ===
[2026-05-02 07:08:52] === Monitor check ===
[2026-05-02 07:08:52] Job 'finetune_k562plus10_striped_maskonly_3' is running (ID=1953502, state=RUNNING).
[2026-05-02 07:08:52] WARNING lines in last 100: 0
[2026-05-02 07:08:52] === Monitor check complete ===
[2026-05-02 07:18:52] === Monitor check ===
[2026-05-02 07:18:52] Job 'finetune_k562plus10_striped_maskonly_3' is running (ID=1953502, state=RUNNING).
[2026-05-02 07:18:52] WARNING lines in last 100: 0
[2026-05-02 07:18:52] === Monitor check complete ===
[2026-05-02 07:28:52] === Monitor check ===
[2026-05-02 07:28:52] Job 'finetune_k562plus10_striped_maskonly_3' is running (ID=1953502, state=RUNNING).
[2026-05-02 07:28:52] WARNING lines in last 100: 0
[2026-05-02 07:28:52] === Monitor check complete ===
[2026-05-02 07:38:52] === Monitor check ===
[2026-05-02 07:38:52] Job 'finetune_k562plus10_striped_maskonly_3' is running (ID=1953502, state=RUNNING).
[2026-05-02 07:38:52] WARNING lines in last 100: 0
[2026-05-02 07:38:52] === Monitor check complete ===
[2026-05-02 07:48:52] === Monitor check ===
[2026-05-02 07:48:52] Job 'finetune_k562plus10_striped_maskonly_3' is running (ID=1953502, state=RUNNING).
[2026-05-02 07:48:52] WARNING lines in last 100: 1
[2026-05-02 07:48:52] === Monitor check complete ===
[2026-05-02 07:58:52] === Monitor check ===
[2026-05-02 07:58:52] Job 'finetune_k562plus10_striped_maskonly_3' is running (ID=1953502, state=RUNNING).
[2026-05-02 07:58:52] WARNING lines in last 100: 1
[2026-05-02 07:58:52] === Monitor check complete ===
[2026-05-02 08:08:53] === Monitor check ===
[2026-05-02 08:08:53] Job 'finetune_k562plus10_striped_maskonly_3' is running (ID=1953502, state=RUNNING).
[2026-05-02 08:08:53] WARNING lines in last 100: 1
[2026-05-02 08:08:53] === Monitor check complete ===
[2026-05-02 08:18:53] === Monitor check ===
[2026-05-02 08:18:53] Job 'finetune_k562plus10_striped_maskonly_3' is not running.
[2026-05-02 08:18:53] Latest output file: /data1/lesliec/sarthak/caduceus/jobs/1953502-finetune_k562plus10_striped_maskonly_3.out
[2026-05-02 08:18:53] Using checkpoint: /data1/lesliec/sarthak/caduceus/outputs/2026-05-02/01-49-06-191455/checkpoints/01-step=11750.ckpt
[2026-05-02 08:18:53] Submitting: seed=2231  ckpt=/data1/lesliec/sarthak/caduceus/outputs/2026-05-02/01-49-06-191455/checkpoints/01-step=11750.ckpt
[2026-05-02 08:18:53] Submitted job 1974635. Incrementing seed to 2232.
[2026-05-02 08:18:53] === Monitor check complete ===
[2026-05-02 08:28:53] === Monitor check ===
[2026-05-02 08:28:53] Job 'finetune_k562plus10_striped_maskonly_3' is running (ID=1974635, state=RUNNING).
[2026-05-02 08:28:53] WARNING lines in last 100: 0
[2026-05-02 08:28:53] === Monitor check complete ===
[2026-05-02 08:38:53] === Monitor check ===
[2026-05-02 08:38:53] Job 'finetune_k562plus10_striped_maskonly_3' is running (ID=1974635, state=RUNNING).
[2026-05-02 08:38:53] WARNING lines in last 100: 0
[2026-05-02 08:38:53] === Monitor check complete ===
[2026-05-02 08:48:53] === Monitor check ===
[2026-05-02 08:48:53] Job 'finetune_k562plus10_striped_maskonly_3' is running (ID=1974635, state=RUNNING).
[2026-05-02 08:48:53] WARNING lines in last 100: 0
[2026-05-02 08:48:53] === Monitor check complete ===
[2026-05-02 08:58:53] === Monitor check ===
[2026-05-02 08:58:53] Job 'finetune_k562plus10_striped_maskonly_3' is running (ID=1974635, state=RUNNING).
[2026-05-02 08:58:53] WARNING lines in last 100: 0
[2026-05-02 08:58:53] === Monitor check complete ===
[2026-05-02 09:08:53] === Monitor check ===
[2026-05-02 09:08:53] Job 'finetune_k562plus10_striped_maskonly_3' is running (ID=1974635, state=RUNNING).
[2026-05-02 09:08:53] WARNING lines in last 100: 0
[2026-05-02 09:08:53] === Monitor check complete ===
[2026-05-02 09:18:53] === Monitor check ===
[2026-05-02 09:18:54] Job 'finetune_k562plus10_striped_maskonly_3' is running (ID=1974635, state=RUNNING).
[2026-05-02 09:18:54] WARNING lines in last 100: 0
[2026-05-02 09:18:54] === Monitor check complete ===
[2026-05-02 09:28:54] === Monitor check ===
[2026-05-02 09:28:54] Job 'finetune_k562plus10_striped_maskonly_3' is running (ID=1974635, state=RUNNING).
[2026-05-02 09:28:54] WARNING lines in last 100: 0
[2026-05-02 09:28:54] === Monitor check complete ===
[2026-05-02 09:38:54] === Monitor check ===
[2026-05-02 09:38:54] Job 'finetune_k562plus10_striped_maskonly_3' is running (ID=1974635, state=RUNNING).
[2026-05-02 09:38:54] WARNING lines in last 100: 0
[2026-05-02 09:38:54] === Monitor check complete ===
[2026-05-02 09:48:54] === Monitor check ===
[2026-05-02 09:48:54] Job 'finetune_k562plus10_striped_maskonly_3' is running (ID=1974635, state=RUNNING).
[2026-05-02 09:48:54] WARNING lines in last 100: 0
[2026-05-02 09:48:54] === Monitor check complete ===
[2026-05-02 09:58:54] === Monitor check ===
[2026-05-02 09:58:54] Job 'finetune_k562plus10_striped_maskonly_3' is running (ID=1974635, state=RUNNING).
[2026-05-02 09:58:54] WARNING lines in last 100: 0
[2026-05-02 09:58:54] === Monitor check complete ===
[2026-05-02 10:08:54] === Monitor check ===
[2026-05-02 10:08:54] Job 'finetune_k562plus10_striped_maskonly_3' is running (ID=1974635, state=RUNNING).
[2026-05-02 10:08:54] WARNING lines in last 100: 0
[2026-05-02 10:08:54] === Monitor check complete ===
[2026-05-02 10:18:54] === Monitor check ===
[2026-05-02 10:18:54] Job 'finetune_k562plus10_striped_maskonly_3' is running (ID=1974635, state=RUNNING).
[2026-05-02 10:18:54] WARNING lines in last 100: 0
[2026-05-02 10:18:54] === Monitor check complete ===
[2026-05-02 10:28:54] === Monitor check ===
[2026-05-02 10:28:54] Job 'finetune_k562plus10_striped_maskonly_3' is running (ID=1974635, state=RUNNING).
[2026-05-02 10:28:54] WARNING lines in last 100: 0
[2026-05-02 10:28:54] === Monitor check complete ===
[2026-05-02 10:38:54] === Monitor check ===
[2026-05-02 10:38:55] Job 'finetune_k562plus10_striped_maskonly_3' is running (ID=1974635, state=RUNNING).
[2026-05-02 10:38:55] WARNING lines in last 100: 0
[2026-05-02 10:38:55] === Monitor check complete ===
[2026-05-02 10:48:55] === Monitor check ===
[2026-05-02 10:48:55] Job 'finetune_k562plus10_striped_maskonly_3' is running (ID=1974635, state=RUNNING).
[2026-05-02 10:48:55] WARNING lines in last 100: 0
[2026-05-02 10:48:55] === Monitor check complete ===
[2026-05-02 10:58:55] === Monitor check ===
[2026-05-02 10:58:55] Job 'finetune_k562plus10_striped_maskonly_3' is running (ID=1974635, state=RUNNING).
[2026-05-02 10:58:55] WARNING lines in last 100: 0
[2026-05-02 10:58:55] === Monitor check complete ===
[2026-05-02 11:08:55] === Monitor check ===
[2026-05-02 11:08:55] Job 'finetune_k562plus10_striped_maskonly_3' is running (ID=1974635, state=RUNNING).
[2026-05-02 11:08:55] WARNING lines in last 100: 0
[2026-05-02 11:08:55] === Monitor check complete ===
[2026-05-02 11:18:55] === Monitor check ===
[2026-05-02 11:18:55] Job 'finetune_k562plus10_striped_maskonly_3' is running (ID=1974635, state=RUNNING).
[2026-05-02 11:18:55] WARNING lines in last 100: 0
[2026-05-02 11:18:55] === Monitor check complete ===
[2026-05-02 11:28:55] === Monitor check ===
[2026-05-02 11:28:55] Job 'finetune_k562plus10_striped_maskonly_3' is running (ID=1974635, state=RUNNING).
[2026-05-02 11:28:55] WARNING lines in last 100: 0
[2026-05-02 11:28:55] === Monitor check complete ===
[2026-05-02 11:38:55] === Monitor check ===
[2026-05-02 11:38:55] Job 'finetune_k562plus10_striped_maskonly_3' is running (ID=1974635, state=RUNNING).
[2026-05-02 11:38:55] WARNING lines in last 100: 0
[2026-05-02 11:38:55] === Monitor check complete ===
[2026-05-02 11:48:55] === Monitor check ===
[2026-05-02 11:48:56] Job 'finetune_k562plus10_striped_maskonly_3' is running (ID=1974635, state=RUNNING).
[2026-05-02 11:48:56] WARNING lines in last 100: 0
[2026-05-02 11:48:56] === Monitor check complete ===
[2026-05-02 11:58:56] === Monitor check ===
[2026-05-02 11:58:56] Job 'finetune_k562plus10_striped_maskonly_3' is running (ID=1974635, state=RUNNING).
[2026-05-02 11:58:56] WARNING lines in last 100: 0
[2026-05-02 11:58:56] === Monitor check complete ===
[2026-05-02 12:08:56] === Monitor check ===
[2026-05-02 12:08:56] Job 'finetune_k562plus10_striped_maskonly_3' is running (ID=1974635, state=RUNNING).
[2026-05-02 12:08:56] WARNING lines in last 100: 0
[2026-05-02 12:08:56] === Monitor check complete ===
[2026-05-02 12:18:56] === Monitor check ===
[2026-05-02 12:18:56] Job 'finetune_k562plus10_striped_maskonly_3' is running (ID=1974635, state=RUNNING).
[2026-05-02 12:18:56] WARNING lines in last 100: 0
[2026-05-02 12:18:56] === Monitor check complete ===
[2026-05-02 12:28:56] === Monitor check ===
[2026-05-02 12:28:56] Job 'finetune_k562plus10_striped_maskonly_3' is running (ID=1974635, state=RUNNING).
[2026-05-02 12:28:56] WARNING lines in last 100: 0
[2026-05-02 12:28:56] === Monitor check complete ===
[2026-05-02 12:38:56] === Monitor check ===
[2026-05-02 12:38:56] Job 'finetune_k562plus10_striped_maskonly_3' is running (ID=1974635, state=RUNNING).
[2026-05-02 12:38:56] WARNING lines in last 100: 0
[2026-05-02 12:38:56] === Monitor check complete ===
[2026-05-02 12:48:56] === Monitor check ===
[2026-05-02 12:48:57] Job 'finetune_k562plus10_striped_maskonly_3' is running (ID=1974635, state=RUNNING).
[2026-05-02 12:48:57] WARNING lines in last 100: 0
[2026-05-02 12:48:57] === Monitor check complete ===
[2026-05-02 12:58:57] === Monitor check ===
[2026-05-02 12:58:57] Job 'finetune_k562plus10_striped_maskonly_3' is running (ID=1974635, state=RUNNING).
[2026-05-02 12:58:57] WARNING lines in last 100: 0
[2026-05-02 12:58:57] === Monitor check complete ===
[2026-05-02 13:08:57] === Monitor check ===
[2026-05-02 13:08:57] Job 'finetune_k562plus10_striped_maskonly_3' is running (ID=1974635, state=RUNNING).
[2026-05-02 13:08:57] WARNING lines in last 100: 0
[2026-05-02 13:08:57] === Monitor check complete ===
[2026-05-02 13:18:57] === Monitor check ===
[2026-05-02 13:18:57] Job 'finetune_k562plus10_striped_maskonly_3' is running (ID=1974635, state=RUNNING).
[2026-05-02 13:18:57] WARNING lines in last 100: 0
[2026-05-02 13:18:57] === Monitor check complete ===
[2026-05-02 13:28:57] === Monitor check ===
[2026-05-02 13:28:57] Job 'finetune_k562plus10_striped_maskonly_3' is running (ID=1974635, state=RUNNING).
[2026-05-02 13:28:57] WARNING lines in last 100: 0
[2026-05-02 13:28:57] === Monitor check complete ===
[2026-05-02 13:38:57] === Monitor check ===
[2026-05-02 13:38:57] Job 'finetune_k562plus10_striped_maskonly_3' is running (ID=1974635, state=RUNNING).
[2026-05-02 13:38:57] WARNING lines in last 100: 0
[2026-05-02 13:38:57] === Monitor check complete ===
[2026-05-02 13:48:57] === Monitor check ===
[2026-05-02 13:48:57] Job 'finetune_k562plus10_striped_maskonly_3' is running (ID=1974635, state=RUNNING).
[2026-05-02 13:48:58] WARNING lines in last 100: 0
[2026-05-02 13:48:58] === Monitor check complete ===
[2026-05-02 13:58:58] === Monitor check ===
[2026-05-02 13:58:58] Job 'finetune_k562plus10_striped_maskonly_3' is running (ID=1974635, state=RUNNING).
[2026-05-02 13:58:58] WARNING lines in last 100: 0
[2026-05-02 13:58:58] === Monitor check complete ===
[2026-05-02 14:08:58] === Monitor check ===
[2026-05-02 14:08:58] Job 'finetune_k562plus10_striped_maskonly_3' is running (ID=1974635, state=RUNNING).
[2026-05-02 14:08:58] WARNING lines in last 100: 0
[2026-05-02 14:08:58] === Monitor check complete ===
[2026-05-02 14:18:58] === Monitor check ===
[2026-05-02 14:18:58] Job 'finetune_k562plus10_striped_maskonly_3' is running (ID=1974635, state=RUNNING).
[2026-05-02 14:18:58] WARNING lines in last 100: 0
[2026-05-02 14:18:58] === Monitor check complete ===
[2026-05-02 14:28:58] === Monitor check ===
[2026-05-02 14:28:58] Job 'finetune_k562plus10_striped_maskonly_3' is running (ID=1974635, state=RUNNING).
[2026-05-02 14:28:58] WARNING lines in last 100: 0
[2026-05-02 14:28:58] === Monitor check complete ===
[2026-05-02 14:38:58] === Monitor check ===
[2026-05-02 14:38:58] Job 'finetune_k562plus10_striped_maskonly_3' is running (ID=1974635, state=RUNNING).
[2026-05-02 14:38:58] WARNING lines in last 100: 0
[2026-05-02 14:38:58] === Monitor check complete ===
[2026-05-02 14:48:58] === Monitor check ===
[2026-05-02 14:48:59] Job 'finetune_k562plus10_striped_maskonly_3' is running (ID=1974635, state=RUNNING).
[2026-05-02 14:48:59] WARNING lines in last 100: 0
[2026-05-02 14:48:59] === Monitor check complete ===
[2026-05-02 14:58:59] === Monitor check ===
[2026-05-02 14:58:59] Job 'finetune_k562plus10_striped_maskonly_3' is running (ID=1974635, state=RUNNING).
[2026-05-02 14:58:59] WARNING lines in last 100: 0
[2026-05-02 14:58:59] === Monitor check complete ===
[2026-05-02 15:08:59] === Monitor check ===
[2026-05-02 15:08:59] Job 'finetune_k562plus10_striped_maskonly_3' is running (ID=1974635, state=RUNNING).
[2026-05-02 15:08:59] WARNING lines in last 100: 0
[2026-05-02 15:08:59] === Monitor check complete ===
[2026-05-02 15:18:59] === Monitor check ===
[2026-05-02 15:18:59] Job 'finetune_k562plus10_striped_maskonly_3' is running (ID=1974635, state=RUNNING).
[2026-05-02 15:18:59] WARNING lines in last 100: 0
[2026-05-02 15:18:59] === Monitor check complete ===
[2026-05-02 15:28:59] === Monitor check ===
[2026-05-02 15:28:59] Job 'finetune_k562plus10_striped_maskonly_3' is running (ID=1974635, state=RUNNING).
[2026-05-02 15:28:59] WARNING lines in last 100: 0
[2026-05-02 15:28:59] === Monitor check complete ===
[2026-05-02 15:38:59] === Monitor check ===
[2026-05-02 15:38:59] Job 'finetune_k562plus10_striped_maskonly_3' is running (ID=1974635, state=RUNNING).
[2026-05-02 15:39:00] WARNING lines in last 100: 0
[2026-05-02 15:39:00] === Monitor check complete ===
[2026-05-02 15:49:00] === Monitor check ===
[2026-05-02 15:49:00] Job 'finetune_k562plus10_striped_maskonly_3' is running (ID=1974635, state=RUNNING).
[2026-05-02 15:49:00] WARNING lines in last 100: 0
[2026-05-02 15:49:00] === Monitor check complete ===
[2026-05-02 15:59:00] === Monitor check ===
[2026-05-02 15:59:00] Job 'finetune_k562plus10_striped_maskonly_3' is running (ID=1974635, state=RUNNING).
[2026-05-02 15:59:00] WARNING lines in last 100: 0
[2026-05-02 15:59:00] === Monitor check complete ===
[2026-05-02 16:09:00] === Monitor check ===
[2026-05-02 16:09:00] Job 'finetune_k562plus10_striped_maskonly_3' is running (ID=1974635, state=RUNNING).
[2026-05-02 16:09:00] WARNING lines in last 100: 0
[2026-05-02 16:09:00] === Monitor check complete ===
[2026-05-02 16:19:00] === Monitor check ===
[2026-05-02 16:19:00] Job 'finetune_k562plus10_striped_maskonly_3' is running (ID=1974635, state=RUNNING).
[2026-05-02 16:19:00] WARNING lines in last 100: 0
[2026-05-02 16:19:00] === Monitor check complete ===
[2026-05-02 16:29:00] === Monitor check ===
[2026-05-02 16:29:00] Job 'finetune_k562plus10_striped_maskonly_3' is running (ID=1974635, state=RUNNING).
[2026-05-02 16:29:01] WARNING lines in last 100: 0
[2026-05-02 16:29:01] === Monitor check complete ===
[2026-05-02 16:39:01] === Monitor check ===
[2026-05-02 16:39:01] Job 'finetune_k562plus10_striped_maskonly_3' is running (ID=1974635, state=RUNNING).
[2026-05-02 16:39:01] WARNING lines in last 100: 0
[2026-05-02 16:39:01] === Monitor check complete ===
[2026-05-02 16:49:01] === Monitor check ===
[2026-05-02 16:49:01] Job 'finetune_k562plus10_striped_maskonly_3' is running (ID=1974635, state=RUNNING).
[2026-05-02 16:49:01] WARNING lines in last 100: 0
[2026-05-02 16:49:01] === Monitor check complete ===
[2026-05-02 16:59:01] === Monitor check ===
[2026-05-02 16:59:01] Job 'finetune_k562plus10_striped_maskonly_3' is not running.
[2026-05-02 16:59:01] Latest output file: /data1/lesliec/sarthak/caduceus/jobs/1974635-finetune_k562plus10_striped_maskonly_3.out
[2026-05-02 16:59:01] Using checkpoint: /data1/lesliec/sarthak/caduceus/outputs/2026-05-02/08-19-09-862228/checkpoints/01-step=12000.ckpt
[2026-05-02 16:59:01] Submitting: seed=2232  ckpt=/data1/lesliec/sarthak/caduceus/outputs/2026-05-02/08-19-09-862228/checkpoints/01-step=12000.ckpt
[2026-05-02 16:59:01] Submitted job 2010385. Incrementing seed to 2233.
[2026-05-02 16:59:01] === Monitor check complete ===
[2026-05-02 17:09:01] === Monitor check ===
[2026-05-02 17:09:01] Job 'finetune_k562plus10_striped_maskonly_3' is running (ID=2010385, state=RUNNING).
[2026-05-02 17:09:01] WARNING lines in last 100: 0
[2026-05-02 17:09:01] === Monitor check complete ===
[2026-05-02 17:19:01] === Monitor check ===
[2026-05-02 17:19:01] Job 'finetune_k562plus10_striped_maskonly_3' is running (ID=2010385, state=RUNNING).
[2026-05-02 17:19:01] WARNING lines in last 100: 0
[2026-05-02 17:19:01] === Monitor check complete ===
[2026-05-02 17:29:01] === Monitor check ===
[2026-05-02 17:29:02] Job 'finetune_k562plus10_striped_maskonly_3' is running (ID=2010385, state=RUNNING).
[2026-05-02 17:29:02] WARNING lines in last 100: 0
[2026-05-02 17:29:02] === Monitor check complete ===
[2026-05-02 17:39:02] === Monitor check ===
[2026-05-02 17:39:02] Job 'finetune_k562plus10_striped_maskonly_3' is running (ID=2010385, state=RUNNING).
[2026-05-02 17:39:02] WARNING lines in last 100: 0
[2026-05-02 17:39:02] === Monitor check complete ===
[2026-05-02 17:49:02] === Monitor check ===
[2026-05-02 17:49:02] Job 'finetune_k562plus10_striped_maskonly_3' is running (ID=2010385, state=RUNNING).
[2026-05-02 17:49:02] WARNING lines in last 100: 0
[2026-05-02 17:49:02] === Monitor check complete ===
[2026-05-02 17:59:02] === Monitor check ===
[2026-05-02 17:59:02] Job 'finetune_k562plus10_striped_maskonly_3' is running (ID=2010385, state=RUNNING).
[2026-05-02 17:59:02] WARNING lines in last 100: 0
[2026-05-02 17:59:02] === Monitor check complete ===
[2026-05-02 18:09:02] === Monitor check ===
[2026-05-02 18:09:02] Job 'finetune_k562plus10_striped_maskonly_3' is running (ID=2010385, state=RUNNING).
[2026-05-02 18:09:02] WARNING lines in last 100: 0
[2026-05-02 18:09:02] === Monitor check complete ===
[2026-05-02 18:19:02] === Monitor check ===
[2026-05-02 18:19:02] Job 'finetune_k562plus10_striped_maskonly_3' is running (ID=2010385, state=RUNNING).
[2026-05-02 18:19:02] WARNING lines in last 100: 0
[2026-05-02 18:19:02] === Monitor check complete ===
[2026-05-02 18:29:02] === Monitor check ===
[2026-05-02 18:29:02] Job 'finetune_k562plus10_striped_maskonly_3' is running (ID=2010385, state=RUNNING).
[2026-05-02 18:29:02] WARNING lines in last 100: 0
[2026-05-02 18:29:02] === Monitor check complete ===
[2026-05-02 18:39:02] === Monitor check ===
[2026-05-02 18:39:02] Job 'finetune_k562plus10_striped_maskonly_3' is running (ID=2010385, state=RUNNING).
[2026-05-02 18:39:02] WARNING lines in last 100: 0
[2026-05-02 18:39:02] === Monitor check complete ===
[2026-05-02 18:49:02] === Monitor check ===
[2026-05-02 18:49:03] Job 'finetune_k562plus10_striped_maskonly_3' is running (ID=2010385, state=RUNNING).
[2026-05-02 18:49:03] WARNING lines in last 100: 0
[2026-05-02 18:49:03] === Monitor check complete ===
[2026-05-02 18:59:03] === Monitor check ===
[2026-05-02 18:59:03] Job 'finetune_k562plus10_striped_maskonly_3' is running (ID=2010385, state=RUNNING).
[2026-05-02 18:59:03] WARNING lines in last 100: 0
[2026-05-02 18:59:03] === Monitor check complete ===
[2026-05-02 19:09:03] === Monitor check ===
[2026-05-02 19:09:03] Job 'finetune_k562plus10_striped_maskonly_3' is running (ID=2010385, state=RUNNING).
[2026-05-02 19:09:03] WARNING lines in last 100: 0
[2026-05-02 19:09:03] === Monitor check complete ===
[2026-05-02 19:19:03] === Monitor check ===
[2026-05-02 19:19:03] Job 'finetune_k562plus10_striped_maskonly_3' is running (ID=2010385, state=RUNNING).
[2026-05-02 19:19:03] WARNING lines in last 100: 0
[2026-05-02 19:19:03] === Monitor check complete ===
[2026-05-02 19:29:03] === Monitor check ===
[2026-05-02 19:29:03] Job 'finetune_k562plus10_striped_maskonly_3' is running (ID=2010385, state=RUNNING).
[2026-05-02 19:29:03] WARNING lines in last 100: 0
[2026-05-02 19:29:03] === Monitor check complete ===
[2026-05-02 19:39:03] === Monitor check ===
[2026-05-02 19:39:03] Job 'finetune_k562plus10_striped_maskonly_3' is running (ID=2010385, state=RUNNING).
[2026-05-02 19:39:03] WARNING lines in last 100: 0
[2026-05-02 19:39:03] === Monitor check complete ===
[2026-05-02 19:49:03] === Monitor check ===
[2026-05-02 19:49:03] Job 'finetune_k562plus10_striped_maskonly_3' is running (ID=2010385, state=RUNNING).
[2026-05-02 19:49:03] WARNING lines in last 100: 0
[2026-05-02 19:49:03] === Monitor check complete ===
[2026-05-02 19:59:03] === Monitor check ===
[2026-05-02 19:59:04] Job 'finetune_k562plus10_striped_maskonly_3' is running (ID=2010385, state=RUNNING).
[2026-05-02 19:59:04] WARNING lines in last 100: 0
[2026-05-02 19:59:04] === Monitor check complete ===
[2026-05-02 20:09:04] === Monitor check ===
[2026-05-02 20:09:04] Job 'finetune_k562plus10_striped_maskonly_3' is running (ID=2010385, state=RUNNING).
[2026-05-02 20:09:04] WARNING lines in last 100: 0
[2026-05-02 20:09:04] === Monitor check complete ===
[2026-05-02 20:19:04] === Monitor check ===
[2026-05-02 20:19:04] Job 'finetune_k562plus10_striped_maskonly_3' is running (ID=2010385, state=RUNNING).
[2026-05-02 20:19:04] WARNING lines in last 100: 0
[2026-05-02 20:19:04] === Monitor check complete ===
[2026-05-02 20:29:04] === Monitor check ===
[2026-05-02 20:29:04] Job 'finetune_k562plus10_striped_maskonly_3' is running (ID=2010385, state=RUNNING).
[2026-05-02 20:29:04] WARNING lines in last 100: 0
[2026-05-02 20:29:04] === Monitor check complete ===
[2026-05-02 20:39:04] === Monitor check ===
[2026-05-02 20:39:04] Job 'finetune_k562plus10_striped_maskonly_3' is running (ID=2010385, state=RUNNING).
[2026-05-02 20:39:04] WARNING lines in last 100: 0
[2026-05-02 20:39:04] === Monitor check complete ===
[2026-05-02 20:49:04] === Monitor check ===
[2026-05-02 20:49:04] Job 'finetune_k562plus10_striped_maskonly_3' is running (ID=2010385, state=RUNNING).
[2026-05-02 20:49:04] WARNING lines in last 100: 0
[2026-05-02 20:49:04] === Monitor check complete ===
[2026-05-02 20:59:04] === Monitor check ===
[2026-05-02 20:59:04] Job 'finetune_k562plus10_striped_maskonly_3' is running (ID=2010385, state=RUNNING).
[2026-05-02 20:59:04] WARNING lines in last 100: 0
[2026-05-02 20:59:04] === Monitor check complete ===
[2026-05-02 21:09:04] === Monitor check ===
[2026-05-02 21:09:05] Job 'finetune_k562plus10_striped_maskonly_3' is running (ID=2010385, state=RUNNING).
[2026-05-02 21:09:05] WARNING lines in last 100: 0
[2026-05-02 21:09:05] === Monitor check complete ===
[2026-05-02 21:19:05] === Monitor check ===
[2026-05-02 21:19:05] Job 'finetune_k562plus10_striped_maskonly_3' is running (ID=2010385, state=RUNNING).
[2026-05-02 21:19:05] WARNING lines in last 100: 0
[2026-05-02 21:19:05] === Monitor check complete ===
[2026-05-02 21:29:05] === Monitor check ===
[2026-05-02 21:29:05] Job 'finetune_k562plus10_striped_maskonly_3' is running (ID=2010385, state=RUNNING).
[2026-05-02 21:29:05] WARNING lines in last 100: 0
[2026-05-02 21:29:05] === Monitor check complete ===
[2026-05-02 21:39:05] === Monitor check ===
[2026-05-02 21:39:05] Job 'finetune_k562plus10_striped_maskonly_3' is running (ID=2010385, state=RUNNING).
[2026-05-02 21:39:05] WARNING lines in last 100: 0
[2026-05-02 21:39:05] === Monitor check complete ===
[2026-05-02 21:49:05] === Monitor check ===
[2026-05-02 21:49:05] Job 'finetune_k562plus10_striped_maskonly_3' is running (ID=2010385, state=RUNNING).
[2026-05-02 21:49:05] WARNING lines in last 100: 0
[2026-05-02 21:49:05] === Monitor check complete ===
[2026-05-02 21:59:05] === Monitor check ===
[2026-05-02 21:59:05] Job 'finetune_k562plus10_striped_maskonly_3' is running (ID=2010385, state=RUNNING).
[2026-05-02 21:59:05] WARNING lines in last 100: 0
[2026-05-02 21:59:05] === Monitor check complete ===
[2026-05-02 22:09:05] === Monitor check ===
[2026-05-02 22:09:06] Job 'finetune_k562plus10_striped_maskonly_3' is running (ID=2010385, state=RUNNING).
[2026-05-02 22:09:06] WARNING lines in last 100: 0
[2026-05-02 22:09:06] === Monitor check complete ===
[2026-05-02 22:19:06] === Monitor check ===
[2026-05-02 22:19:06] Job 'finetune_k562plus10_striped_maskonly_3' is running (ID=2010385, state=RUNNING).
[2026-05-02 22:19:06] WARNING lines in last 100: 0
[2026-05-02 22:19:06] === Monitor check complete ===
[2026-05-02 22:29:06] === Monitor check ===
[2026-05-02 22:29:06] Job 'finetune_k562plus10_striped_maskonly_3' is running (ID=2010385, state=RUNNING).
[2026-05-02 22:29:06] WARNING lines in last 100: 0
[2026-05-02 22:29:06] === Monitor check complete ===
[2026-05-02 22:39:06] === Monitor check ===
[2026-05-02 22:39:06] Job 'finetune_k562plus10_striped_maskonly_3' is running (ID=2010385, state=RUNNING).
[2026-05-02 22:39:06] WARNING lines in last 100: 0
[2026-05-02 22:39:06] === Monitor check complete ===
[2026-05-02 22:49:06] === Monitor check ===
[2026-05-02 22:49:06] Job 'finetune_k562plus10_striped_maskonly_3' is running (ID=2010385, state=RUNNING).
[2026-05-02 22:49:06] WARNING lines in last 100: 0
[2026-05-02 22:49:06] === Monitor check complete ===
[2026-05-02 22:59:06] === Monitor check ===
[2026-05-02 22:59:06] Job 'finetune_k562plus10_striped_maskonly_3' is running (ID=2010385, state=RUNNING).
[2026-05-02 22:59:06] WARNING lines in last 100: 0
[2026-05-02 22:59:06] === Monitor check complete ===
[2026-05-02 23:09:07] === Monitor check ===
[2026-05-02 23:09:07] Job 'finetune_k562plus10_striped_maskonly_3' is running (ID=2010385, state=RUNNING).
[2026-05-02 23:09:07] WARNING lines in last 100: 1
[2026-05-02 23:09:07] === Monitor check complete ===
[2026-05-02 23:19:07] === Monitor check ===
[2026-05-02 23:19:07] Job 'finetune_k562plus10_striped_maskonly_3' is running (ID=2010385, state=RUNNING).
[2026-05-02 23:19:07] WARNING lines in last 100: 1
[2026-05-02 23:19:07] === Monitor check complete ===
[2026-05-02 23:29:07] === Monitor check ===
[2026-05-02 23:29:07] Job 'finetune_k562plus10_striped_maskonly_3' is running (ID=2010385, state=RUNNING).
[2026-05-02 23:29:07] WARNING lines in last 100: 1
[2026-05-02 23:29:07] === Monitor check complete ===
[2026-05-02 23:39:07] === Monitor check ===
[2026-05-02 23:39:07] Job 'finetune_k562plus10_striped_maskonly_3' is not running.
[2026-05-02 23:39:07] Latest output file: /data1/lesliec/sarthak/caduceus/jobs/2010385-finetune_k562plus10_striped_maskonly_3.out
[2026-05-02 23:39:07] Using checkpoint: /data1/lesliec/sarthak/caduceus/outputs/2026-05-02/16-59-16-059908/checkpoints/01-step=12250.ckpt
[2026-05-02 23:39:07] Submitting: seed=2233  ckpt=/data1/lesliec/sarthak/caduceus/outputs/2026-05-02/16-59-16-059908/checkpoints/01-step=12250.ckpt
[2026-05-02 23:39:07] Submitted job 2033914. Incrementing seed to 2234.
[2026-05-02 23:39:07] === Monitor check complete ===
[2026-05-02 23:49:07] === Monitor check ===
[2026-05-02 23:49:07] Job 'finetune_k562plus10_striped_maskonly_3' is running (ID=2033914, state=RUNNING).
[2026-05-02 23:49:07] WARNING lines in last 100: 0
[2026-05-02 23:49:07] === Monitor check complete ===
[2026-05-02 23:59:07] === Monitor check ===
[2026-05-02 23:59:07] Job 'finetune_k562plus10_striped_maskonly_3' is running (ID=2033914, state=RUNNING).
[2026-05-02 23:59:07] WARNING lines in last 100: 0
[2026-05-02 23:59:07] === Monitor check complete ===
[2026-05-03 00:09:07] === Monitor check ===
[2026-05-03 00:09:07] Job 'finetune_k562plus10_striped_maskonly_3' is running (ID=2033914, state=RUNNING).
[2026-05-03 00:09:07] WARNING lines in last 100: 0
[2026-05-03 00:09:07] === Monitor check complete ===
[2026-05-03 00:19:07] === Monitor check ===
[2026-05-03 00:19:08] Job 'finetune_k562plus10_striped_maskonly_3' is running (ID=2033914, state=RUNNING).
[2026-05-03 00:19:08] WARNING lines in last 100: 0
[2026-05-03 00:19:08] === Monitor check complete ===
[2026-05-03 00:29:08] === Monitor check ===
[2026-05-03 00:29:08] Job 'finetune_k562plus10_striped_maskonly_3' is running (ID=2033914, state=RUNNING).
[2026-05-03 00:29:08] WARNING lines in last 100: 0
[2026-05-03 00:29:08] === Monitor check complete ===
[2026-05-03 00:39:08] === Monitor check ===
[2026-05-03 00:39:08] Job 'finetune_k562plus10_striped_maskonly_3' is running (ID=2033914, state=RUNNING).
[2026-05-03 00:39:08] WARNING lines in last 100: 0
[2026-05-03 00:39:08] === Monitor check complete ===
[2026-05-03 00:49:08] === Monitor check ===
[2026-05-03 00:49:08] Job 'finetune_k562plus10_striped_maskonly_3' is running (ID=2033914, state=RUNNING).
[2026-05-03 00:49:08] WARNING lines in last 100: 0
[2026-05-03 00:49:08] === Monitor check complete ===
[2026-05-03 00:59:08] === Monitor check ===
[2026-05-03 00:59:08] Job 'finetune_k562plus10_striped_maskonly_3' is running (ID=2033914, state=RUNNING).
[2026-05-03 00:59:08] WARNING lines in last 100: 0
[2026-05-03 00:59:08] === Monitor check complete ===
[2026-05-03 01:09:08] === Monitor check ===
[2026-05-03 01:09:08] Job 'finetune_k562plus10_striped_maskonly_3' is running (ID=2033914, state=RUNNING).
[2026-05-03 01:09:08] WARNING lines in last 100: 0
[2026-05-03 01:09:08] === Monitor check complete ===
[2026-05-03 01:19:08] === Monitor check ===
[2026-05-03 01:19:08] Job 'finetune_k562plus10_striped_maskonly_3' is running (ID=2033914, state=RUNNING).
[2026-05-03 01:19:08] WARNING lines in last 100: 0
[2026-05-03 01:19:08] === Monitor check complete ===
[2026-05-03 01:29:08] === Monitor check ===
[2026-05-03 01:29:09] Job 'finetune_k562plus10_striped_maskonly_3' is running (ID=2033914, state=RUNNING).
[2026-05-03 01:29:09] WARNING lines in last 100: 0
[2026-05-03 01:29:09] === Monitor check complete ===
[2026-05-03 01:39:09] === Monitor check ===
[2026-05-03 01:39:09] Job 'finetune_k562plus10_striped_maskonly_3' is running (ID=2033914, state=RUNNING).
[2026-05-03 01:39:09] WARNING lines in last 100: 0
[2026-05-03 01:39:09] === Monitor check complete ===
[2026-05-03 01:49:09] === Monitor check ===
[2026-05-03 01:49:09] Job 'finetune_k562plus10_striped_maskonly_3' is running (ID=2033914, state=RUNNING).
[2026-05-03 01:49:09] WARNING lines in last 100: 0
[2026-05-03 01:49:09] === Monitor check complete ===
[2026-05-03 01:59:09] === Monitor check ===
[2026-05-03 01:59:09] Job 'finetune_k562plus10_striped_maskonly_3' is running (ID=2033914, state=RUNNING).
[2026-05-03 01:59:09] WARNING lines in last 100: 0
[2026-05-03 01:59:09] === Monitor check complete ===
[2026-05-03 02:09:09] === Monitor check ===
[2026-05-03 02:09:09] Job 'finetune_k562plus10_striped_maskonly_3' is running (ID=2033914, state=RUNNING).
[2026-05-03 02:09:09] WARNING lines in last 100: 0
[2026-05-03 02:09:09] === Monitor check complete ===
[2026-05-03 02:19:09] === Monitor check ===
[2026-05-03 02:19:10] Job 'finetune_k562plus10_striped_maskonly_3' is running (ID=2033914, state=RUNNING).
[2026-05-03 02:19:10] WARNING lines in last 100: 0
[2026-05-03 02:19:10] === Monitor check complete ===
[2026-05-03 02:29:10] === Monitor check ===
[2026-05-03 02:29:10] Job 'finetune_k562plus10_striped_maskonly_3' is running (ID=2033914, state=RUNNING).
[2026-05-03 02:29:10] WARNING lines in last 100: 0
[2026-05-03 02:29:10] === Monitor check complete ===
[2026-05-03 02:39:10] === Monitor check ===
[2026-05-03 02:39:10] Job 'finetune_k562plus10_striped_maskonly_3' is running (ID=2033914, state=RUNNING).
[2026-05-03 02:39:10] WARNING lines in last 100: 0
[2026-05-03 02:39:10] === Monitor check complete ===
[2026-05-03 02:49:10] === Monitor check ===
[2026-05-03 02:49:10] Job 'finetune_k562plus10_striped_maskonly_3' is running (ID=2033914, state=RUNNING).
[2026-05-03 02:49:10] WARNING lines in last 100: 0
[2026-05-03 02:49:10] === Monitor check complete ===
[2026-05-03 02:59:10] === Monitor check ===
[2026-05-03 02:59:10] Job 'finetune_k562plus10_striped_maskonly_3' is running (ID=2033914, state=RUNNING).
[2026-05-03 02:59:10] WARNING lines in last 100: 0
[2026-05-03 02:59:10] === Monitor check complete ===
[2026-05-03 03:09:10] === Monitor check ===
[2026-05-03 03:09:11] Job 'finetune_k562plus10_striped_maskonly_3' is running (ID=2033914, state=RUNNING).
[2026-05-03 03:09:11] WARNING lines in last 100: 0
[2026-05-03 03:09:11] === Monitor check complete ===
[2026-05-03 03:19:11] === Monitor check ===
[2026-05-03 03:19:11] Job 'finetune_k562plus10_striped_maskonly_3' is running (ID=2033914, state=RUNNING).
[2026-05-03 03:19:11] WARNING lines in last 100: 0
[2026-05-03 03:19:11] === Monitor check complete ===
[2026-05-03 03:29:11] === Monitor check ===
[2026-05-03 03:29:11] Job 'finetune_k562plus10_striped_maskonly_3' is running (ID=2033914, state=RUNNING).
[2026-05-03 03:29:11] WARNING lines in last 100: 0
[2026-05-03 03:29:11] === Monitor check complete ===
[2026-05-03 03:39:11] === Monitor check ===
[2026-05-03 03:39:11] Job 'finetune_k562plus10_striped_maskonly_3' is running (ID=2033914, state=RUNNING).
[2026-05-03 03:39:11] WARNING lines in last 100: 0
[2026-05-03 03:39:11] === Monitor check complete ===
[2026-05-03 03:49:11] === Monitor check ===
[2026-05-03 03:49:11] Job 'finetune_k562plus10_striped_maskonly_3' is running (ID=2033914, state=RUNNING).
[2026-05-03 03:49:11] WARNING lines in last 100: 0
[2026-05-03 03:49:11] === Monitor check complete ===
[2026-05-03 03:59:11] === Monitor check ===
[2026-05-03 03:59:11] Job 'finetune_k562plus10_striped_maskonly_3' is running (ID=2033914, state=RUNNING).
[2026-05-03 03:59:11] WARNING lines in last 100: 0
[2026-05-03 03:59:11] === Monitor check complete ===
[2026-05-03 04:09:11] === Monitor check ===
[2026-05-03 04:09:12] Job 'finetune_k562plus10_striped_maskonly_3' is running (ID=2033914, state=RUNNING).
[2026-05-03 04:09:12] WARNING lines in last 100: 0
[2026-05-03 04:09:12] === Monitor check complete ===
[2026-05-03 04:19:12] === Monitor check ===
[2026-05-03 04:19:12] Job 'finetune_k562plus10_striped_maskonly_3' is running (ID=2033914, state=RUNNING).
[2026-05-03 04:19:12] WARNING lines in last 100: 0
[2026-05-03 04:19:12] === Monitor check complete ===
[2026-05-03 04:29:12] === Monitor check ===
[2026-05-03 04:29:12] Job 'finetune_k562plus10_striped_maskonly_3' is running (ID=2033914, state=RUNNING).
[2026-05-03 04:29:12] WARNING lines in last 100: 0
[2026-05-03 04:29:12] === Monitor check complete ===
[2026-05-03 04:39:12] === Monitor check ===
[2026-05-03 04:39:12] Job 'finetune_k562plus10_striped_maskonly_3' is running (ID=2033914, state=RUNNING).
[2026-05-03 04:39:12] WARNING lines in last 100: 0
[2026-05-03 04:39:12] === Monitor check complete ===
[2026-05-03 04:49:12] === Monitor check ===
[2026-05-03 04:49:12] Job 'finetune_k562plus10_striped_maskonly_3' is running (ID=2033914, state=RUNNING).
[2026-05-03 04:49:12] WARNING lines in last 100: 0
[2026-05-03 04:49:12] === Monitor check complete ===
[2026-05-03 04:59:12] === Monitor check ===
[2026-05-03 04:59:12] Job 'finetune_k562plus10_striped_maskonly_3' is running (ID=2033914, state=RUNNING).
[2026-05-03 04:59:12] WARNING lines in last 100: 0
[2026-05-03 04:59:12] === Monitor check complete ===
[2026-05-03 05:09:12] === Monitor check ===
[2026-05-03 05:09:13] Job 'finetune_k562plus10_striped_maskonly_3' is running (ID=2033914, state=RUNNING).
[2026-05-03 05:09:13] WARNING lines in last 100: 0
[2026-05-03 05:09:13] === Monitor check complete ===
[2026-05-03 05:19:13] === Monitor check ===
[2026-05-03 05:19:13] Job 'finetune_k562plus10_striped_maskonly_3' is running (ID=2033914, state=RUNNING).
[2026-05-03 05:19:13] WARNING lines in last 100: 0
[2026-05-03 05:19:13] === Monitor check complete ===
[2026-05-03 05:29:13] === Monitor check ===
[2026-05-03 05:29:13] Job 'finetune_k562plus10_striped_maskonly_3' is running (ID=2033914, state=RUNNING).
[2026-05-03 05:29:13] WARNING lines in last 100: 0
[2026-05-03 05:29:13] === Monitor check complete ===
[2026-05-03 05:39:13] === Monitor check ===
[2026-05-03 05:39:13] Job 'finetune_k562plus10_striped_maskonly_3' is running (ID=2033914, state=RUNNING).
[2026-05-03 05:39:13] WARNING lines in last 100: 0
[2026-05-03 05:39:13] === Monitor check complete ===
[2026-05-03 05:49:13] === Monitor check ===
[2026-05-03 05:49:13] Job 'finetune_k562plus10_striped_maskonly_3' is running (ID=2033914, state=RUNNING).
[2026-05-03 05:49:13] WARNING lines in last 100: 0
[2026-05-03 05:49:13] === Monitor check complete ===
[2026-05-03 05:59:13] === Monitor check ===
[2026-05-03 05:59:13] Job 'finetune_k562plus10_striped_maskonly_3' is running (ID=2033914, state=RUNNING).
[2026-05-03 05:59:14] WARNING lines in last 100: 0
[2026-05-03 05:59:14] === Monitor check complete ===
[2026-05-03 06:09:14] === Monitor check ===
[2026-05-03 06:09:14] Job 'finetune_k562plus10_striped_maskonly_3' is running (ID=2033914, state=RUNNING).
[2026-05-03 06:09:14] WARNING lines in last 100: 0
[2026-05-03 06:09:14] === Monitor check complete ===
[2026-05-03 06:19:14] === Monitor check ===
[2026-05-03 06:19:14] Job 'finetune_k562plus10_striped_maskonly_3' is running (ID=2033914, state=RUNNING).
[2026-05-03 06:19:14] WARNING lines in last 100: 0
[2026-05-03 06:19:14] === Monitor check complete ===
[2026-05-03 06:29:14] === Monitor check ===
[2026-05-03 06:29:14] Job 'finetune_k562plus10_striped_maskonly_3' is running (ID=2033914, state=RUNNING).
[2026-05-03 06:29:14] WARNING lines in last 100: 0
[2026-05-03 06:29:14] === Monitor check complete ===
[2026-05-03 06:39:14] === Monitor check ===
[2026-05-03 06:39:14] Job 'finetune_k562plus10_striped_maskonly_3' is running (ID=2033914, state=RUNNING).
[2026-05-03 06:39:14] WARNING lines in last 100: 0
[2026-05-03 06:39:14] === Monitor check complete ===
[2026-05-03 06:49:14] === Monitor check ===
[2026-05-03 06:49:14] Job 'finetune_k562plus10_striped_maskonly_3' is running (ID=2033914, state=RUNNING).
[2026-05-03 06:49:14] WARNING lines in last 100: 0
[2026-05-03 06:49:14] === Monitor check complete ===
[2026-05-03 06:59:15] === Monitor check ===
[2026-05-03 06:59:15] Job 'finetune_k562plus10_striped_maskonly_3' is running (ID=2033914, state=RUNNING).
[2026-05-03 06:59:15] WARNING lines in last 100: 0
[2026-05-03 06:59:15] === Monitor check complete ===
[2026-05-03 07:09:15] === Monitor check ===
[2026-05-03 07:09:15] Job 'finetune_k562plus10_striped_maskonly_3' is running (ID=2033914, state=RUNNING).
[2026-05-03 07:09:15] WARNING lines in last 100: 0
[2026-05-03 07:09:15] === Monitor check complete ===
[2026-05-03 07:19:15] === Monitor check ===
[2026-05-03 07:19:15] Job 'finetune_k562plus10_striped_maskonly_3' is running (ID=2033914, state=RUNNING).
[2026-05-03 07:19:15] WARNING lines in last 100: 0
[2026-05-03 07:19:15] === Monitor check complete ===
[2026-05-03 07:29:15] === Monitor check ===
[2026-05-03 07:29:15] Job 'finetune_k562plus10_striped_maskonly_3' is running (ID=2033914, state=RUNNING).
[2026-05-03 07:29:15] WARNING lines in last 100: 0
[2026-05-03 07:29:15] === Monitor check complete ===
[2026-05-03 07:39:15] === Monitor check ===
[2026-05-03 07:39:15] Job 'finetune_k562plus10_striped_maskonly_3' is running (ID=2033914, state=RUNNING).
[2026-05-03 07:39:15] WARNING lines in last 100: 0
[2026-05-03 07:39:15] === Monitor check complete ===
[2026-05-03 07:49:15] === Monitor check ===
[2026-05-03 07:49:16] Job 'finetune_k562plus10_striped_maskonly_3' is running (ID=2033914, state=RUNNING).
[2026-05-03 07:49:16] WARNING lines in last 100: 0
[2026-05-03 07:49:16] === Monitor check complete ===
[2026-05-03 07:59:16] === Monitor check ===
[2026-05-03 07:59:16] Job 'finetune_k562plus10_striped_maskonly_3' is running (ID=2033914, state=RUNNING).
[2026-05-03 07:59:16] WARNING lines in last 100: 0
[2026-05-03 07:59:16] === Monitor check complete ===
[2026-05-03 08:09:16] === Monitor check ===
[2026-05-03 08:09:16] Job 'finetune_k562plus10_striped_maskonly_3' is running (ID=2033914, state=RUNNING).
[2026-05-03 08:09:16] WARNING lines in last 100: 0
[2026-05-03 08:09:16] === Monitor check complete ===
[2026-05-03 08:19:16] === Monitor check ===
[2026-05-03 08:19:16] Job 'finetune_k562plus10_striped_maskonly_3' is running (ID=2033914, state=RUNNING).
[2026-05-03 08:19:16] WARNING lines in last 100: 0
[2026-05-03 08:19:16] === Monitor check complete ===
[2026-05-03 08:29:16] === Monitor check ===
[2026-05-03 08:29:16] Job 'finetune_k562plus10_striped_maskonly_3' is running (ID=2033914, state=RUNNING).
[2026-05-03 08:29:17] WARNING lines in last 100: 0
[2026-05-03 08:29:17] === Monitor check complete ===
[2026-05-03 08:39:17] === Monitor check ===
[2026-05-03 08:39:17] Job 'finetune_k562plus10_striped_maskonly_3' is running (ID=2033914, state=RUNNING).
[2026-05-03 08:39:17] WARNING lines in last 100: 0
[2026-05-03 08:39:17] === Monitor check complete ===
[2026-05-03 08:49:17] === Monitor check ===
[2026-05-03 08:49:17] Job 'finetune_k562plus10_striped_maskonly_3' is running (ID=2033914, state=RUNNING).
[2026-05-03 08:49:17] WARNING lines in last 100: 0
[2026-05-03 08:49:17] === Monitor check complete ===
[2026-05-03 08:59:17] === Monitor check ===
[2026-05-03 08:59:17] Job 'finetune_k562plus10_striped_maskonly_3' is running (ID=2033914, state=RUNNING).
[2026-05-03 08:59:17] WARNING lines in last 100: 0
[2026-05-03 08:59:17] === Monitor check complete ===
[2026-05-03 09:09:17] === Monitor check ===
[2026-05-03 09:09:17] Job 'finetune_k562plus10_striped_maskonly_3' is running (ID=2033914, state=RUNNING).
[2026-05-03 09:09:17] WARNING lines in last 100: 0
[2026-05-03 09:09:17] === Monitor check complete ===
[2026-05-03 09:19:17] === Monitor check ===
[2026-05-03 09:19:18] Job 'finetune_k562plus10_striped_maskonly_3' is running (ID=2033914, state=RUNNING).
[2026-05-03 09:19:18] WARNING lines in last 100: 0
[2026-05-03 09:19:18] === Monitor check complete ===
[2026-05-03 09:29:18] === Monitor check ===
[2026-05-03 09:29:18] Job 'finetune_k562plus10_striped_maskonly_3' is running (ID=2033914, state=RUNNING).
[2026-05-03 09:29:18] WARNING lines in last 100: 0
[2026-05-03 09:29:18] === Monitor check complete ===
[2026-05-03 09:39:18] === Monitor check ===
[2026-05-03 09:39:18] Job 'finetune_k562plus10_striped_maskonly_3' is running (ID=2033914, state=RUNNING).
[2026-05-03 09:39:18] WARNING lines in last 100: 0
[2026-05-03 09:39:18] === Monitor check complete ===
[2026-05-03 09:49:18] === Monitor check ===
[2026-05-03 09:49:18] Job 'finetune_k562plus10_striped_maskonly_3' is running (ID=2033914, state=RUNNING).
[2026-05-03 09:49:18] WARNING lines in last 100: 0
[2026-05-03 09:49:18] === Monitor check complete ===
[2026-05-03 09:59:18] === Monitor check ===
[2026-05-03 09:59:18] Job 'finetune_k562plus10_striped_maskonly_3' is running (ID=2033914, state=RUNNING).
[2026-05-03 09:59:19] WARNING lines in last 100: 0
[2026-05-03 09:59:19] === Monitor check complete ===
[2026-05-03 10:09:19] === Monitor check ===
[2026-05-03 10:09:19] Job 'finetune_k562plus10_striped_maskonly_3' is running (ID=2033914, state=RUNNING).
[2026-05-03 10:09:19] WARNING lines in last 100: 0
[2026-05-03 10:09:19] === Monitor check complete ===
[2026-05-03 10:19:19] === Monitor check ===
[2026-05-03 10:19:19] Job 'finetune_k562plus10_striped_maskonly_3' is running (ID=2033914, state=RUNNING).
[2026-05-03 10:19:19] WARNING lines in last 100: 0
[2026-05-03 10:19:19] === Monitor check complete ===
[2026-05-03 10:29:19] === Monitor check ===
[2026-05-03 10:29:19] Job 'finetune_k562plus10_striped_maskonly_3' is running (ID=2033914, state=RUNNING).
[2026-05-03 10:29:19] WARNING lines in last 100: 0
[2026-05-03 10:29:19] === Monitor check complete ===
[2026-05-03 10:39:19] === Monitor check ===
[2026-05-03 10:39:19] Job 'finetune_k562plus10_striped_maskonly_3' is running (ID=2033914, state=RUNNING).
[2026-05-03 10:39:19] WARNING lines in last 100: 0
[2026-05-03 10:39:19] === Monitor check complete ===
[2026-05-03 10:49:19] === Monitor check ===
[2026-05-03 10:49:20] Job 'finetune_k562plus10_striped_maskonly_3' is running (ID=2033914, state=RUNNING).
[2026-05-03 10:49:20] WARNING lines in last 100: 0
[2026-05-03 10:49:20] === Monitor check complete ===
[2026-05-03 10:59:20] === Monitor check ===
[2026-05-03 10:59:20] Job 'finetune_k562plus10_striped_maskonly_3' is running (ID=2033914, state=RUNNING).
[2026-05-03 10:59:20] WARNING lines in last 100: 0
[2026-05-03 10:59:20] === Monitor check complete ===
[2026-05-03 11:09:20] === Monitor check ===
[2026-05-03 11:09:20] Job 'finetune_k562plus10_striped_maskonly_3' is running (ID=2033914, state=RUNNING).
[2026-05-03 11:09:20] WARNING lines in last 100: 0
[2026-05-03 11:09:20] === Monitor check complete ===
[2026-05-03 11:19:20] === Monitor check ===
[2026-05-03 11:19:20] Job 'finetune_k562plus10_striped_maskonly_3' is running (ID=2033914, state=RUNNING).
[2026-05-03 11:19:20] WARNING lines in last 100: 0
[2026-05-03 11:19:20] === Monitor check complete ===
[2026-05-03 11:29:20] === Monitor check ===
[2026-05-03 11:29:20] Job 'finetune_k562plus10_striped_maskonly_3' is running (ID=2033914, state=RUNNING).
[2026-05-03 11:29:21] WARNING lines in last 100: 0
[2026-05-03 11:29:21] === Monitor check complete ===
[2026-05-03 11:39:21] === Monitor check ===
[2026-05-03 11:39:21] Job 'finetune_k562plus10_striped_maskonly_3' is running (ID=2033914, state=RUNNING).
[2026-05-03 11:39:21] WARNING lines in last 100: 0
[2026-05-03 11:39:21] === Monitor check complete ===
[2026-05-03 11:49:21] === Monitor check ===
[2026-05-03 11:49:21] Job 'finetune_k562plus10_striped_maskonly_3' is running (ID=2033914, state=RUNNING).
[2026-05-03 11:49:21] WARNING lines in last 100: 0
[2026-05-03 11:49:21] === Monitor check complete ===
[2026-05-03 11:59:21] === Monitor check ===
[2026-05-03 11:59:21] Job 'finetune_k562plus10_striped_maskonly_3' is running (ID=2033914, state=RUNNING).
[2026-05-03 11:59:21] WARNING lines in last 100: 0
[2026-05-03 11:59:21] === Monitor check complete ===
[2026-05-03 12:09:21] === Monitor check ===
[2026-05-03 12:09:22] Job 'finetune_k562plus10_striped_maskonly_3' is running (ID=2033914, state=RUNNING).
[2026-05-03 12:09:22] WARNING lines in last 100: 0
[2026-05-03 12:09:22] === Monitor check complete ===
[2026-05-03 12:19:22] === Monitor check ===
[2026-05-03 12:19:22] Job 'finetune_k562plus10_striped_maskonly_3' is running (ID=2033914, state=RUNNING).
[2026-05-03 12:19:22] WARNING lines in last 100: 0
[2026-05-03 12:19:22] === Monitor check complete ===
[2026-05-03 12:29:22] === Monitor check ===
[2026-05-03 12:29:22] Job 'finetune_k562plus10_striped_maskonly_3' is running (ID=2033914, state=RUNNING).
[2026-05-03 12:29:22] WARNING lines in last 100: 0
[2026-05-03 12:29:22] === Monitor check complete ===
[2026-05-03 12:39:22] === Monitor check ===
[2026-05-03 12:39:22] Job 'finetune_k562plus10_striped_maskonly_3' is running (ID=2033914, state=RUNNING).
[2026-05-03 12:39:22] WARNING lines in last 100: 0
[2026-05-03 12:39:22] === Monitor check complete ===
[2026-05-03 12:49:22] === Monitor check ===
[2026-05-03 12:49:23] Job 'finetune_k562plus10_striped_maskonly_3' is running (ID=2033914, state=RUNNING).
[2026-05-03 12:49:23] WARNING lines in last 100: 0
[2026-05-03 12:49:23] === Monitor check complete ===
[2026-05-03 12:59:23] === Monitor check ===
[2026-05-03 12:59:23] Job 'finetune_k562plus10_striped_maskonly_3' is running (ID=2033914, state=RUNNING).
[2026-05-03 12:59:23] WARNING lines in last 100: 0
[2026-05-03 12:59:23] === Monitor check complete ===
[2026-05-03 13:09:23] === Monitor check ===
[2026-05-03 13:09:23] Job 'finetune_k562plus10_striped_maskonly_3' is running (ID=2033914, state=RUNNING).
[2026-05-03 13:09:23] WARNING lines in last 100: 0
[2026-05-03 13:09:23] === Monitor check complete ===
[2026-05-03 13:19:23] === Monitor check ===
[2026-05-03 13:19:23] Job 'finetune_k562plus10_striped_maskonly_3' is running (ID=2033914, state=RUNNING).
[2026-05-03 13:19:24] WARNING lines in last 100: 0
[2026-05-03 13:19:24] === Monitor check complete ===
[2026-05-03 13:29:24] === Monitor check ===
[2026-05-03 13:29:24] Job 'finetune_k562plus10_striped_maskonly_3' is running (ID=2033914, state=RUNNING).
[2026-05-03 13:29:24] WARNING lines in last 100: 0
[2026-05-03 13:29:24] === Monitor check complete ===
[2026-05-03 13:39:24] === Monitor check ===
[2026-05-03 13:39:24] Job 'finetune_k562plus10_striped_maskonly_3' is running (ID=2033914, state=RUNNING).
[2026-05-03 13:39:24] WARNING lines in last 100: 0
[2026-05-03 13:39:24] === Monitor check complete ===
[2026-05-03 13:49:24] === Monitor check ===
[2026-05-03 13:49:24] Job 'finetune_k562plus10_striped_maskonly_3' is running (ID=2033914, state=RUNNING).
[2026-05-03 13:49:24] WARNING lines in last 100: 0
[2026-05-03 13:49:24] === Monitor check complete ===
[2026-05-03 13:59:24] === Monitor check ===
[2026-05-03 13:59:24] Job 'finetune_k562plus10_striped_maskonly_3' is running (ID=2033914, state=RUNNING).
[2026-05-03 13:59:25] WARNING lines in last 100: 0
[2026-05-03 13:59:25] === Monitor check complete ===
[2026-05-03 14:09:25] === Monitor check ===
[2026-05-03 14:09:25] Job 'finetune_k562plus10_striped_maskonly_3' is running (ID=2033914, state=RUNNING).
[2026-05-03 14:09:25] WARNING lines in last 100: 0
[2026-05-03 14:09:25] === Monitor check complete ===
[2026-05-03 14:19:25] === Monitor check ===
[2026-05-03 14:19:25] Job 'finetune_k562plus10_striped_maskonly_3' is running (ID=2033914, state=RUNNING).
[2026-05-03 14:19:25] WARNING lines in last 100: 0
[2026-05-03 14:19:25] === Monitor check complete ===
[2026-05-03 14:29:25] === Monitor check ===
[2026-05-03 14:29:25] Job 'finetune_k562plus10_striped_maskonly_3' is running (ID=2033914, state=RUNNING).
[2026-05-03 14:29:25] WARNING lines in last 100: 0
[2026-05-03 14:29:25] === Monitor check complete ===
[2026-05-03 14:39:25] === Monitor check ===
[2026-05-03 14:39:25] Job 'finetune_k562plus10_striped_maskonly_3' is running (ID=2033914, state=RUNNING).
[2026-05-03 14:39:26] WARNING lines in last 100: 0
[2026-05-03 14:39:26] === Monitor check complete ===
[2026-05-03 14:49:26] === Monitor check ===
[2026-05-03 14:49:26] Job 'finetune_k562plus10_striped_maskonly_3' is running (ID=2033914, state=RUNNING).
[2026-05-03 14:49:26] WARNING lines in last 100: 0
[2026-05-03 14:49:26] === Monitor check complete ===
[2026-05-03 14:59:26] === Monitor check ===
[2026-05-03 14:59:26] Job 'finetune_k562plus10_striped_maskonly_3' is running (ID=2033914, state=RUNNING).
[2026-05-03 14:59:26] WARNING lines in last 100: 0
[2026-05-03 14:59:26] === Monitor check complete ===
[2026-05-03 15:09:26] === Monitor check ===
[2026-05-03 15:09:26] Job 'finetune_k562plus10_striped_maskonly_3' is running (ID=2033914, state=RUNNING).
[2026-05-03 15:09:26] WARNING lines in last 100: 0
[2026-05-03 15:09:26] === Monitor check complete ===
[2026-05-03 15:19:26] === Monitor check ===
[2026-05-03 15:19:27] Job 'finetune_k562plus10_striped_maskonly_3' is running (ID=2033914, state=RUNNING).
[2026-05-03 15:19:27] WARNING lines in last 100: 0
[2026-05-03 15:19:27] === Monitor check complete ===
[2026-05-03 15:29:27] === Monitor check ===
[2026-05-03 15:29:27] Job 'finetune_k562plus10_striped_maskonly_3' is running (ID=2033914, state=RUNNING).
[2026-05-03 15:29:27] WARNING lines in last 100: 0
[2026-05-03 15:29:27] === Monitor check complete ===
[2026-05-03 15:39:27] === Monitor check ===
[2026-05-03 15:39:27] Job 'finetune_k562plus10_striped_maskonly_3' is running (ID=2033914, state=RUNNING).
[2026-05-03 15:39:27] WARNING lines in last 100: 0
[2026-05-03 15:39:27] === Monitor check complete ===
[2026-05-03 15:49:27] === Monitor check ===
[2026-05-03 15:49:27] Job 'finetune_k562plus10_striped_maskonly_3' is running (ID=2033914, state=RUNNING).
[2026-05-03 15:49:28] WARNING lines in last 100: 0
[2026-05-03 15:49:28] === Monitor check complete ===
[2026-05-03 15:59:28] === Monitor check ===
[2026-05-03 15:59:28] Job 'finetune_k562plus10_striped_maskonly_3' is running (ID=2033914, state=RUNNING).
[2026-05-03 15:59:28] WARNING lines in last 100: 0
[2026-05-03 15:59:28] === Monitor check complete ===
[2026-05-03 16:09:28] === Monitor check ===
[2026-05-03 16:09:28] Job 'finetune_k562plus10_striped_maskonly_3' is running (ID=2033914, state=RUNNING).
[2026-05-03 16:09:28] WARNING lines in last 100: 0
[2026-05-03 16:09:28] === Monitor check complete ===
[2026-05-03 16:19:28] === Monitor check ===
[2026-05-03 16:19:28] Job 'finetune_k562plus10_striped_maskonly_3' is running (ID=2033914, state=RUNNING).
[2026-05-03 16:19:28] WARNING lines in last 100: 0
[2026-05-03 16:19:28] === Monitor check complete ===
[2026-05-03 16:29:28] === Monitor check ===
[2026-05-03 16:29:29] Job 'finetune_k562plus10_striped_maskonly_3' is running (ID=2033914, state=RUNNING).
[2026-05-03 16:29:29] WARNING lines in last 100: 0
[2026-05-03 16:29:29] === Monitor check complete ===
[2026-05-03 16:39:29] === Monitor check ===
[2026-05-03 16:39:29] Job 'finetune_k562plus10_striped_maskonly_3' is running (ID=2033914, state=RUNNING).
[2026-05-03 16:39:29] WARNING lines in last 100: 0
[2026-05-03 16:39:29] === Monitor check complete ===
[2026-05-03 16:49:29] === Monitor check ===
[2026-05-03 16:49:29] Job 'finetune_k562plus10_striped_maskonly_3' is running (ID=2033914, state=RUNNING).
[2026-05-03 16:49:29] WARNING lines in last 100: 0
[2026-05-03 16:49:29] === Monitor check complete ===
[2026-05-03 16:59:29] === Monitor check ===
[2026-05-03 16:59:30] Job 'finetune_k562plus10_striped_maskonly_3' is running (ID=2033914, state=RUNNING).
[2026-05-03 16:59:30] WARNING lines in last 100: 0
[2026-05-03 16:59:30] === Monitor check complete ===
[2026-05-03 17:09:30] === Monitor check ===
[2026-05-03 17:09:30] Job 'finetune_k562plus10_striped_maskonly_3' is running (ID=2033914, state=RUNNING).
[2026-05-03 17:09:30] WARNING lines in last 100: 0
[2026-05-03 17:09:30] === Monitor check complete ===
[2026-05-03 17:19:30] === Monitor check ===
[2026-05-03 17:19:30] Job 'finetune_k562plus10_striped_maskonly_3' is running (ID=2033914, state=RUNNING).
[2026-05-03 17:19:30] WARNING lines in last 100: 0
[2026-05-03 17:19:30] === Monitor check complete ===
[2026-05-03 17:29:30] === Monitor check ===
[2026-05-03 17:29:30] Job 'finetune_k562plus10_striped_maskonly_3' is running (ID=2033914, state=RUNNING).
[2026-05-03 17:29:31] WARNING lines in last 100: 0
[2026-05-03 17:29:31] === Monitor check complete ===
[2026-05-03 17:39:31] === Monitor check ===
[2026-05-03 17:39:31] Job 'finetune_k562plus10_striped_maskonly_3' is running (ID=2033914, state=RUNNING).
[2026-05-03 17:39:31] WARNING lines in last 100: 0
[2026-05-03 17:39:31] === Monitor check complete ===
[2026-05-03 17:49:31] === Monitor check ===
[2026-05-03 17:49:31] Job 'finetune_k562plus10_striped_maskonly_3' is running (ID=2033914, state=RUNNING).
[2026-05-03 17:49:31] WARNING lines in last 100: 0
[2026-05-03 17:49:31] === Monitor check complete ===
[2026-05-03 17:59:31] === Monitor check ===
[2026-05-03 17:59:31] Job 'finetune_k562plus10_striped_maskonly_3' is running (ID=2033914, state=RUNNING).
[2026-05-03 17:59:32] WARNING lines in last 100: 0
[2026-05-03 17:59:32] === Monitor check complete ===
[2026-05-03 18:09:32] === Monitor check ===
[2026-05-03 18:09:32] Job 'finetune_k562plus10_striped_maskonly_3' is running (ID=2033914, state=RUNNING).
[2026-05-03 18:09:32] WARNING lines in last 100: 0
[2026-05-03 18:09:32] === Monitor check complete ===
[2026-05-03 18:19:32] === Monitor check ===
[2026-05-03 18:19:32] Job 'finetune_k562plus10_striped_maskonly_3' is running (ID=2033914, state=RUNNING).
[2026-05-03 18:19:32] WARNING lines in last 100: 0
[2026-05-03 18:19:32] === Monitor check complete ===
[2026-05-03 18:29:32] === Monitor check ===
[2026-05-03 18:29:32] Job 'finetune_k562plus10_striped_maskonly_3' is running (ID=2033914, state=RUNNING).
[2026-05-03 18:29:33] WARNING lines in last 100: 0
[2026-05-03 18:29:33] === Monitor check complete ===
[2026-05-03 18:39:33] === Monitor check ===
[2026-05-03 18:39:33] Job 'finetune_k562plus10_striped_maskonly_3' is running (ID=2033914, state=RUNNING).
[2026-05-03 18:39:33] WARNING lines in last 100: 0
[2026-05-03 18:39:33] === Monitor check complete ===
[2026-05-03 18:49:33] === Monitor check ===
[2026-05-03 18:49:33] Job 'finetune_k562plus10_striped_maskonly_3' is running (ID=2033914, state=RUNNING).
[2026-05-03 18:49:33] WARNING lines in last 100: 0
[2026-05-03 18:49:33] === Monitor check complete ===
[2026-05-03 18:59:33] === Monitor check ===
[2026-05-03 18:59:33] Job 'finetune_k562plus10_striped_maskonly_3' is running (ID=2033914, state=RUNNING).
[2026-05-03 18:59:34] WARNING lines in last 100: 0
[2026-05-03 18:59:34] === Monitor check complete ===
[2026-05-03 19:09:34] === Monitor check ===
[2026-05-03 19:09:34] Job 'finetune_k562plus10_striped_maskonly_3' is running (ID=2033914, state=RUNNING).
[2026-05-03 19:09:34] WARNING lines in last 100: 0
[2026-05-03 19:09:34] === Monitor check complete ===
[2026-05-03 19:19:34] === Monitor check ===
[2026-05-03 19:19:34] Job 'finetune_k562plus10_striped_maskonly_3' is running (ID=2033914, state=RUNNING).
[2026-05-03 19:19:34] WARNING lines in last 100: 0
[2026-05-03 19:19:34] === Monitor check complete ===
[2026-05-03 19:29:34] === Monitor check ===
[2026-05-03 19:29:34] Job 'finetune_k562plus10_striped_maskonly_3' is running (ID=2033914, state=RUNNING).
[2026-05-03 19:29:35] WARNING lines in last 100: 0
[2026-05-03 19:29:35] === Monitor check complete ===
[2026-05-03 19:39:35] === Monitor check ===
[2026-05-03 19:39:35] Job 'finetune_k562plus10_striped_maskonly_3' is running (ID=2033914, state=RUNNING).
[2026-05-03 19:39:35] WARNING lines in last 100: 0
[2026-05-03 19:39:35] === Monitor check complete ===
[2026-05-03 19:49:35] === Monitor check ===
[2026-05-03 19:49:35] Job 'finetune_k562plus10_striped_maskonly_3' is running (ID=2033914, state=RUNNING).
[2026-05-03 19:49:35] WARNING lines in last 100: 0
[2026-05-03 19:49:35] === Monitor check complete ===
[2026-05-03 19:59:35] === Monitor check ===
[2026-05-03 19:59:35] Job 'finetune_k562plus10_striped_maskonly_3' is running (ID=2033914, state=RUNNING).
[2026-05-03 19:59:36] WARNING lines in last 100: 0
[2026-05-03 19:59:36] === Monitor check complete ===
[2026-05-03 20:09:36] === Monitor check ===
[2026-05-03 20:09:36] Job 'finetune_k562plus10_striped_maskonly_3' is running (ID=2033914, state=RUNNING).
[2026-05-03 20:09:36] WARNING lines in last 100: 0
[2026-05-03 20:09:36] === Monitor check complete ===
[2026-05-03 20:19:36] === Monitor check ===
[2026-05-03 20:19:36] Job 'finetune_k562plus10_striped_maskonly_3' is not running.
[2026-05-03 20:19:36] Latest output file: /data1/lesliec/sarthak/caduceus/jobs/2033914-finetune_k562plus10_striped_maskonly_3.out
[2026-05-03 20:19:36] Using checkpoint: /data1/lesliec/sarthak/caduceus/outputs/2026-05-02/23-39-21-901683/checkpoints/01-step=13250.ckpt
[2026-05-03 20:19:36] Submitting: seed=2234  ckpt=/data1/lesliec/sarthak/caduceus/outputs/2026-05-02/23-39-21-901683/checkpoints/01-step=13250.ckpt
[2026-05-03 20:19:36] Submitted job 2137863. Incrementing seed to 2235.
[2026-05-03 20:19:36] === Monitor check complete ===
[2026-05-03 20:29:36] === Monitor check ===
[2026-05-03 20:29:36] Job 'finetune_k562plus10_striped_maskonly_3' is running (ID=2137863, state=RUNNING).
[2026-05-03 20:29:37] WARNING lines in last 100: 0
[2026-05-03 20:29:37] === Monitor check complete ===
[2026-05-03 20:39:37] === Monitor check ===
[2026-05-03 20:39:37] Job 'finetune_k562plus10_striped_maskonly_3' is running (ID=2137863, state=RUNNING).
[2026-05-03 20:39:37] WARNING lines in last 100: 0
[2026-05-03 20:39:37] === Monitor check complete ===
[2026-05-03 20:49:37] === Monitor check ===
[2026-05-03 20:49:37] Job 'finetune_k562plus10_striped_maskonly_3' is running (ID=2137863, state=RUNNING).
[2026-05-03 20:49:37] WARNING lines in last 100: 0
[2026-05-03 20:49:37] === Monitor check complete ===
[2026-05-03 20:59:37] === Monitor check ===
[2026-05-03 20:59:37] Job 'finetune_k562plus10_striped_maskonly_3' is running (ID=2137863, state=RUNNING).
[2026-05-03 20:59:37] WARNING lines in last 100: 0
[2026-05-03 20:59:37] === Monitor check complete ===
[2026-05-03 21:09:37] === Monitor check ===
[2026-05-03 21:09:37] Job 'finetune_k562plus10_striped_maskonly_3' is running (ID=2137863, state=RUNNING).
[2026-05-03 21:09:37] WARNING lines in last 100: 0
[2026-05-03 21:09:37] === Monitor check complete ===
[2026-05-03 21:19:37] === Monitor check ===
[2026-05-03 21:19:37] Job 'finetune_k562plus10_striped_maskonly_3' is running (ID=2137863, state=RUNNING).
[2026-05-03 21:19:37] WARNING lines in last 100: 0
[2026-05-03 21:19:37] === Monitor check complete ===
[2026-05-03 21:29:37] === Monitor check ===
[2026-05-03 21:29:37] Job 'finetune_k562plus10_striped_maskonly_3' is running (ID=2137863, state=RUNNING).
[2026-05-03 21:29:37] WARNING lines in last 100: 0
[2026-05-03 21:29:37] === Monitor check complete ===
[2026-05-03 21:39:37] === Monitor check ===
[2026-05-03 21:39:37] Job 'finetune_k562plus10_striped_maskonly_3' is running (ID=2137863, state=RUNNING).
[2026-05-03 21:39:37] WARNING lines in last 100: 0
[2026-05-03 21:39:37] === Monitor check complete ===
[2026-05-03 21:49:37] === Monitor check ===
[2026-05-03 21:49:37] Job 'finetune_k562plus10_striped_maskonly_3' is running (ID=2137863, state=RUNNING).
[2026-05-03 21:49:37] WARNING lines in last 100: 0
[2026-05-03 21:49:37] === Monitor check complete ===
[2026-05-03 21:59:37] === Monitor check ===
[2026-05-03 21:59:38] Job 'finetune_k562plus10_striped_maskonly_3' is running (ID=2137863, state=RUNNING).
[2026-05-03 21:59:38] WARNING lines in last 100: 0
[2026-05-03 21:59:38] === Monitor check complete ===
[2026-05-03 22:09:38] === Monitor check ===
[2026-05-03 22:09:38] Job 'finetune_k562plus10_striped_maskonly_3' is running (ID=2137863, state=RUNNING).
[2026-05-03 22:09:38] WARNING lines in last 100: 0
[2026-05-03 22:09:38] === Monitor check complete ===
[2026-05-03 22:19:38] === Monitor check ===
[2026-05-03 22:19:38] Job 'finetune_k562plus10_striped_maskonly_3' is running (ID=2137863, state=RUNNING).
[2026-05-03 22:19:38] WARNING lines in last 100: 0
[2026-05-03 22:19:38] === Monitor check complete ===
[2026-05-03 22:29:38] === Monitor check ===
[2026-05-03 22:29:38] Job 'finetune_k562plus10_striped_maskonly_3' is running (ID=2137863, state=RUNNING).
[2026-05-03 22:29:38] WARNING lines in last 100: 0
[2026-05-03 22:29:38] === Monitor check complete ===
[2026-05-03 22:39:38] === Monitor check ===
[2026-05-03 22:39:38] Job 'finetune_k562plus10_striped_maskonly_3' is running (ID=2137863, state=RUNNING).
[2026-05-03 22:39:38] WARNING lines in last 100: 0
[2026-05-03 22:39:38] === Monitor check complete ===
[2026-05-03 22:49:38] === Monitor check ===
[2026-05-03 22:49:38] Job 'finetune_k562plus10_striped_maskonly_3' is running (ID=2137863, state=RUNNING).
[2026-05-03 22:49:38] WARNING lines in last 100: 0
[2026-05-03 22:49:38] === Monitor check complete ===
[2026-05-03 22:59:38] === Monitor check ===
[2026-05-03 22:59:38] Job 'finetune_k562plus10_striped_maskonly_3' is running (ID=2137863, state=RUNNING).
[2026-05-03 22:59:38] WARNING lines in last 100: 0
[2026-05-03 22:59:38] === Monitor check complete ===
[2026-05-03 23:09:38] === Monitor check ===
[2026-05-03 23:09:38] Job 'finetune_k562plus10_striped_maskonly_3' is running (ID=2137863, state=RUNNING).
[2026-05-03 23:09:38] WARNING lines in last 100: 0
[2026-05-03 23:09:38] === Monitor check complete ===
[2026-05-03 23:19:38] === Monitor check ===
[2026-05-03 23:19:39] Job 'finetune_k562plus10_striped_maskonly_3' is running (ID=2137863, state=RUNNING).
[2026-05-03 23:19:39] WARNING lines in last 100: 0
[2026-05-03 23:19:39] === Monitor check complete ===
[2026-05-03 23:29:39] === Monitor check ===
[2026-05-03 23:29:39] Job 'finetune_k562plus10_striped_maskonly_3' is running (ID=2137863, state=RUNNING).
[2026-05-03 23:29:39] WARNING lines in last 100: 0
[2026-05-03 23:29:39] === Monitor check complete ===
[2026-05-03 23:39:39] === Monitor check ===
[2026-05-03 23:39:39] Job 'finetune_k562plus10_striped_maskonly_3' is running (ID=2137863, state=RUNNING).
[2026-05-03 23:39:39] WARNING lines in last 100: 0
[2026-05-03 23:39:39] === Monitor check complete ===
[2026-05-03 23:49:39] === Monitor check ===
[2026-05-03 23:49:39] Job 'finetune_k562plus10_striped_maskonly_3' is running (ID=2137863, state=RUNNING).
[2026-05-03 23:49:39] WARNING lines in last 100: 0
[2026-05-03 23:49:39] === Monitor check complete ===
[2026-05-03 23:59:39] === Monitor check ===
[2026-05-03 23:59:39] Job 'finetune_k562plus10_striped_maskonly_3' is running (ID=2137863, state=RUNNING).
[2026-05-03 23:59:39] WARNING lines in last 100: 0
[2026-05-03 23:59:39] === Monitor check complete ===
[2026-05-04 00:09:39] === Monitor check ===
[2026-05-04 00:09:39] Job 'finetune_k562plus10_striped_maskonly_3' is running (ID=2137863, state=RUNNING).
[2026-05-04 00:09:39] WARNING lines in last 100: 0
[2026-05-04 00:09:39] === Monitor check complete ===
[2026-05-04 00:19:40] === Monitor check ===
[2026-05-04 00:19:40] Job 'finetune_k562plus10_striped_maskonly_3' is running (ID=2137863, state=RUNNING).
[2026-05-04 00:19:40] WARNING lines in last 100: 0
[2026-05-04 00:19:40] === Monitor check complete ===
[2026-05-04 00:29:40] === Monitor check ===
[2026-05-04 00:29:40] Job 'finetune_k562plus10_striped_maskonly_3' is running (ID=2137863, state=RUNNING).
[2026-05-04 00:29:40] WARNING lines in last 100: 0
[2026-05-04 00:29:40] === Monitor check complete ===
[2026-05-04 00:39:40] === Monitor check ===
[2026-05-04 00:39:40] Job 'finetune_k562plus10_striped_maskonly_3' is running (ID=2137863, state=RUNNING).
[2026-05-04 00:39:41] WARNING lines in last 100: 0
[2026-05-04 00:39:41] === Monitor check complete ===
[2026-05-04 00:49:41] === Monitor check ===
[2026-05-04 00:49:41] Job 'finetune_k562plus10_striped_maskonly_3' is running (ID=2137863, state=RUNNING).
[2026-05-04 00:49:41] WARNING lines in last 100: 0
[2026-05-04 00:49:41] === Monitor check complete ===
[2026-05-04 00:59:41] === Monitor check ===
[2026-05-04 00:59:41] Job 'finetune_k562plus10_striped_maskonly_3' is running (ID=2137863, state=RUNNING).
[2026-05-04 00:59:41] WARNING lines in last 100: 0
[2026-05-04 00:59:41] === Monitor check complete ===
[2026-05-04 01:09:41] === Monitor check ===
[2026-05-04 01:09:41] Job 'finetune_k562plus10_striped_maskonly_3' is running (ID=2137863, state=RUNNING).
[2026-05-04 01:09:41] WARNING lines in last 100: 0
[2026-05-04 01:09:41] === Monitor check complete ===
[2026-05-04 01:19:41] === Monitor check ===
[2026-05-04 01:19:41] Job 'finetune_k562plus10_striped_maskonly_3' is running (ID=2137863, state=RUNNING).
[2026-05-04 01:19:41] WARNING lines in last 100: 0
[2026-05-04 01:19:41] === Monitor check complete ===
[2026-05-04 01:29:41] === Monitor check ===
[2026-05-04 01:29:41] Job 'finetune_k562plus10_striped_maskonly_3' is running (ID=2137863, state=RUNNING).
[2026-05-04 01:29:42] WARNING lines in last 100: 0
[2026-05-04 01:29:42] === Monitor check complete ===
[2026-05-04 01:39:42] === Monitor check ===
[2026-05-04 01:39:42] Job 'finetune_k562plus10_striped_maskonly_3' is running (ID=2137863, state=RUNNING).
[2026-05-04 01:39:42] WARNING lines in last 100: 0
[2026-05-04 01:39:42] === Monitor check complete ===
[2026-05-04 01:49:42] === Monitor check ===
[2026-05-04 01:49:42] Job 'finetune_k562plus10_striped_maskonly_3' is running (ID=2137863, state=RUNNING).
[2026-05-04 01:49:42] WARNING lines in last 100: 0
[2026-05-04 01:49:42] === Monitor check complete ===
[2026-05-04 01:59:42] === Monitor check ===
[2026-05-04 01:59:42] Job 'finetune_k562plus10_striped_maskonly_3' is running (ID=2137863, state=RUNNING).
[2026-05-04 01:59:42] WARNING lines in last 100: 0
[2026-05-04 01:59:42] === Monitor check complete ===
[2026-05-04 02:09:42] === Monitor check ===
[2026-05-04 02:09:43] Job 'finetune_k562plus10_striped_maskonly_3' is running (ID=2137863, state=RUNNING).
[2026-05-04 02:09:43] WARNING lines in last 100: 0
[2026-05-04 02:09:43] === Monitor check complete ===
[2026-05-04 02:19:43] === Monitor check ===
[2026-05-04 02:19:43] Job 'finetune_k562plus10_striped_maskonly_3' is running (ID=2137863, state=RUNNING).
[2026-05-04 02:19:43] WARNING lines in last 100: 0
[2026-05-04 02:19:43] === Monitor check complete ===
[2026-05-04 02:29:43] === Monitor check ===
[2026-05-04 02:29:43] Job 'finetune_k562plus10_striped_maskonly_3' is running (ID=2137863, state=RUNNING).
[2026-05-04 02:29:43] WARNING lines in last 100: 0
[2026-05-04 02:29:43] === Monitor check complete ===
[2026-05-04 02:39:43] === Monitor check ===
[2026-05-04 02:39:43] Job 'finetune_k562plus10_striped_maskonly_3' is running (ID=2137863, state=RUNNING).
[2026-05-04 02:39:44] WARNING lines in last 100: 0
[2026-05-04 02:39:44] === Monitor check complete ===
[2026-05-04 02:49:44] === Monitor check ===
[2026-05-04 02:49:44] Job 'finetune_k562plus10_striped_maskonly_3' is running (ID=2137863, state=RUNNING).
[2026-05-04 02:49:44] WARNING lines in last 100: 0
[2026-05-04 02:49:44] === Monitor check complete ===
[2026-05-04 02:59:44] === Monitor check ===
[2026-05-04 02:59:44] Job 'finetune_k562plus10_striped_maskonly_3' is running (ID=2137863, state=RUNNING).
[2026-05-04 02:59:44] WARNING lines in last 100: 0
[2026-05-04 02:59:44] === Monitor check complete ===
[2026-05-04 03:09:44] === Monitor check ===
[2026-05-04 03:09:44] Job 'finetune_k562plus10_striped_maskonly_3' is running (ID=2137863, state=RUNNING).
[2026-05-04 03:09:44] WARNING lines in last 100: 0
[2026-05-04 03:09:44] === Monitor check complete ===
[2026-05-04 03:19:44] === Monitor check ===
[2026-05-04 03:19:45] Job 'finetune_k562plus10_striped_maskonly_3' is running (ID=2137863, state=RUNNING).
[2026-05-04 03:19:45] WARNING lines in last 100: 0
[2026-05-04 03:19:45] === Monitor check complete ===
[2026-05-04 03:29:45] === Monitor check ===
[2026-05-04 03:29:45] Job 'finetune_k562plus10_striped_maskonly_3' is running (ID=2137863, state=RUNNING).
[2026-05-04 03:29:45] WARNING lines in last 100: 0
[2026-05-04 03:29:45] === Monitor check complete ===
[2026-05-04 03:39:45] === Monitor check ===
[2026-05-04 03:39:45] Job 'finetune_k562plus10_striped_maskonly_3' is running (ID=2137863, state=RUNNING).
[2026-05-04 03:39:45] WARNING lines in last 100: 0
[2026-05-04 03:39:45] === Monitor check complete ===
[2026-05-04 03:49:45] === Monitor check ===
[2026-05-04 03:49:45] Job 'finetune_k562plus10_striped_maskonly_3' is running (ID=2137863, state=RUNNING).
[2026-05-04 03:49:46] WARNING lines in last 100: 0
[2026-05-04 03:49:46] === Monitor check complete ===
[2026-05-04 03:59:46] === Monitor check ===
[2026-05-04 03:59:46] Job 'finetune_k562plus10_striped_maskonly_3' is running (ID=2137863, state=RUNNING).
[2026-05-04 03:59:46] WARNING lines in last 100: 0
[2026-05-04 03:59:46] === Monitor check complete ===
[2026-05-04 04:09:46] === Monitor check ===
[2026-05-04 04:09:46] Job 'finetune_k562plus10_striped_maskonly_3' is running (ID=2137863, state=RUNNING).
[2026-05-04 04:09:46] WARNING lines in last 100: 0
[2026-05-04 04:09:46] === Monitor check complete ===
[2026-05-04 04:19:46] === Monitor check ===
[2026-05-04 04:19:46] Job 'finetune_k562plus10_striped_maskonly_3' is running (ID=2137863, state=RUNNING).
[2026-05-04 04:19:46] WARNING lines in last 100: 0
[2026-05-04 04:19:46] === Monitor check complete ===
[2026-05-04 04:29:46] === Monitor check ===
[2026-05-04 04:29:47] Job 'finetune_k562plus10_striped_maskonly_3' is running (ID=2137863, state=RUNNING).
[2026-05-04 04:29:47] WARNING lines in last 100: 0
[2026-05-04 04:29:47] === Monitor check complete ===
[2026-05-04 04:39:47] === Monitor check ===
[2026-05-04 04:39:47] Job 'finetune_k562plus10_striped_maskonly_3' is running (ID=2137863, state=RUNNING).
[2026-05-04 04:39:47] WARNING lines in last 100: 0
[2026-05-04 04:39:47] === Monitor check complete ===
[2026-05-04 04:49:47] === Monitor check ===
[2026-05-04 04:49:47] Job 'finetune_k562plus10_striped_maskonly_3' is running (ID=2137863, state=RUNNING).
[2026-05-04 04:49:47] WARNING lines in last 100: 0
[2026-05-04 04:49:48] === Monitor check complete ===
[2026-05-04 04:59:48] === Monitor check ===
[2026-05-04 04:59:48] Job 'finetune_k562plus10_striped_maskonly_3' is running (ID=2137863, state=RUNNING).
[2026-05-04 04:59:48] WARNING lines in last 100: 0
[2026-05-04 04:59:48] === Monitor check complete ===
[2026-05-04 05:09:48] === Monitor check ===
[2026-05-04 05:09:48] Job 'finetune_k562plus10_striped_maskonly_3' is running (ID=2137863, state=RUNNING).
[2026-05-04 05:09:48] WARNING lines in last 100: 0
[2026-05-04 05:09:48] === Monitor check complete ===
[2026-05-04 05:19:48] === Monitor check ===
[2026-05-04 05:19:48] Job 'finetune_k562plus10_striped_maskonly_3' is running (ID=2137863, state=RUNNING).
[2026-05-04 05:19:48] WARNING lines in last 100: 0
[2026-05-04 05:19:48] === Monitor check complete ===
[2026-05-04 05:29:48] === Monitor check ===
[2026-05-04 05:29:48] Job 'finetune_k562plus10_striped_maskonly_3' is running (ID=2137863, state=RUNNING).
[2026-05-04 05:29:49] WARNING lines in last 100: 0
[2026-05-04 05:29:49] === Monitor check complete ===
[2026-05-04 05:39:49] === Monitor check ===
[2026-05-04 05:39:49] Job 'finetune_k562plus10_striped_maskonly_3' is running (ID=2137863, state=RUNNING).
[2026-05-04 05:39:49] WARNING lines in last 100: 0
[2026-05-04 05:39:49] === Monitor check complete ===
[2026-05-04 05:49:49] === Monitor check ===
[2026-05-04 05:49:49] Job 'finetune_k562plus10_striped_maskonly_3' is running (ID=2137863, state=RUNNING).
[2026-05-04 05:49:49] WARNING lines in last 100: 0
[2026-05-04 05:49:49] === Monitor check complete ===
[2026-05-04 05:59:49] === Monitor check ===
[2026-05-04 05:59:49] Job 'finetune_k562plus10_striped_maskonly_3' is running (ID=2137863, state=RUNNING).
[2026-05-04 05:59:49] WARNING lines in last 100: 0
[2026-05-04 05:59:49] === Monitor check complete ===
[2026-05-04 06:09:49] === Monitor check ===
[2026-05-04 06:09:49] Job 'finetune_k562plus10_striped_maskonly_3' is running (ID=2137863, state=RUNNING).
[2026-05-04 06:09:49] WARNING lines in last 100: 0
[2026-05-04 06:09:49] === Monitor check complete ===
[2026-05-04 06:19:49] === Monitor check ===
[2026-05-04 06:19:50] Job 'finetune_k562plus10_striped_maskonly_3' is running (ID=2137863, state=RUNNING).
[2026-05-04 06:19:50] WARNING lines in last 100: 0
[2026-05-04 06:19:50] === Monitor check complete ===
[2026-05-04 06:29:50] === Monitor check ===
[2026-05-04 06:29:50] Job 'finetune_k562plus10_striped_maskonly_3' is running (ID=2137863, state=RUNNING).
[2026-05-04 06:29:50] WARNING lines in last 100: 0
[2026-05-04 06:29:50] === Monitor check complete ===
[2026-05-04 06:39:50] === Monitor check ===
[2026-05-04 06:39:50] Job 'finetune_k562plus10_striped_maskonly_3' is running (ID=2137863, state=RUNNING).
[2026-05-04 06:39:50] WARNING lines in last 100: 0
[2026-05-04 06:39:50] === Monitor check complete ===
[2026-05-04 06:49:50] === Monitor check ===
[2026-05-04 06:49:50] Job 'finetune_k562plus10_striped_maskonly_3' is running (ID=2137863, state=RUNNING).
[2026-05-04 06:49:51] WARNING lines in last 100: 0
[2026-05-04 06:49:51] === Monitor check complete ===
[2026-05-04 06:59:51] === Monitor check ===
[2026-05-04 06:59:51] Job 'finetune_k562plus10_striped_maskonly_3' is running (ID=2137863, state=RUNNING).
[2026-05-04 06:59:51] WARNING lines in last 100: 0
[2026-05-04 06:59:51] === Monitor check complete ===
[2026-05-04 07:09:51] === Monitor check ===
[2026-05-04 07:09:51] Job 'finetune_k562plus10_striped_maskonly_3' is running (ID=2137863, state=RUNNING).
[2026-05-04 07:09:51] WARNING lines in last 100: 0
[2026-05-04 07:09:51] === Monitor check complete ===
[2026-05-04 07:19:51] === Monitor check ===
[2026-05-04 07:19:51] Job 'finetune_k562plus10_striped_maskonly_3' is running (ID=2137863, state=RUNNING).
[2026-05-04 07:19:51] WARNING lines in last 100: 0
[2026-05-04 07:19:51] === Monitor check complete ===
[2026-05-04 07:29:51] === Monitor check ===
[2026-05-04 07:29:51] Job 'finetune_k562plus10_striped_maskonly_3' is running (ID=2137863, state=RUNNING).
[2026-05-04 07:29:52] WARNING lines in last 100: 0
[2026-05-04 07:29:52] === Monitor check complete ===
[2026-05-04 07:39:52] === Monitor check ===
[2026-05-04 07:39:52] Job 'finetune_k562plus10_striped_maskonly_3' is running (ID=2137863, state=RUNNING).
[2026-05-04 07:39:52] WARNING lines in last 100: 0
[2026-05-04 07:39:52] === Monitor check complete ===
[2026-05-04 07:49:52] === Monitor check ===
[2026-05-04 07:49:52] Job 'finetune_k562plus10_striped_maskonly_3' is not running.
[2026-05-04 07:49:52] Latest output file: /data1/lesliec/sarthak/caduceus/jobs/2137863-finetune_k562plus10_striped_maskonly_3.out
[2026-05-04 07:49:52] Using checkpoint: /data1/lesliec/sarthak/caduceus/outputs/2026-05-03/20-19-52-677557/checkpoints/01-step=13750.ckpt
[2026-05-04 07:49:52] Submitting: seed=2235  ckpt=/data1/lesliec/sarthak/caduceus/outputs/2026-05-03/20-19-52-677557/checkpoints/01-step=13750.ckpt
[2026-05-04 07:49:52] Submitted job 2248263. Incrementing seed to 2236.
[2026-05-04 07:49:52] === Monitor check complete ===
[2026-05-04 07:59:52] === Monitor check ===
[2026-05-04 07:59:52] Job 'finetune_k562plus10_striped_maskonly_3' is running (ID=2248263, state=RUNNING).
[2026-05-04 07:59:52] WARNING lines in last 100: 0
[2026-05-04 07:59:52] === Monitor check complete ===
[2026-05-04 08:09:52] === Monitor check ===
[2026-05-04 08:09:53] Job 'finetune_k562plus10_striped_maskonly_3' is running (ID=2248263, state=RUNNING).
[2026-05-04 08:09:53] WARNING lines in last 100: 0
[2026-05-04 08:09:53] === Monitor check complete ===
[2026-05-04 08:19:53] === Monitor check ===
[2026-05-04 08:19:53] Job 'finetune_k562plus10_striped_maskonly_3' is running (ID=2248263, state=RUNNING).
[2026-05-04 08:19:53] WARNING lines in last 100: 0
[2026-05-04 08:19:53] === Monitor check complete ===
[2026-05-04 08:29:53] === Monitor check ===
[2026-05-04 08:29:53] Job 'finetune_k562plus10_striped_maskonly_3' is running (ID=2248263, state=RUNNING).
[2026-05-04 08:29:53] WARNING lines in last 100: 0
[2026-05-04 08:29:53] === Monitor check complete ===
[2026-05-04 08:39:53] === Monitor check ===
[2026-05-04 08:39:53] Job 'finetune_k562plus10_striped_maskonly_3' is running (ID=2248263, state=RUNNING).
[2026-05-04 08:39:53] WARNING lines in last 100: 0
[2026-05-04 08:39:53] === Monitor check complete ===
[2026-05-04 08:49:53] === Monitor check ===
[2026-05-04 08:49:53] Job 'finetune_k562plus10_striped_maskonly_3' is running (ID=2248263, state=RUNNING).
[2026-05-04 08:49:53] WARNING lines in last 100: 0
[2026-05-04 08:49:53] === Monitor check complete ===
[2026-05-04 08:59:53] === Monitor check ===
[2026-05-04 08:59:53] Job 'finetune_k562plus10_striped_maskonly_3' is running (ID=2248263, state=RUNNING).
[2026-05-04 08:59:53] WARNING lines in last 100: 0
[2026-05-04 08:59:53] === Monitor check complete ===
[2026-05-04 09:09:53] === Monitor check ===
[2026-05-04 09:09:53] Job 'finetune_k562plus10_striped_maskonly_3' is running (ID=2248263, state=RUNNING).
[2026-05-04 09:09:53] WARNING lines in last 100: 0
[2026-05-04 09:09:53] === Monitor check complete ===
[2026-05-04 09:19:53] === Monitor check ===
[2026-05-04 09:19:53] Job 'finetune_k562plus10_striped_maskonly_3' is running (ID=2248263, state=RUNNING).
[2026-05-04 09:19:53] WARNING lines in last 100: 0
[2026-05-04 09:19:53] === Monitor check complete ===
[2026-05-04 09:29:53] === Monitor check ===
[2026-05-04 09:29:53] Job 'finetune_k562plus10_striped_maskonly_3' is running (ID=2248263, state=RUNNING).
[2026-05-04 09:29:53] WARNING lines in last 100: 0
[2026-05-04 09:29:53] === Monitor check complete ===
[2026-05-04 09:39:53] === Monitor check ===
[2026-05-04 09:39:54] Job 'finetune_k562plus10_striped_maskonly_3' is running (ID=2248263, state=RUNNING).
[2026-05-04 09:39:54] WARNING lines in last 100: 0
[2026-05-04 09:39:54] === Monitor check complete ===
[2026-05-04 09:49:54] === Monitor check ===
[2026-05-04 09:49:54] Job 'finetune_k562plus10_striped_maskonly_3' is running (ID=2248263, state=RUNNING).
[2026-05-04 09:49:54] WARNING lines in last 100: 0
[2026-05-04 09:49:54] === Monitor check complete ===
[2026-05-04 09:59:54] === Monitor check ===
[2026-05-04 09:59:54] Job 'finetune_k562plus10_striped_maskonly_3' is running (ID=2248263, state=RUNNING).
[2026-05-04 09:59:54] WARNING lines in last 100: 0
[2026-05-04 09:59:54] === Monitor check complete ===
[2026-05-04 10:09:54] === Monitor check ===
[2026-05-04 10:09:54] Job 'finetune_k562plus10_striped_maskonly_3' is running (ID=2248263, state=RUNNING).
[2026-05-04 10:09:54] WARNING lines in last 100: 0
[2026-05-04 10:09:54] === Monitor check complete ===
[2026-05-04 10:19:54] === Monitor check ===
[2026-05-04 10:19:54] Job 'finetune_k562plus10_striped_maskonly_3' is running (ID=2248263, state=RUNNING).
[2026-05-04 10:19:54] WARNING lines in last 100: 0
[2026-05-04 10:19:54] === Monitor check complete ===
[2026-05-04 10:29:54] === Monitor check ===
[2026-05-04 10:29:54] Job 'finetune_k562plus10_striped_maskonly_3' is running (ID=2248263, state=RUNNING).
[2026-05-04 10:29:54] WARNING lines in last 100: 0
[2026-05-04 10:29:54] === Monitor check complete ===
[2026-05-04 10:39:54] === Monitor check ===
[2026-05-04 10:39:54] Job 'finetune_k562plus10_striped_maskonly_3' is running (ID=2248263, state=RUNNING).
[2026-05-04 10:39:54] WARNING lines in last 100: 0
[2026-05-04 10:39:54] === Monitor check complete ===
[2026-05-04 10:49:54] === Monitor check ===
[2026-05-04 10:49:54] Job 'finetune_k562plus10_striped_maskonly_3' is running (ID=2248263, state=RUNNING).
[2026-05-04 10:49:54] WARNING lines in last 100: 0
[2026-05-04 10:49:54] === Monitor check complete ===
[2026-05-04 10:59:54] === Monitor check ===
[2026-05-04 10:59:54] Job 'finetune_k562plus10_striped_maskonly_3' is running (ID=2248263, state=RUNNING).
[2026-05-04 10:59:54] WARNING lines in last 100: 0
[2026-05-04 10:59:54] === Monitor check complete ===
[2026-05-04 11:09:55] === Monitor check ===
[2026-05-04 11:09:55] Job 'finetune_k562plus10_striped_maskonly_3' is running (ID=2248263, state=RUNNING).
[2026-05-04 11:09:55] WARNING lines in last 100: 0
[2026-05-04 11:09:55] === Monitor check complete ===
[2026-05-04 11:19:55] === Monitor check ===
[2026-05-04 11:19:55] Job 'finetune_k562plus10_striped_maskonly_3' is running (ID=2248263, state=RUNNING).
[2026-05-04 11:19:55] WARNING lines in last 100: 0
[2026-05-04 11:19:55] === Monitor check complete ===
[2026-05-04 11:29:55] === Monitor check ===
[2026-05-04 11:29:55] Job 'finetune_k562plus10_striped_maskonly_3' is running (ID=2248263, state=RUNNING).
[2026-05-04 11:29:55] WARNING lines in last 100: 0
[2026-05-04 11:29:55] === Monitor check complete ===
[2026-05-04 11:39:55] === Monitor check ===
[2026-05-04 11:39:55] Job 'finetune_k562plus10_striped_maskonly_3' is running (ID=2248263, state=RUNNING).
[2026-05-04 11:39:55] WARNING lines in last 100: 0
[2026-05-04 11:39:55] === Monitor check complete ===
[2026-05-04 11:49:55] === Monitor check ===
[2026-05-04 11:49:55] Job 'finetune_k562plus10_striped_maskonly_3' is running (ID=2248263, state=RUNNING).
[2026-05-04 11:49:55] WARNING lines in last 100: 0
[2026-05-04 11:49:55] === Monitor check complete ===
[2026-05-04 11:59:55] === Monitor check ===
[2026-05-04 11:59:55] Job 'finetune_k562plus10_striped_maskonly_3' is running (ID=2248263, state=RUNNING).
[2026-05-04 11:59:55] WARNING lines in last 100: 0
[2026-05-04 11:59:55] === Monitor check complete ===
[2026-05-04 12:09:55] === Monitor check ===
[2026-05-04 12:09:55] Job 'finetune_k562plus10_striped_maskonly_3' is running (ID=2248263, state=RUNNING).
[2026-05-04 12:09:55] WARNING lines in last 100: 0
[2026-05-04 12:09:55] === Monitor check complete ===
[2026-05-04 12:19:55] === Monitor check ===
[2026-05-04 12:19:55] Job 'finetune_k562plus10_striped_maskonly_3' is running (ID=2248263, state=RUNNING).
[2026-05-04 12:19:55] WARNING lines in last 100: 0
[2026-05-04 12:19:55] === Monitor check complete ===
[2026-05-04 12:29:55] === Monitor check ===
[2026-05-04 12:29:55] Job 'finetune_k562plus10_striped_maskonly_3' is running (ID=2248263, state=RUNNING).
[2026-05-04 12:29:55] WARNING lines in last 100: 0
[2026-05-04 12:29:55] === Monitor check complete ===
[2026-05-04 12:39:55] === Monitor check ===
[2026-05-04 12:39:55] Job 'finetune_k562plus10_striped_maskonly_3' is running (ID=2248263, state=RUNNING).
[2026-05-04 12:39:55] WARNING lines in last 100: 0
[2026-05-04 12:39:55] === Monitor check complete ===
[2026-05-04 12:49:55] === Monitor check ===
[2026-05-04 12:49:56] Job 'finetune_k562plus10_striped_maskonly_3' is running (ID=2248263, state=RUNNING).
[2026-05-04 12:49:56] WARNING lines in last 100: 0
[2026-05-04 12:49:56] === Monitor check complete ===
[2026-05-04 12:59:56] === Monitor check ===
[2026-05-04 12:59:56] Job 'finetune_k562plus10_striped_maskonly_3' is running (ID=2248263, state=RUNNING).
[2026-05-04 12:59:56] WARNING lines in last 100: 0
[2026-05-04 12:59:56] === Monitor check complete ===
[2026-05-04 13:09:56] === Monitor check ===
[2026-05-04 13:09:56] Job 'finetune_k562plus10_striped_maskonly_3' is running (ID=2248263, state=RUNNING).
[2026-05-04 13:09:56] WARNING lines in last 100: 0
[2026-05-04 13:09:56] === Monitor check complete ===
[2026-05-04 13:19:56] === Monitor check ===
[2026-05-04 13:19:56] Job 'finetune_k562plus10_striped_maskonly_3' is running (ID=2248263, state=RUNNING).
[2026-05-04 13:19:56] WARNING lines in last 100: 1
[2026-05-04 13:19:56] === Monitor check complete ===
[2026-05-04 13:29:56] === Monitor check ===
[2026-05-04 13:29:56] Job 'finetune_k562plus10_striped_maskonly_3' is running (ID=2248263, state=RUNNING).
[2026-05-04 13:29:56] WARNING lines in last 100: 1
[2026-05-04 13:29:56] === Monitor check complete ===
[2026-05-04 13:39:56] === Monitor check ===
[2026-05-04 13:39:56] Job 'finetune_k562plus10_striped_maskonly_3' is running (ID=2248263, state=RUNNING).
[2026-05-04 13:39:56] WARNING lines in last 100: 1
[2026-05-04 13:39:56] === Monitor check complete ===
[2026-05-04 13:49:56] === Monitor check ===
[2026-05-04 13:49:56] Job 'finetune_k562plus10_striped_maskonly_3' is not running.
[2026-05-04 13:49:56] Latest output file: /data1/lesliec/sarthak/caduceus/jobs/2248263-finetune_k562plus10_striped_maskonly_3.out
[2026-05-04 13:49:56] Using checkpoint: /data1/lesliec/sarthak/caduceus/outputs/2026-05-04/07-50-11-457229/checkpoints/01-step=14000.ckpt
[2026-05-04 13:49:56] Submitting: seed=2236  ckpt=/data1/lesliec/sarthak/caduceus/outputs/2026-05-04/07-50-11-457229/checkpoints/01-step=14000.ckpt
[2026-05-04 13:49:56] Submitted job 2275576. Incrementing seed to 2237.
[2026-05-04 13:49:56] === Monitor check complete ===
[2026-05-04 13:59:56] === Monitor check ===
[2026-05-04 13:59:56] Job 'finetune_k562plus10_striped_maskonly_3' is running (ID=2275576, state=PENDING).
[2026-05-04 13:59:57] Output file not yet available: /data1/lesliec/sarthak/caduceus/jobs/2275576-finetune_k562plus10_striped_maskonly_3.out
[2026-05-04 14:09:57] === Monitor check ===
[2026-05-04 14:09:57] Job 'finetune_k562plus10_striped_maskonly_3' is running (ID=2275576, state=PENDING).
[2026-05-04 14:09:57] Output file not yet available: /data1/lesliec/sarthak/caduceus/jobs/2275576-finetune_k562plus10_striped_maskonly_3.out
[2026-05-04 14:19:57] === Monitor check ===
[2026-05-04 14:19:57] Job 'finetune_k562plus10_striped_maskonly_3' is running (ID=2275576, state=PENDING).
[2026-05-04 14:19:57] Output file not yet available: /data1/lesliec/sarthak/caduceus/jobs/2275576-finetune_k562plus10_striped_maskonly_3.out
[2026-05-04 14:29:57] === Monitor check ===
[2026-05-04 14:29:57] Job 'finetune_k562plus10_striped_maskonly_3' is running (ID=2275576, state=RUNNING).
[2026-05-04 14:29:57] WARNING lines in last 100: 0
[2026-05-04 14:29:57] === Monitor check complete ===
[2026-05-04 14:39:57] === Monitor check ===
[2026-05-04 14:39:57] Job 'finetune_k562plus10_striped_maskonly_3' is running (ID=2275576, state=RUNNING).
[2026-05-04 14:39:57] WARNING lines in last 100: 0
[2026-05-04 14:39:57] === Monitor check complete ===
[2026-05-04 14:49:57] === Monitor check ===
[2026-05-04 14:49:57] Job 'finetune_k562plus10_striped_maskonly_3' is running (ID=2275576, state=RUNNING).
[2026-05-04 14:49:57] WARNING lines in last 100: 0
[2026-05-04 14:49:57] === Monitor check complete ===
[2026-05-04 14:59:57] === Monitor check ===
[2026-05-04 14:59:57] Job 'finetune_k562plus10_striped_maskonly_3' is running (ID=2275576, state=RUNNING).
[2026-05-04 14:59:57] WARNING lines in last 100: 0
[2026-05-04 14:59:57] === Monitor check complete ===
[2026-05-04 15:09:57] === Monitor check ===
[2026-05-04 15:09:57] Job 'finetune_k562plus10_striped_maskonly_3' is running (ID=2275576, state=RUNNING).
[2026-05-04 15:09:57] WARNING lines in last 100: 0
[2026-05-04 15:09:57] === Monitor check complete ===
[2026-05-04 15:19:57] === Monitor check ===
[2026-05-04 15:19:57] Job 'finetune_k562plus10_striped_maskonly_3' is running (ID=2275576, state=RUNNING).
[2026-05-04 15:19:57] WARNING lines in last 100: 0
[2026-05-04 15:19:57] === Monitor check complete ===
[2026-05-04 15:29:57] === Monitor check ===
[2026-05-04 15:29:57] Job 'finetune_k562plus10_striped_maskonly_3' is running (ID=2275576, state=RUNNING).
[2026-05-04 15:29:57] WARNING lines in last 100: 0
[2026-05-04 15:29:57] === Monitor check complete ===
[2026-05-04 15:39:57] === Monitor check ===
[2026-05-04 15:39:58] Job 'finetune_k562plus10_striped_maskonly_3' is running (ID=2275576, state=RUNNING).
[2026-05-04 15:39:58] WARNING lines in last 100: 0
[2026-05-04 15:39:58] === Monitor check complete ===
[2026-05-04 15:49:58] === Monitor check ===
[2026-05-04 15:49:58] Job 'finetune_k562plus10_striped_maskonly_3' is running (ID=2275576, state=RUNNING).
[2026-05-04 15:49:58] WARNING lines in last 100: 0
[2026-05-04 15:49:58] === Monitor check complete ===
[2026-05-04 15:59:58] === Monitor check ===
[2026-05-04 15:59:58] Job 'finetune_k562plus10_striped_maskonly_3' is running (ID=2275576, state=RUNNING).
[2026-05-04 15:59:58] WARNING lines in last 100: 0
[2026-05-04 15:59:58] === Monitor check complete ===
[2026-05-04 16:09:58] === Monitor check ===
[2026-05-04 16:09:58] Job 'finetune_k562plus10_striped_maskonly_3' is running (ID=2275576, state=RUNNING).
[2026-05-04 16:09:58] WARNING lines in last 100: 0
[2026-05-04 16:09:58] === Monitor check complete ===
[2026-05-04 16:19:58] === Monitor check ===
[2026-05-04 16:19:58] Job 'finetune_k562plus10_striped_maskonly_3' is running (ID=2275576, state=RUNNING).
[2026-05-04 16:19:58] WARNING lines in last 100: 0
[2026-05-04 16:19:58] === Monitor check complete ===
[2026-05-04 16:29:58] === Monitor check ===
[2026-05-04 16:29:59] Job 'finetune_k562plus10_striped_maskonly_3' is running (ID=2275576, state=RUNNING).
[2026-05-04 16:29:59] WARNING lines in last 100: 0
[2026-05-04 16:29:59] === Monitor check complete ===
[2026-05-04 16:39:59] === Monitor check ===
[2026-05-04 16:39:59] Job 'finetune_k562plus10_striped_maskonly_3' is running (ID=2275576, state=RUNNING).
[2026-05-04 16:39:59] WARNING lines in last 100: 0
[2026-05-04 16:39:59] === Monitor check complete ===
[2026-05-04 16:49:59] === Monitor check ===
[2026-05-04 16:49:59] Job 'finetune_k562plus10_striped_maskonly_3' is running (ID=2275576, state=RUNNING).
[2026-05-04 16:49:59] WARNING lines in last 100: 0
[2026-05-04 16:49:59] === Monitor check complete ===
[2026-05-04 16:59:59] === Monitor check ===
[2026-05-04 16:59:59] Job 'finetune_k562plus10_striped_maskonly_3' is not running.
[2026-05-04 16:59:59] Latest output file: /data1/lesliec/sarthak/caduceus/jobs/2275576-finetune_k562plus10_striped_maskonly_3.out
[2026-05-04 16:59:59] Using checkpoint: /data1/lesliec/sarthak/caduceus/outputs/2026-05-04/07-50-11-457229/checkpoints/01-step=14000.ckpt
[2026-05-04 16:59:59] Submitting: seed=2237  ckpt=/data1/lesliec/sarthak/caduceus/outputs/2026-05-04/07-50-11-457229/checkpoints/01-step=14000.ckpt
[2026-05-04 16:59:59] Submitted job 2296201. Incrementing seed to 2238.
[2026-05-04 16:59:59] === Monitor check complete ===
[2026-05-04 17:09:59] === Monitor check ===
[2026-05-04 17:09:59] Job 'finetune_k562plus10_striped_maskonly_3' is running (ID=2296201, state=RUNNING).
[2026-05-04 17:09:59] WARNING lines in last 100: 0
[2026-05-04 17:09:59] === Monitor check complete ===
[2026-05-04 17:19:59] === Monitor check ===
[2026-05-04 17:20:00] Job 'finetune_k562plus10_striped_maskonly_3' is running (ID=2296201, state=RUNNING).
[2026-05-04 17:20:00] WARNING lines in last 100: 0
[2026-05-04 17:20:00] === Monitor check complete ===
[2026-05-04 17:30:00] === Monitor check ===
[2026-05-04 17:30:00] Job 'finetune_k562plus10_striped_maskonly_3' is running (ID=2296201, state=RUNNING).
[2026-05-04 17:30:00] WARNING lines in last 100: 0
[2026-05-04 17:30:00] === Monitor check complete ===
[2026-05-04 17:40:00] === Monitor check ===
[2026-05-04 17:40:00] Job 'finetune_k562plus10_striped_maskonly_3' is running (ID=2296201, state=RUNNING).
[2026-05-04 17:40:00] WARNING lines in last 100: 0
[2026-05-04 17:40:00] === Monitor check complete ===
[2026-05-04 17:50:00] === Monitor check ===
[2026-05-04 17:50:00] Job 'finetune_k562plus10_striped_maskonly_3' is running (ID=2296201, state=RUNNING).
[2026-05-04 17:50:00] WARNING lines in last 100: 0
[2026-05-04 17:50:00] === Monitor check complete ===
[2026-05-04 18:00:00] === Monitor check ===
[2026-05-04 18:00:00] Job 'finetune_k562plus10_striped_maskonly_3' is running (ID=2296201, state=RUNNING).
[2026-05-04 18:00:00] WARNING lines in last 100: 0
[2026-05-04 18:00:00] === Monitor check complete ===
[2026-05-04 18:10:00] === Monitor check ===
[2026-05-04 18:10:00] Job 'finetune_k562plus10_striped_maskonly_3' is running (ID=2296201, state=RUNNING).
[2026-05-04 18:10:00] WARNING lines in last 100: 0
[2026-05-04 18:10:00] === Monitor check complete ===
[2026-05-04 18:20:00] === Monitor check ===
[2026-05-04 18:20:00] Job 'finetune_k562plus10_striped_maskonly_3' is running (ID=2296201, state=RUNNING).
[2026-05-04 18:20:00] WARNING lines in last 100: 0
[2026-05-04 18:20:00] === Monitor check complete ===
[2026-05-04 18:30:00] === Monitor check ===
[2026-05-04 18:30:00] Job 'finetune_k562plus10_striped_maskonly_3' is running (ID=2296201, state=RUNNING).
[2026-05-04 18:30:00] WARNING lines in last 100: 0
[2026-05-04 18:30:00] === Monitor check complete ===
[2026-05-04 18:40:00] === Monitor check ===
[2026-05-04 18:40:00] Job 'finetune_k562plus10_striped_maskonly_3' is running (ID=2296201, state=RUNNING).
[2026-05-04 18:40:00] WARNING lines in last 100: 0
[2026-05-04 18:40:00] === Monitor check complete ===
[2026-05-04 18:50:00] === Monitor check ===
[2026-05-04 18:50:00] Job 'finetune_k562plus10_striped_maskonly_3' is running (ID=2296201, state=RUNNING).
[2026-05-04 18:50:00] WARNING lines in last 100: 0
[2026-05-04 18:50:00] === Monitor check complete ===
[2026-05-04 19:00:01] === Monitor check ===
[2026-05-04 19:00:01] Job 'finetune_k562plus10_striped_maskonly_3' is running (ID=2296201, state=RUNNING).
[2026-05-04 19:00:01] WARNING lines in last 100: 0
[2026-05-04 19:00:01] === Monitor check complete ===
[2026-05-04 19:10:01] === Monitor check ===
[2026-05-04 19:10:01] Job 'finetune_k562plus10_striped_maskonly_3' is running (ID=2296201, state=RUNNING).
[2026-05-04 19:10:01] WARNING lines in last 100: 0
[2026-05-04 19:10:01] === Monitor check complete ===
[2026-05-04 19:20:01] === Monitor check ===
[2026-05-04 19:20:01] Job 'finetune_k562plus10_striped_maskonly_3' is running (ID=2296201, state=RUNNING).
[2026-05-04 19:20:01] WARNING lines in last 100: 0
[2026-05-04 19:20:01] === Monitor check complete ===
[2026-05-04 19:30:01] === Monitor check ===
[2026-05-04 19:30:01] Job 'finetune_k562plus10_striped_maskonly_3' is running (ID=2296201, state=RUNNING).
[2026-05-04 19:30:01] WARNING lines in last 100: 0
[2026-05-04 19:30:01] === Monitor check complete ===
[2026-05-04 19:40:01] === Monitor check ===
[2026-05-04 19:40:01] Job 'finetune_k562plus10_striped_maskonly_3' is running (ID=2296201, state=RUNNING).
[2026-05-04 19:40:01] WARNING lines in last 100: 0
[2026-05-04 19:40:01] === Monitor check complete ===
[2026-05-04 19:50:01] === Monitor check ===
[2026-05-04 19:50:01] Job 'finetune_k562plus10_striped_maskonly_3' is running (ID=2296201, state=RUNNING).
[2026-05-04 19:50:01] WARNING lines in last 100: 0
[2026-05-04 19:50:01] === Monitor check complete ===
[2026-05-04 20:00:01] === Monitor check ===
[2026-05-04 20:00:02] Job 'finetune_k562plus10_striped_maskonly_3' is running (ID=2296201, state=RUNNING).
[2026-05-04 20:00:02] WARNING lines in last 100: 0
[2026-05-04 20:00:02] === Monitor check complete ===
[2026-05-04 20:10:02] === Monitor check ===
[2026-05-04 20:10:02] Job 'finetune_k562plus10_striped_maskonly_3' is running (ID=2296201, state=RUNNING).
[2026-05-04 20:10:02] WARNING lines in last 100: 0
[2026-05-04 20:10:02] === Monitor check complete ===
[2026-05-04 20:20:02] === Monitor check ===
[2026-05-04 20:20:02] Job 'finetune_k562plus10_striped_maskonly_3' is running (ID=2296201, state=RUNNING).
[2026-05-04 20:20:02] WARNING lines in last 100: 0
[2026-05-04 20:20:02] === Monitor check complete ===
[2026-05-04 20:30:02] === Monitor check ===
[2026-05-04 20:30:02] Job 'finetune_k562plus10_striped_maskonly_3' is running (ID=2296201, state=RUNNING).
[2026-05-04 20:30:02] WARNING lines in last 100: 0
[2026-05-04 20:30:02] === Monitor check complete ===
[2026-05-04 20:40:02] === Monitor check ===
[2026-05-04 20:40:02] Job 'finetune_k562plus10_striped_maskonly_3' is running (ID=2296201, state=RUNNING).
[2026-05-04 20:40:02] WARNING lines in last 100: 0
[2026-05-04 20:40:02] === Monitor check complete ===
[2026-05-04 20:50:02] === Monitor check ===
[2026-05-04 20:50:03] Job 'finetune_k562plus10_striped_maskonly_3' is running (ID=2296201, state=RUNNING).
[2026-05-04 20:50:03] WARNING lines in last 100: 0
[2026-05-04 20:50:03] === Monitor check complete ===
[2026-05-04 21:00:03] === Monitor check ===
[2026-05-04 21:00:03] Job 'finetune_k562plus10_striped_maskonly_3' is running (ID=2296201, state=RUNNING).
[2026-05-04 21:00:03] WARNING lines in last 100: 0
[2026-05-04 21:00:03] === Monitor check complete ===
[2026-05-04 21:10:03] === Monitor check ===
[2026-05-04 21:10:03] Job 'finetune_k562plus10_striped_maskonly_3' is running (ID=2296201, state=RUNNING).
[2026-05-04 21:10:03] WARNING lines in last 100: 0
[2026-05-04 21:10:03] === Monitor check complete ===
[2026-05-04 21:20:03] === Monitor check ===
[2026-05-04 21:20:03] Job 'finetune_k562plus10_striped_maskonly_3' is not running.
[2026-05-04 21:20:03] Latest output file: /data1/lesliec/sarthak/caduceus/jobs/2296201-finetune_k562plus10_striped_maskonly_3.out
[2026-05-04 21:20:03] Using checkpoint: /data1/lesliec/sarthak/caduceus/outputs/2026-05-04/07-50-11-457229/checkpoints/01-step=14000.ckpt
[2026-05-04 21:20:03] Submitting: seed=2238  ckpt=/data1/lesliec/sarthak/caduceus/outputs/2026-05-04/07-50-11-457229/checkpoints/01-step=14000.ckpt
[2026-05-04 21:20:03] Submitted job 2350481. Incrementing seed to 2239.
[2026-05-04 21:20:03] === Monitor check complete ===
[2026-05-04 21:30:03] === Monitor check ===
[2026-05-04 21:30:03] Job 'finetune_k562plus10_striped_maskonly_3' is running (ID=2350481, state=RUNNING).
[2026-05-04 21:30:03] WARNING lines in last 100: 0
[2026-05-04 21:30:03] === Monitor check complete ===
[2026-05-04 21:40:03] === Monitor check ===
[2026-05-04 21:40:03] Job 'finetune_k562plus10_striped_maskonly_3' is running (ID=2350481, state=RUNNING).
[2026-05-04 21:40:03] WARNING lines in last 100: 0
[2026-05-04 21:40:03] === Monitor check complete ===
[2026-05-04 21:50:03] === Monitor check ===
[2026-05-04 21:50:03] Job 'finetune_k562plus10_striped_maskonly_3' is running (ID=2350481, state=RUNNING).
[2026-05-04 21:50:03] WARNING lines in last 100: 0
[2026-05-04 21:50:03] === Monitor check complete ===
[2026-05-04 22:00:03] === Monitor check ===
[2026-05-04 22:00:04] Job 'finetune_k562plus10_striped_maskonly_3' is running (ID=2350481, state=RUNNING).
[2026-05-04 22:00:04] WARNING lines in last 100: 0
[2026-05-04 22:00:04] === Monitor check complete ===
[2026-05-04 22:10:04] === Monitor check ===
[2026-05-04 22:10:04] Job 'finetune_k562plus10_striped_maskonly_3' is running (ID=2350481, state=RUNNING).
[2026-05-04 22:10:04] WARNING lines in last 100: 0
[2026-05-04 22:10:04] === Monitor check complete ===
[2026-05-04 22:20:04] === Monitor check ===
[2026-05-04 22:20:04] Job 'finetune_k562plus10_striped_maskonly_3' is running (ID=2350481, state=RUNNING).
[2026-05-04 22:20:04] WARNING lines in last 100: 0
[2026-05-04 22:20:04] === Monitor check complete ===
[2026-05-04 22:30:04] === Monitor check ===
[2026-05-04 22:30:04] Job 'finetune_k562plus10_striped_maskonly_3' is running (ID=2350481, state=RUNNING).
[2026-05-04 22:30:04] WARNING lines in last 100: 0
[2026-05-04 22:30:04] === Monitor check complete ===
[2026-05-04 22:40:04] === Monitor check ===
[2026-05-04 22:40:04] Job 'finetune_k562plus10_striped_maskonly_3' is running (ID=2350481, state=RUNNING).
[2026-05-04 22:40:04] WARNING lines in last 100: 0
[2026-05-04 22:40:04] === Monitor check complete ===
[2026-05-04 22:50:04] === Monitor check ===
[2026-05-04 22:50:04] Job 'finetune_k562plus10_striped_maskonly_3' is running (ID=2350481, state=RUNNING).
[2026-05-04 22:50:04] WARNING lines in last 100: 0
[2026-05-04 22:50:04] === Monitor check complete ===
[2026-05-04 23:00:04] === Monitor check ===
[2026-05-04 23:00:05] Job 'finetune_k562plus10_striped_maskonly_3' is running (ID=2350481, state=RUNNING).
[2026-05-04 23:00:05] WARNING lines in last 100: 0
[2026-05-04 23:00:05] === Monitor check complete ===
[2026-05-04 23:10:05] === Monitor check ===
[2026-05-04 23:10:05] Job 'finetune_k562plus10_striped_maskonly_3' is running (ID=2350481, state=RUNNING).
[2026-05-04 23:10:05] WARNING lines in last 100: 0
[2026-05-04 23:10:05] === Monitor check complete ===
[2026-05-04 23:20:05] === Monitor check ===
[2026-05-04 23:20:05] Job 'finetune_k562plus10_striped_maskonly_3' is running (ID=2350481, state=RUNNING).
[2026-05-04 23:20:05] WARNING lines in last 100: 0
[2026-05-04 23:20:05] === Monitor check complete ===
[2026-05-04 23:30:05] === Monitor check ===
[2026-05-04 23:30:05] Job 'finetune_k562plus10_striped_maskonly_3' is running (ID=2350481, state=RUNNING).
[2026-05-04 23:30:05] WARNING lines in last 100: 0
[2026-05-04 23:30:05] === Monitor check complete ===
[2026-05-04 23:40:05] === Monitor check ===
[2026-05-04 23:40:05] Job 'finetune_k562plus10_striped_maskonly_3' is running (ID=2350481, state=RUNNING).
[2026-05-04 23:40:05] WARNING lines in last 100: 0
[2026-05-04 23:40:05] === Monitor check complete ===
[2026-05-04 23:50:05] === Monitor check ===
[2026-05-04 23:50:05] Job 'finetune_k562plus10_striped_maskonly_3' is running (ID=2350481, state=RUNNING).
[2026-05-04 23:50:05] WARNING lines in last 100: 0
[2026-05-04 23:50:05] === Monitor check complete ===
[2026-05-05 00:00:05] === Monitor check ===
[2026-05-05 00:00:05] Job 'finetune_k562plus10_striped_maskonly_3' is running (ID=2350481, state=RUNNING).
[2026-05-05 00:00:05] WARNING lines in last 100: 0
[2026-05-05 00:00:05] === Monitor check complete ===
[2026-05-05 00:10:05] === Monitor check ===
[2026-05-05 00:10:05] Job 'finetune_k562plus10_striped_maskonly_3' is not running.
[2026-05-05 00:10:05] Latest output file: /data1/lesliec/sarthak/caduceus/jobs/2350481-finetune_k562plus10_striped_maskonly_3.out
[2026-05-05 00:10:05] Using checkpoint: /data1/lesliec/sarthak/caduceus/outputs/2026-05-04/07-50-11-457229/checkpoints/01-step=14000.ckpt
[2026-05-05 00:10:05] Submitting: seed=2239  ckpt=/data1/lesliec/sarthak/caduceus/outputs/2026-05-04/07-50-11-457229/checkpoints/01-step=14000.ckpt
[2026-05-05 00:10:06] Submitted job 2373621. Incrementing seed to 2240.
[2026-05-05 00:10:06] === Monitor check complete ===
[2026-05-05 00:20:06] === Monitor check ===
[2026-05-05 00:20:06] Job 'finetune_k562plus10_striped_maskonly_3' is running (ID=2373621, state=RUNNING).
[2026-05-05 00:20:06] WARNING lines in last 100: 0
[2026-05-05 00:20:06] === Monitor check complete ===
[2026-05-05 00:30:06] === Monitor check ===
[2026-05-05 00:30:06] Job 'finetune_k562plus10_striped_maskonly_3' is running (ID=2373621, state=RUNNING).
[2026-05-05 00:30:06] WARNING lines in last 100: 0
[2026-05-05 00:30:06] === Monitor check complete ===
[2026-05-05 00:40:06] === Monitor check ===
[2026-05-05 00:40:06] Job 'finetune_k562plus10_striped_maskonly_3' is running (ID=2373621, state=RUNNING).
[2026-05-05 00:40:06] WARNING lines in last 100: 0
[2026-05-05 00:40:06] === Monitor check complete ===
[2026-05-05 00:50:06] === Monitor check ===
[2026-05-05 00:50:06] Job 'finetune_k562plus10_striped_maskonly_3' is running (ID=2373621, state=RUNNING).
[2026-05-05 00:50:06] WARNING lines in last 100: 0
[2026-05-05 00:50:06] === Monitor check complete ===
[2026-05-05 01:00:09] === Monitor check ===
[2026-05-05 01:00:09] Job 'finetune_k562plus10_striped_maskonly_3' is running (ID=2373621, state=RUNNING).
[2026-05-05 01:00:09] WARNING lines in last 100: 0
[2026-05-05 01:00:09] === Monitor check complete ===
[2026-05-05 01:10:09] === Monitor check ===
[2026-05-05 01:10:09] Job 'finetune_k562plus10_striped_maskonly_3' is running (ID=2373621, state=RUNNING).
[2026-05-05 01:10:09] WARNING lines in last 100: 0
[2026-05-05 01:10:09] === Monitor check complete ===
[2026-05-05 01:20:09] === Monitor check ===
[2026-05-05 01:20:09] Job 'finetune_k562plus10_striped_maskonly_3' is running (ID=2373621, state=RUNNING).
[2026-05-05 01:20:09] WARNING lines in last 100: 0
[2026-05-05 01:20:09] === Monitor check complete ===
[2026-05-05 01:30:09] === Monitor check ===
[2026-05-05 01:30:09] Job 'finetune_k562plus10_striped_maskonly_3' is running (ID=2373621, state=RUNNING).
[2026-05-05 01:30:09] WARNING lines in last 100: 0
[2026-05-05 01:30:09] === Monitor check complete ===
[2026-05-05 01:40:09] === Monitor check ===
[2026-05-05 01:40:10] Job 'finetune_k562plus10_striped_maskonly_3' is running (ID=2373621, state=RUNNING).
[2026-05-05 01:40:10] WARNING lines in last 100: 0
[2026-05-05 01:40:10] === Monitor check complete ===
[2026-05-05 01:50:10] === Monitor check ===
[2026-05-05 01:50:10] Job 'finetune_k562plus10_striped_maskonly_3' is running (ID=2373621, state=RUNNING).
[2026-05-05 01:50:10] WARNING lines in last 100: 0
[2026-05-05 01:50:10] === Monitor check complete ===
[2026-05-05 02:00:10] === Monitor check ===
[2026-05-05 02:00:10] Job 'finetune_k562plus10_striped_maskonly_3' is running (ID=2373621, state=RUNNING).
[2026-05-05 02:00:10] WARNING lines in last 100: 0
[2026-05-05 02:00:10] === Monitor check complete ===
[2026-05-05 02:10:10] === Monitor check ===
[2026-05-05 02:10:10] Job 'finetune_k562plus10_striped_maskonly_3' is running (ID=2373621, state=RUNNING).
[2026-05-05 02:10:10] WARNING lines in last 100: 0
[2026-05-05 02:10:10] === Monitor check complete ===
[2026-05-05 02:20:10] === Monitor check ===
[2026-05-05 02:20:10] Job 'finetune_k562plus10_striped_maskonly_3' is running (ID=2373621, state=RUNNING).
[2026-05-05 02:20:10] WARNING lines in last 100: 0
[2026-05-05 02:20:10] === Monitor check complete ===
[2026-05-05 02:30:10] === Monitor check ===
[2026-05-05 02:30:10] Job 'finetune_k562plus10_striped_maskonly_3' is running (ID=2373621, state=RUNNING).
[2026-05-05 02:30:10] WARNING lines in last 100: 0
[2026-05-05 02:30:10] === Monitor check complete ===
[2026-05-05 02:40:10] === Monitor check ===
[2026-05-05 02:40:10] Job 'finetune_k562plus10_striped_maskonly_3' is running (ID=2373621, state=RUNNING).
[2026-05-05 02:40:10] WARNING lines in last 100: 0
[2026-05-05 02:40:10] === Monitor check complete ===
[2026-05-05 02:50:10] === Monitor check ===
[2026-05-05 02:50:10] Job 'finetune_k562plus10_striped_maskonly_3' is running (ID=2373621, state=RUNNING).
[2026-05-05 02:50:10] WARNING lines in last 100: 0
[2026-05-05 02:50:10] === Monitor check complete ===
[2026-05-05 03:00:10] === Monitor check ===
[2026-05-05 03:00:10] Job 'finetune_k562plus10_striped_maskonly_3' is running (ID=2373621, state=RUNNING).
[2026-05-05 03:00:10] WARNING lines in last 100: 0
[2026-05-05 03:00:10] === Monitor check complete ===
[2026-05-05 03:10:10] === Monitor check ===
[2026-05-05 03:10:11] Job 'finetune_k562plus10_striped_maskonly_3' is running (ID=2373621, state=RUNNING).
[2026-05-05 03:10:11] WARNING lines in last 100: 0
[2026-05-05 03:10:11] === Monitor check complete ===
[2026-05-05 03:20:11] === Monitor check ===
[2026-05-05 03:20:11] Job 'finetune_k562plus10_striped_maskonly_3' is running (ID=2373621, state=RUNNING).
[2026-05-05 03:20:11] WARNING lines in last 100: 0
[2026-05-05 03:20:11] === Monitor check complete ===
[2026-05-05 03:30:11] === Monitor check ===
[2026-05-05 03:30:11] Job 'finetune_k562plus10_striped_maskonly_3' is running (ID=2373621, state=RUNNING).
[2026-05-05 03:30:11] WARNING lines in last 100: 0
[2026-05-05 03:30:11] === Monitor check complete ===
[2026-05-05 03:40:11] === Monitor check ===
[2026-05-05 03:40:11] Job 'finetune_k562plus10_striped_maskonly_3' is running (ID=2373621, state=RUNNING).
[2026-05-05 03:40:11] WARNING lines in last 100: 0
[2026-05-05 03:40:11] === Monitor check complete ===
[2026-05-05 03:50:11] === Monitor check ===
[2026-05-05 03:50:11] Job 'finetune_k562plus10_striped_maskonly_3' is running (ID=2373621, state=RUNNING).
[2026-05-05 03:50:11] WARNING lines in last 100: 0
[2026-05-05 03:50:11] === Monitor check complete ===
[2026-05-05 04:00:11] === Monitor check ===
[2026-05-05 04:00:11] Job 'finetune_k562plus10_striped_maskonly_3' is running (ID=2373621, state=RUNNING).
[2026-05-05 04:00:11] WARNING lines in last 100: 0
[2026-05-05 04:00:11] === Monitor check complete ===
[2026-05-05 04:10:11] === Monitor check ===
[2026-05-05 04:10:11] Job 'finetune_k562plus10_striped_maskonly_3' is running (ID=2373621, state=RUNNING).
[2026-05-05 04:10:11] WARNING lines in last 100: 0
[2026-05-05 04:10:11] === Monitor check complete ===
[2026-05-05 04:20:11] === Monitor check ===
[2026-05-05 04:20:11] Job 'finetune_k562plus10_striped_maskonly_3' is running (ID=2373621, state=RUNNING).
[2026-05-05 04:20:11] WARNING lines in last 100: 0
[2026-05-05 04:20:11] === Monitor check complete ===
[2026-05-05 04:30:11] === Monitor check ===
[2026-05-05 04:30:12] Job 'finetune_k562plus10_striped_maskonly_3' is running (ID=2373621, state=RUNNING).
[2026-05-05 04:30:12] WARNING lines in last 100: 0
[2026-05-05 04:30:12] === Monitor check complete ===
[2026-05-05 04:40:12] === Monitor check ===
[2026-05-05 04:40:12] Job 'finetune_k562plus10_striped_maskonly_3' is running (ID=2373621, state=RUNNING).
[2026-05-05 04:40:12] WARNING lines in last 100: 0
[2026-05-05 04:40:12] === Monitor check complete ===
[2026-05-05 04:50:12] === Monitor check ===
[2026-05-05 04:50:12] Job 'finetune_k562plus10_striped_maskonly_3' is running (ID=2373621, state=RUNNING).
[2026-05-05 04:50:12] WARNING lines in last 100: 0
[2026-05-05 04:50:12] === Monitor check complete ===
[2026-05-05 05:00:12] === Monitor check ===
[2026-05-05 05:00:12] Job 'finetune_k562plus10_striped_maskonly_3' is running (ID=2373621, state=RUNNING).
[2026-05-05 05:00:12] WARNING lines in last 100: 0
[2026-05-05 05:00:12] === Monitor check complete ===
[2026-05-05 05:10:12] === Monitor check ===
[2026-05-05 05:10:12] Job 'finetune_k562plus10_striped_maskonly_3' is running (ID=2373621, state=RUNNING).
[2026-05-05 05:10:12] WARNING lines in last 100: 0
[2026-05-05 05:10:12] === Monitor check complete ===
[2026-05-05 05:20:12] === Monitor check ===
[2026-05-05 05:20:12] Job 'finetune_k562plus10_striped_maskonly_3' is running (ID=2373621, state=RUNNING).
[2026-05-05 05:20:12] WARNING lines in last 100: 0
[2026-05-05 05:20:12] === Monitor check complete ===
[2026-05-05 05:30:12] === Monitor check ===
[2026-05-05 05:30:12] Job 'finetune_k562plus10_striped_maskonly_3' is running (ID=2373621, state=RUNNING).
[2026-05-05 05:30:12] WARNING lines in last 100: 0
[2026-05-05 05:30:12] === Monitor check complete ===
[2026-05-05 05:40:12] === Monitor check ===
[2026-05-05 05:40:12] Job 'finetune_k562plus10_striped_maskonly_3' is running (ID=2373621, state=RUNNING).
[2026-05-05 05:40:12] WARNING lines in last 100: 0
[2026-05-05 05:40:12] === Monitor check complete ===
[2026-05-05 05:50:12] === Monitor check ===
[2026-05-05 05:50:12] Job 'finetune_k562plus10_striped_maskonly_3' is running (ID=2373621, state=RUNNING).
[2026-05-05 05:50:12] WARNING lines in last 100: 0
[2026-05-05 05:50:13] === Monitor check complete ===
[2026-05-05 06:00:13] === Monitor check ===
[2026-05-05 06:00:13] Job 'finetune_k562plus10_striped_maskonly_3' is running (ID=2373621, state=RUNNING).
[2026-05-05 06:00:13] WARNING lines in last 100: 0
[2026-05-05 06:00:13] === Monitor check complete ===
[2026-05-05 06:10:13] === Monitor check ===
[2026-05-05 06:10:13] Job 'finetune_k562plus10_striped_maskonly_3' is running (ID=2373621, state=RUNNING).
[2026-05-05 06:10:13] WARNING lines in last 100: 0
[2026-05-05 06:10:13] === Monitor check complete ===
[2026-05-05 06:20:13] === Monitor check ===
[2026-05-05 06:20:13] Job 'finetune_k562plus10_striped_maskonly_3' is running (ID=2373621, state=RUNNING).
[2026-05-05 06:20:13] WARNING lines in last 100: 0
[2026-05-05 06:20:13] === Monitor check complete ===
[2026-05-05 06:30:13] === Monitor check ===
[2026-05-05 06:30:13] Job 'finetune_k562plus10_striped_maskonly_3' is running (ID=2373621, state=RUNNING).
[2026-05-05 06:30:13] WARNING lines in last 100: 0
[2026-05-05 06:30:13] === Monitor check complete ===
[2026-05-05 06:40:13] === Monitor check ===
[2026-05-05 06:40:13] Job 'finetune_k562plus10_striped_maskonly_3' is running (ID=2373621, state=RUNNING).
[2026-05-05 06:40:13] WARNING lines in last 100: 0
[2026-05-05 06:40:13] === Monitor check complete ===
[2026-05-05 06:50:13] === Monitor check ===
[2026-05-05 06:50:13] Job 'finetune_k562plus10_striped_maskonly_3' is running (ID=2373621, state=RUNNING).
[2026-05-05 06:50:13] WARNING lines in last 100: 0
[2026-05-05 06:50:13] === Monitor check complete ===
[2026-05-05 07:00:13] === Monitor check ===
[2026-05-05 07:00:13] Job 'finetune_k562plus10_striped_maskonly_3' is running (ID=2373621, state=RUNNING).
[2026-05-05 07:00:13] WARNING lines in last 100: 0
[2026-05-05 07:00:13] === Monitor check complete ===
[2026-05-05 07:10:13] === Monitor check ===
[2026-05-05 07:10:13] Job 'finetune_k562plus10_striped_maskonly_3' is running (ID=2373621, state=RUNNING).
[2026-05-05 07:10:13] WARNING lines in last 100: 0
[2026-05-05 07:10:13] === Monitor check complete ===
[2026-05-05 07:20:13] === Monitor check ===
[2026-05-05 07:20:14] Job 'finetune_k562plus10_striped_maskonly_3' is running (ID=2373621, state=RUNNING).
[2026-05-05 07:20:14] WARNING lines in last 100: 0
[2026-05-05 07:20:14] === Monitor check complete ===
[2026-05-05 07:30:14] === Monitor check ===
[2026-05-05 07:30:14] Job 'finetune_k562plus10_striped_maskonly_3' is running (ID=2373621, state=RUNNING).
[2026-05-05 07:30:14] WARNING lines in last 100: 0
[2026-05-05 07:30:14] === Monitor check complete ===
[2026-05-05 07:40:14] === Monitor check ===
[2026-05-05 07:40:14] Job 'finetune_k562plus10_striped_maskonly_3' is running (ID=2373621, state=RUNNING).
[2026-05-05 07:40:14] WARNING lines in last 100: 0
[2026-05-05 07:40:14] === Monitor check complete ===
[2026-05-05 07:50:14] === Monitor check ===
[2026-05-05 07:50:14] Job 'finetune_k562plus10_striped_maskonly_3' is running (ID=2373621, state=RUNNING).
[2026-05-05 07:50:14] WARNING lines in last 100: 1
[2026-05-05 07:50:14] === Monitor check complete ===
[2026-05-05 08:00:14] === Monitor check ===
[2026-05-05 08:00:14] Job 'finetune_k562plus10_striped_maskonly_3' is running (ID=2373621, state=RUNNING).
[2026-05-05 08:00:14] WARNING lines in last 100: 1
[2026-05-05 08:00:14] === Monitor check complete ===
[2026-05-05 08:10:14] === Monitor check ===
[2026-05-05 08:10:14] Job 'finetune_k562plus10_striped_maskonly_3' is running (ID=2373621, state=RUNNING).
[2026-05-05 08:10:14] WARNING lines in last 100: 1
[2026-05-05 08:10:14] === Monitor check complete ===
[2026-05-05 08:20:14] === Monitor check ===
[2026-05-05 08:20:14] Job 'finetune_k562plus10_striped_maskonly_3' is not running.
[2026-05-05 08:20:14] Latest output file: /data1/lesliec/sarthak/caduceus/jobs/2373621-finetune_k562plus10_striped_maskonly_3.out
[2026-05-05 08:20:14] Using checkpoint: /data1/lesliec/sarthak/caduceus/outputs/2026-05-05/00-10-30-166074/checkpoints/01-step=14250.ckpt
[2026-05-05 08:20:14] Submitting: seed=2240  ckpt=/data1/lesliec/sarthak/caduceus/outputs/2026-05-05/00-10-30-166074/checkpoints/01-step=14250.ckpt
[2026-05-05 08:20:14] Submitted job 2388420. Incrementing seed to 2241.
[2026-05-05 08:20:14] === Monitor check complete ===
[2026-05-05 08:30:14] === Monitor check ===
[2026-05-05 08:30:15] Job 'finetune_k562plus10_striped_maskonly_3' is running (ID=2388420, state=RUNNING).
[2026-05-05 08:30:15] WARNING lines in last 100: 0
[2026-05-05 08:30:15] === Monitor check complete ===
[2026-05-05 08:40:15] === Monitor check ===
[2026-05-05 08:40:15] Job 'finetune_k562plus10_striped_maskonly_3' is running (ID=2388420, state=RUNNING).
[2026-05-05 08:40:15] WARNING lines in last 100: 0
[2026-05-05 08:40:15] === Monitor check complete ===
[2026-05-05 08:50:15] === Monitor check ===
[2026-05-05 08:50:15] Job 'finetune_k562plus10_striped_maskonly_3' is running (ID=2388420, state=RUNNING).
[2026-05-05 08:50:15] WARNING lines in last 100: 1
[2026-05-05 08:50:15] === Monitor check complete ===
[2026-05-05 09:00:15] === Monitor check ===
[2026-05-05 09:00:15] Job 'finetune_k562plus10_striped_maskonly_3' is running (ID=2388420, state=RUNNING).
[2026-05-05 09:00:15] WARNING lines in last 100: 1
[2026-05-05 09:00:15] === Monitor check complete ===
[2026-05-05 09:10:15] === Monitor check ===
[2026-05-05 09:10:15] Job 'finetune_k562plus10_striped_maskonly_3' is running (ID=2388420, state=RUNNING).
[2026-05-05 09:10:15] WARNING lines in last 100: 1
[2026-05-05 09:10:15] === Monitor check complete ===
[2026-05-05 09:20:15] === Monitor check ===
[2026-05-05 09:20:15] Job 'finetune_k562plus10_striped_maskonly_3' is not running.
[2026-05-05 09:20:15] Latest output file: /data1/lesliec/sarthak/caduceus/jobs/2388420-finetune_k562plus10_striped_maskonly_3.out
[2026-05-05 09:20:15] Using checkpoint: /data1/lesliec/sarthak/caduceus/outputs/2026-05-05/00-10-30-166074/checkpoints/01-step=14250.ckpt
[2026-05-05 09:20:15] Submitting: seed=2241  ckpt=/data1/lesliec/sarthak/caduceus/outputs/2026-05-05/00-10-30-166074/checkpoints/01-step=14250.ckpt
[2026-05-05 09:20:15] Submitted job 2393943. Incrementing seed to 2242.
[2026-05-05 09:20:15] === Monitor check complete ===
[2026-05-06 19:03:52] Monitor SLURM job started (PID=2283717). Will check every 10 minutes.
[2026-05-06 19:03:52] === Monitor check ===
[2026-05-06 19:03:52] Job 'finetune_k562plus10_striped_maskonly_3' is not running.
[2026-05-06 19:03:52] Latest output file: /data1/lesliec/sarthak/caduceus/jobs/2393943-finetune_k562plus10_striped_maskonly_3.out
[2026-05-06 19:03:52] Using checkpoint: /data1/lesliec/sarthak/caduceus/outputs/2026-05-05/00-10-30-166074/checkpoints/01-step=14250.ckpt
[2026-05-06 19:03:52] Submitting: seed=2242  ckpt=/data1/lesliec/sarthak/caduceus/outputs/2026-05-05/00-10-30-166074/checkpoints/01-step=14250.ckpt
[2026-05-06 19:03:52] Submitted job 2707870. Incrementing seed to 2243.
[2026-05-06 19:03:52] === Monitor check complete ===
[2026-05-06 19:13:52] === Monitor check ===
[2026-05-06 19:13:53] Job 'finetune_k562plus10_striped_maskonly_3' is running (ID=2707870, state=RUNNING).
[2026-05-06 19:13:53] WARNING lines in last 100: 0
[2026-05-06 19:13:53] === Monitor check complete ===
[2026-05-06 19:23:53] === Monitor check ===
[2026-05-06 19:23:53] Job 'finetune_k562plus10_striped_maskonly_3' is running (ID=2707870, state=RUNNING).
[2026-05-06 19:23:53] WARNING lines in last 100: 0
[2026-05-06 19:23:53] === Monitor check complete ===
[2026-05-06 19:33:53] === Monitor check ===
[2026-05-06 19:33:53] Job 'finetune_k562plus10_striped_maskonly_3' is running (ID=2707870, state=RUNNING).
[2026-05-06 19:33:53] WARNING lines in last 100: 0
[2026-05-06 19:33:53] === Monitor check complete ===
[2026-05-06 19:43:53] === Monitor check ===
[2026-05-06 19:43:55] Job 'finetune_k562plus10_striped_maskonly_3' is running (ID=2707870, state=RUNNING).
[2026-05-06 19:43:55] WARNING lines in last 100: 0
[2026-05-06 19:43:55] === Monitor check complete ===
[2026-05-06 19:53:55] === Monitor check ===
[2026-05-06 19:53:55] Job 'finetune_k562plus10_striped_maskonly_3' is running (ID=2707870, state=RUNNING).
[2026-05-06 19:53:55] WARNING lines in last 100: 0
[2026-05-06 19:53:55] === Monitor check complete ===
[2026-05-06 20:03:55] === Monitor check ===
[2026-05-06 20:03:55] Job 'finetune_k562plus10_striped_maskonly_3' is running (ID=2707870, state=RUNNING).
[2026-05-06 20:03:55] WARNING lines in last 100: 0
[2026-05-06 20:03:55] === Monitor check complete ===
[2026-05-06 20:13:55] === Monitor check ===
[2026-05-06 20:13:57] Job 'finetune_k562plus10_striped_maskonly_3' is running (ID=2707870, state=RUNNING).
[2026-05-06 20:13:57] WARNING lines in last 100: 0
[2026-05-06 20:13:57] === Monitor check complete ===
[2026-05-06 20:23:57] === Monitor check ===
[2026-05-06 20:23:58] Job 'finetune_k562plus10_striped_maskonly_3' is running (ID=2707870, state=RUNNING).
[2026-05-06 20:23:58] WARNING lines in last 100: 0
[2026-05-06 20:23:58] === Monitor check complete ===
[2026-05-06 20:33:58] === Monitor check ===
[2026-05-06 20:33:58] Job 'finetune_k562plus10_striped_maskonly_3' is running (ID=2707870, state=RUNNING).
[2026-05-06 20:33:58] WARNING lines in last 100: 0
[2026-05-06 20:33:58] === Monitor check complete ===
[2026-05-06 20:43:58] === Monitor check ===
[2026-05-06 20:43:58] Job 'finetune_k562plus10_striped_maskonly_3' is running (ID=2707870, state=RUNNING).
[2026-05-06 20:43:59] WARNING lines in last 100: 0
[2026-05-06 20:43:59] === Monitor check complete ===
[2026-05-06 20:53:59] === Monitor check ===
[2026-05-06 20:53:59] Job 'finetune_k562plus10_striped_maskonly_3' is running (ID=2707870, state=RUNNING).
[2026-05-06 20:53:59] WARNING lines in last 100: 0
[2026-05-06 20:53:59] === Monitor check complete ===
[2026-05-06 21:03:59] === Monitor check ===
[2026-05-06 21:03:59] Job 'finetune_k562plus10_striped_maskonly_3' is running (ID=2707870, state=RUNNING).
[2026-05-06 21:03:59] WARNING lines in last 100: 0
[2026-05-06 21:03:59] === Monitor check complete ===
[2026-05-06 21:13:59] === Monitor check ===
[2026-05-06 21:14:00] Job 'finetune_k562plus10_striped_maskonly_3' is running (ID=2707870, state=RUNNING).
[2026-05-06 21:14:00] WARNING lines in last 100: 0
[2026-05-06 21:14:00] === Monitor check complete ===
[2026-05-06 21:24:00] === Monitor check ===
[2026-05-06 21:24:01] Job 'finetune_k562plus10_striped_maskonly_3' is running (ID=2707870, state=RUNNING).
[2026-05-06 21:24:01] WARNING lines in last 100: 0
[2026-05-06 21:24:01] === Monitor check complete ===
[2026-05-06 21:34:01] === Monitor check ===
[2026-05-06 21:34:01] Job 'finetune_k562plus10_striped_maskonly_3' is running (ID=2707870, state=RUNNING).
[2026-05-06 21:34:01] WARNING lines in last 100: 0
[2026-05-06 21:34:01] === Monitor check complete ===
[2026-05-06 21:44:01] === Monitor check ===
[2026-05-06 21:44:01] Job 'finetune_k562plus10_striped_maskonly_3' is running (ID=2707870, state=RUNNING).
[2026-05-06 21:44:01] WARNING lines in last 100: 0
[2026-05-06 21:44:01] === Monitor check complete ===
[2026-05-06 21:54:01] === Monitor check ===
[2026-05-06 21:54:01] Job 'finetune_k562plus10_striped_maskonly_3' is running (ID=2707870, state=RUNNING).
[2026-05-06 21:54:01] WARNING lines in last 100: 0
[2026-05-06 21:54:01] === Monitor check complete ===
[2026-05-06 22:04:01] === Monitor check ===
[2026-05-06 22:04:01] Job 'finetune_k562plus10_striped_maskonly_3' is running (ID=2707870, state=RUNNING).
[2026-05-06 22:04:01] WARNING lines in last 100: 0
[2026-05-06 22:04:01] === Monitor check complete ===
[2026-05-06 22:14:01] === Monitor check ===
[2026-05-06 22:14:01] Job 'finetune_k562plus10_striped_maskonly_3' is running (ID=2707870, state=RUNNING).
[2026-05-06 22:14:01] WARNING lines in last 100: 0
[2026-05-06 22:14:01] === Monitor check complete ===
[2026-05-06 22:24:01] === Monitor check ===
[2026-05-06 22:24:02] Job 'finetune_k562plus10_striped_maskonly_3' is running (ID=2707870, state=RUNNING).
[2026-05-06 22:24:02] WARNING lines in last 100: 0
[2026-05-06 22:24:02] === Monitor check complete ===
[2026-05-06 22:34:02] === Monitor check ===
[2026-05-06 22:34:02] Job 'finetune_k562plus10_striped_maskonly_3' is running (ID=2707870, state=RUNNING).
[2026-05-06 22:34:02] WARNING lines in last 100: 0
[2026-05-06 22:34:02] === Monitor check complete ===
[2026-05-06 22:44:02] === Monitor check ===
[2026-05-06 22:44:02] Job 'finetune_k562plus10_striped_maskonly_3' is running (ID=2707870, state=RUNNING).
[2026-05-06 22:44:02] WARNING lines in last 100: 0
[2026-05-06 22:44:02] === Monitor check complete ===
[2026-05-06 22:54:02] === Monitor check ===
[2026-05-06 22:54:02] Job 'finetune_k562plus10_striped_maskonly_3' is running (ID=2707870, state=RUNNING).
[2026-05-06 22:54:02] WARNING lines in last 100: 0
[2026-05-06 22:54:02] === Monitor check complete ===
[2026-05-06 23:04:02] === Monitor check ===
[2026-05-06 23:04:03] Job 'finetune_k562plus10_striped_maskonly_3' is running (ID=2707870, state=RUNNING).
[2026-05-06 23:04:03] WARNING lines in last 100: 0
[2026-05-06 23:04:03] === Monitor check complete ===
[2026-05-06 23:14:03] === Monitor check ===
[2026-05-06 23:14:03] Job 'finetune_k562plus10_striped_maskonly_3' is running (ID=2707870, state=RUNNING).
[2026-05-06 23:14:03] WARNING lines in last 100: 0
[2026-05-06 23:14:03] === Monitor check complete ===
[2026-05-06 23:24:03] === Monitor check ===
[2026-05-06 23:24:03] Job 'finetune_k562plus10_striped_maskonly_3' is running (ID=2707870, state=RUNNING).
[2026-05-06 23:24:03] WARNING lines in last 100: 0
[2026-05-06 23:24:03] === Monitor check complete ===
[2026-05-06 23:34:03] === Monitor check ===
[2026-05-06 23:34:03] Job 'finetune_k562plus10_striped_maskonly_3' is running (ID=2707870, state=RUNNING).
[2026-05-06 23:34:03] WARNING lines in last 100: 0
[2026-05-06 23:34:03] === Monitor check complete ===
[2026-05-06 23:44:03] === Monitor check ===
[2026-05-06 23:44:03] Job 'finetune_k562plus10_striped_maskonly_3' is running (ID=2707870, state=RUNNING).
[2026-05-06 23:44:03] WARNING lines in last 100: 0
[2026-05-06 23:44:03] === Monitor check complete ===
[2026-05-06 23:54:03] === Monitor check ===
[2026-05-06 23:54:03] Job 'finetune_k562plus10_striped_maskonly_3' is running (ID=2707870, state=RUNNING).
[2026-05-06 23:54:03] WARNING lines in last 100: 0
[2026-05-06 23:54:03] === Monitor check complete ===
[2026-05-07 00:04:03] === Monitor check ===
[2026-05-07 00:04:04] Job 'finetune_k562plus10_striped_maskonly_3' is running (ID=2707870, state=RUNNING).
[2026-05-07 00:04:04] WARNING lines in last 100: 0
[2026-05-07 00:04:04] === Monitor check complete ===
[2026-05-07 00:14:04] === Monitor check ===
[2026-05-07 00:14:04] Job 'finetune_k562plus10_striped_maskonly_3' is running (ID=2707870, state=RUNNING).
[2026-05-07 00:14:04] WARNING lines in last 100: 0
[2026-05-07 00:14:04] === Monitor check complete ===
[2026-05-07 00:24:04] === Monitor check ===
[2026-05-07 00:24:04] Job 'finetune_k562plus10_striped_maskonly_3' is running (ID=2707870, state=RUNNING).
[2026-05-07 00:24:04] WARNING lines in last 100: 0
[2026-05-07 00:24:04] === Monitor check complete ===
[2026-05-07 00:34:04] === Monitor check ===
[2026-05-07 00:34:04] Job 'finetune_k562plus10_striped_maskonly_3' is running (ID=2707870, state=RUNNING).
[2026-05-07 00:34:04] WARNING lines in last 100: 0
[2026-05-07 00:34:04] === Monitor check complete ===
[2026-05-07 00:44:04] === Monitor check ===
[2026-05-07 00:44:04] Job 'finetune_k562plus10_striped_maskonly_3' is running (ID=2707870, state=RUNNING).
[2026-05-07 00:44:04] WARNING lines in last 100: 0
[2026-05-07 00:44:04] === Monitor check complete ===
[2026-05-07 00:54:04] === Monitor check ===
[2026-05-07 00:54:04] Job 'finetune_k562plus10_striped_maskonly_3' is running (ID=2707870, state=RUNNING).
[2026-05-07 00:54:04] WARNING lines in last 100: 0
[2026-05-07 00:54:05] === Monitor check complete ===
[2026-05-07 01:04:05] === Monitor check ===
[2026-05-07 01:04:05] Job 'finetune_k562plus10_striped_maskonly_3' is running (ID=2707870, state=RUNNING).
[2026-05-07 01:04:05] WARNING lines in last 100: 0
[2026-05-07 01:04:05] === Monitor check complete ===
[2026-05-07 01:14:05] === Monitor check ===
[2026-05-07 01:14:05] Job 'finetune_k562plus10_striped_maskonly_3' is running (ID=2707870, state=RUNNING).
[2026-05-07 01:14:05] WARNING lines in last 100: 0
[2026-05-07 01:14:05] === Monitor check complete ===
[2026-05-07 01:24:05] === Monitor check ===
[2026-05-07 01:24:05] Job 'finetune_k562plus10_striped_maskonly_3' is running (ID=2707870, state=RUNNING).
[2026-05-07 01:24:05] WARNING lines in last 100: 0
[2026-05-07 01:24:05] === Monitor check complete ===
[2026-05-07 01:34:05] === Monitor check ===
[2026-05-07 01:34:05] Job 'finetune_k562plus10_striped_maskonly_3' is running (ID=2707870, state=RUNNING).
[2026-05-07 01:34:05] WARNING lines in last 100: 0
[2026-05-07 01:34:05] === Monitor check complete ===
[2026-05-07 01:44:05] === Monitor check ===
[2026-05-07 01:44:05] Job 'finetune_k562plus10_striped_maskonly_3' is running (ID=2707870, state=RUNNING).
[2026-05-07 01:44:05] WARNING lines in last 100: 0
[2026-05-07 01:44:05] === Monitor check complete ===
[2026-05-07 01:54:05] === Monitor check ===
[2026-05-07 01:54:05] Job 'finetune_k562plus10_striped_maskonly_3' is running (ID=2707870, state=RUNNING).
[2026-05-07 01:54:06] WARNING lines in last 100: 0
[2026-05-07 01:54:06] === Monitor check complete ===
[2026-05-07 02:04:06] === Monitor check ===
[2026-05-07 02:04:06] Job 'finetune_k562plus10_striped_maskonly_3' is running (ID=2707870, state=RUNNING).
[2026-05-07 02:04:06] WARNING lines in last 100: 0
[2026-05-07 02:04:06] === Monitor check complete ===
[2026-05-07 02:14:06] === Monitor check ===
[2026-05-07 02:14:06] Job 'finetune_k562plus10_striped_maskonly_3' is running (ID=2707870, state=RUNNING).
[2026-05-07 02:14:06] WARNING lines in last 100: 1
[2026-05-07 02:14:06] === Monitor check complete ===
[2026-05-07 02:24:06] === Monitor check ===
[2026-05-07 02:24:06] Job 'finetune_k562plus10_striped_maskonly_3' is running (ID=2707870, state=RUNNING).
[2026-05-07 02:24:06] WARNING lines in last 100: 1
[2026-05-07 02:24:06] === Monitor check complete ===
[2026-05-07 02:34:06] === Monitor check ===
[2026-05-07 02:34:06] Job 'finetune_k562plus10_striped_maskonly_3' is running (ID=2707870, state=RUNNING).
[2026-05-07 02:34:06] WARNING lines in last 100: 1
[2026-05-07 02:34:06] === Monitor check complete ===
[2026-05-07 02:44:06] === Monitor check ===
[2026-05-07 02:44:06] Job 'finetune_k562plus10_striped_maskonly_3' is not running.
[2026-05-07 02:44:06] Latest output file: /data1/lesliec/sarthak/caduceus/jobs/2707870-finetune_k562plus10_striped_maskonly_3.out
[2026-05-07 02:44:06] Using checkpoint: /data1/lesliec/sarthak/caduceus/outputs/2026-05-06/19-05-06-839560/checkpoints/01-step=14500.ckpt
[2026-05-07 02:44:06] Submitting: seed=2243  ckpt=/data1/lesliec/sarthak/caduceus/outputs/2026-05-06/19-05-06-839560/checkpoints/01-step=14500.ckpt
[2026-05-07 02:44:07] Submitted job 2922215. Incrementing seed to 2244.
[2026-05-07 02:44:07] === Monitor check complete ===
[2026-05-07 02:54:07] === Monitor check ===
[2026-05-07 02:54:07] Job 'finetune_k562plus10_striped_maskonly_3' is running (ID=2922215, state=RUNNING).
[2026-05-07 02:54:07] WARNING lines in last 100: 0
[2026-05-07 02:54:07] === Monitor check complete ===
[2026-05-07 03:04:07] === Monitor check ===
[2026-05-07 03:04:07] Job 'finetune_k562plus10_striped_maskonly_3' is running (ID=2922215, state=RUNNING).
[2026-05-07 03:04:07] WARNING lines in last 100: 0
[2026-05-07 03:04:07] === Monitor check complete ===
[2026-05-07 03:14:07] === Monitor check ===
[2026-05-07 03:14:07] Job 'finetune_k562plus10_striped_maskonly_3' is running (ID=2922215, state=RUNNING).
[2026-05-07 03:14:07] WARNING lines in last 100: 0
[2026-05-07 03:14:07] === Monitor check complete ===
[2026-05-07 03:24:07] === Monitor check ===
[2026-05-07 03:24:07] Job 'finetune_k562plus10_striped_maskonly_3' is running (ID=2922215, state=RUNNING).
[2026-05-07 03:24:07] WARNING lines in last 100: 0
[2026-05-07 03:24:07] === Monitor check complete ===
[2026-05-07 03:34:07] === Monitor check ===
[2026-05-07 03:34:07] Job 'finetune_k562plus10_striped_maskonly_3' is running (ID=2922215, state=RUNNING).
[2026-05-07 03:34:07] WARNING lines in last 100: 0
[2026-05-07 03:34:07] === Monitor check complete ===
[2026-05-07 03:44:07] === Monitor check ===
[2026-05-07 03:44:07] Job 'finetune_k562plus10_striped_maskonly_3' is running (ID=2922215, state=RUNNING).
[2026-05-07 03:44:07] WARNING lines in last 100: 0
[2026-05-07 03:44:07] === Monitor check complete ===
[2026-05-07 03:54:07] === Monitor check ===
[2026-05-07 03:54:07] Job 'finetune_k562plus10_striped_maskonly_3' is running (ID=2922215, state=RUNNING).
[2026-05-07 03:54:07] WARNING lines in last 100: 0
[2026-05-07 03:54:07] === Monitor check complete ===
[2026-05-07 04:04:07] === Monitor check ===
[2026-05-07 04:04:08] Job 'finetune_k562plus10_striped_maskonly_3' is running (ID=2922215, state=RUNNING).
[2026-05-07 04:04:08] WARNING lines in last 100: 0
[2026-05-07 04:04:08] === Monitor check complete ===
[2026-05-07 04:14:08] === Monitor check ===
[2026-05-07 04:14:08] Job 'finetune_k562plus10_striped_maskonly_3' is running (ID=2922215, state=RUNNING).
[2026-05-07 04:14:08] WARNING lines in last 100: 0
[2026-05-07 04:14:08] === Monitor check complete ===
[2026-05-07 04:24:08] === Monitor check ===
[2026-05-07 04:24:08] Job 'finetune_k562plus10_striped_maskonly_3' is running (ID=2922215, state=RUNNING).
[2026-05-07 04:24:08] WARNING lines in last 100: 0
[2026-05-07 04:24:08] === Monitor check complete ===
[2026-05-07 04:34:08] === Monitor check ===
[2026-05-07 04:34:08] Job 'finetune_k562plus10_striped_maskonly_3' is running (ID=2922215, state=RUNNING).
[2026-05-07 04:34:08] WARNING lines in last 100: 0
[2026-05-07 04:34:08] === Monitor check complete ===
[2026-05-07 04:44:08] === Monitor check ===
[2026-05-07 04:44:08] Job 'finetune_k562plus10_striped_maskonly_3' is running (ID=2922215, state=RUNNING).
[2026-05-07 04:44:08] WARNING lines in last 100: 0
[2026-05-07 04:44:08] === Monitor check complete ===
[2026-05-07 04:54:08] === Monitor check ===
[2026-05-07 04:54:08] Job 'finetune_k562plus10_striped_maskonly_3' is running (ID=2922215, state=RUNNING).
[2026-05-07 04:54:08] WARNING lines in last 100: 0
[2026-05-07 04:54:08] === Monitor check complete ===
[2026-05-07 05:04:08] === Monitor check ===
[2026-05-07 05:04:08] Job 'finetune_k562plus10_striped_maskonly_3' is running (ID=2922215, state=RUNNING).
[2026-05-07 05:04:08] WARNING lines in last 100: 0
[2026-05-07 05:04:08] === Monitor check complete ===
[2026-05-07 05:14:08] === Monitor check ===
[2026-05-07 05:14:08] Job 'finetune_k562plus10_striped_maskonly_3' is running (ID=2922215, state=RUNNING).
[2026-05-07 05:14:08] WARNING lines in last 100: 0
[2026-05-07 05:14:08] === Monitor check complete ===
[2026-05-07 05:24:08] === Monitor check ===
[2026-05-07 05:24:08] Job 'finetune_k562plus10_striped_maskonly_3' is running (ID=2922215, state=RUNNING).
[2026-05-07 05:24:08] WARNING lines in last 100: 0
[2026-05-07 05:24:08] === Monitor check complete ===
[2026-05-07 05:34:09] === Monitor check ===
[2026-05-07 05:34:09] Job 'finetune_k562plus10_striped_maskonly_3' is running (ID=2922215, state=RUNNING).
[2026-05-07 05:34:09] WARNING lines in last 100: 0
[2026-05-07 05:34:09] === Monitor check complete ===
[2026-05-07 05:44:09] === Monitor check ===
[2026-05-07 05:44:09] Job 'finetune_k562plus10_striped_maskonly_3' is running (ID=2922215, state=RUNNING).
[2026-05-07 05:44:09] WARNING lines in last 100: 0
[2026-05-07 05:44:09] === Monitor check complete ===
[2026-05-07 05:54:09] === Monitor check ===
[2026-05-07 05:54:09] Job 'finetune_k562plus10_striped_maskonly_3' is running (ID=2922215, state=RUNNING).
[2026-05-07 05:54:09] WARNING lines in last 100: 0
[2026-05-07 05:54:09] === Monitor check complete ===
[2026-05-07 06:04:09] === Monitor check ===
[2026-05-07 06:04:09] Job 'finetune_k562plus10_striped_maskonly_3' is running (ID=2922215, state=RUNNING).
[2026-05-07 06:04:09] WARNING lines in last 100: 0
[2026-05-07 06:04:09] === Monitor check complete ===
[2026-05-07 06:14:09] === Monitor check ===
[2026-05-07 06:14:09] Job 'finetune_k562plus10_striped_maskonly_3' is running (ID=2922215, state=RUNNING).
[2026-05-07 06:14:09] WARNING lines in last 100: 0
[2026-05-07 06:14:09] === Monitor check complete ===
[2026-05-07 06:24:09] === Monitor check ===
[2026-05-07 06:24:09] Job 'finetune_k562plus10_striped_maskonly_3' is running (ID=2922215, state=RUNNING).
[2026-05-07 06:24:09] WARNING lines in last 100: 0
[2026-05-07 06:24:09] === Monitor check complete ===
[2026-05-07 06:34:09] === Monitor check ===
[2026-05-07 06:34:09] Job 'finetune_k562plus10_striped_maskonly_3' is running (ID=2922215, state=RUNNING).
[2026-05-07 06:34:09] WARNING lines in last 100: 0
[2026-05-07 06:34:09] === Monitor check complete ===
[2026-05-07 06:44:09] === Monitor check ===
[2026-05-07 06:44:10] Job 'finetune_k562plus10_striped_maskonly_3' is running (ID=2922215, state=RUNNING).
[2026-05-07 06:44:10] WARNING lines in last 100: 0
[2026-05-07 06:44:10] === Monitor check complete ===
[2026-05-07 06:54:10] === Monitor check ===
[2026-05-07 06:54:10] Job 'finetune_k562plus10_striped_maskonly_3' is running (ID=2922215, state=RUNNING).
[2026-05-07 06:54:10] WARNING lines in last 100: 0
[2026-05-07 06:54:10] === Monitor check complete ===
[2026-05-07 07:04:10] === Monitor check ===
[2026-05-07 07:04:10] Job 'finetune_k562plus10_striped_maskonly_3' is running (ID=2922215, state=RUNNING).
[2026-05-07 07:04:10] WARNING lines in last 100: 0
[2026-05-07 07:04:10] === Monitor check complete ===
[2026-05-07 07:14:10] === Monitor check ===
[2026-05-07 07:14:10] Job 'finetune_k562plus10_striped_maskonly_3' is running (ID=2922215, state=RUNNING).
[2026-05-07 07:14:10] WARNING lines in last 100: 0
[2026-05-07 07:14:10] === Monitor check complete ===
[2026-05-07 07:24:10] === Monitor check ===
[2026-05-07 07:24:10] Job 'finetune_k562plus10_striped_maskonly_3' is running (ID=2922215, state=RUNNING).
[2026-05-07 07:24:10] WARNING lines in last 100: 0
[2026-05-07 07:24:10] === Monitor check complete ===
[2026-05-07 07:34:10] === Monitor check ===
[2026-05-07 07:34:10] Job 'finetune_k562plus10_striped_maskonly_3' is running (ID=2922215, state=RUNNING).
[2026-05-07 07:34:10] WARNING lines in last 100: 0
[2026-05-07 07:34:10] === Monitor check complete ===
[2026-05-07 07:44:10] === Monitor check ===
[2026-05-07 07:44:10] Job 'finetune_k562plus10_striped_maskonly_3' is running (ID=2922215, state=RUNNING).
[2026-05-07 07:44:11] WARNING lines in last 100: 0
[2026-05-07 07:44:11] === Monitor check complete ===
[2026-05-07 07:54:11] === Monitor check ===
[2026-05-07 07:54:11] Job 'finetune_k562plus10_striped_maskonly_3' is running (ID=2922215, state=RUNNING).
[2026-05-07 07:54:11] WARNING lines in last 100: 0
[2026-05-07 07:54:11] === Monitor check complete ===
[2026-05-07 08:04:11] === Monitor check ===
[2026-05-07 08:04:11] Job 'finetune_k562plus10_striped_maskonly_3' is running (ID=2922215, state=RUNNING).
[2026-05-07 08:04:11] WARNING lines in last 100: 0
[2026-05-07 08:04:11] === Monitor check complete ===
[2026-05-07 08:14:11] === Monitor check ===
[2026-05-07 08:14:11] Job 'finetune_k562plus10_striped_maskonly_3' is running (ID=2922215, state=RUNNING).
[2026-05-07 08:14:11] WARNING lines in last 100: 0
[2026-05-07 08:14:11] === Monitor check complete ===
[2026-05-07 08:24:11] === Monitor check ===
[2026-05-07 08:24:11] Job 'finetune_k562plus10_striped_maskonly_3' is running (ID=2922215, state=RUNNING).
[2026-05-07 08:24:11] WARNING lines in last 100: 0
[2026-05-07 08:24:11] === Monitor check complete ===
[2026-05-07 08:34:11] === Monitor check ===
[2026-05-07 08:34:11] Job 'finetune_k562plus10_striped_maskonly_3' is running (ID=2922215, state=RUNNING).
[2026-05-07 08:34:11] WARNING lines in last 100: 0
[2026-05-07 08:34:11] === Monitor check complete ===
[2026-05-07 08:44:11] === Monitor check ===
[2026-05-07 08:44:11] Job 'finetune_k562plus10_striped_maskonly_3' is running (ID=2922215, state=RUNNING).
[2026-05-07 08:44:11] WARNING lines in last 100: 0
[2026-05-07 08:44:11] === Monitor check complete ===
[2026-05-07 08:54:11] === Monitor check ===
[2026-05-07 08:54:12] Job 'finetune_k562plus10_striped_maskonly_3' is running (ID=2922215, state=RUNNING).
[2026-05-07 08:54:12] WARNING lines in last 100: 0
[2026-05-07 08:54:12] === Monitor check complete ===
[2026-05-07 09:04:12] === Monitor check ===
[2026-05-07 09:04:12] Job 'finetune_k562plus10_striped_maskonly_3' is running (ID=2922215, state=RUNNING).
[2026-05-07 09:04:12] WARNING lines in last 100: 0
[2026-05-07 09:04:12] === Monitor check complete ===
[2026-05-07 09:14:12] === Monitor check ===
[2026-05-07 09:14:12] Job 'finetune_k562plus10_striped_maskonly_3' is running (ID=2922215, state=RUNNING).
[2026-05-07 09:14:12] WARNING lines in last 100: 0
[2026-05-07 09:14:12] === Monitor check complete ===
[2026-05-07 09:24:12] === Monitor check ===
[2026-05-07 09:24:12] Job 'finetune_k562plus10_striped_maskonly_3' is running (ID=2922215, state=RUNNING).
[2026-05-07 09:24:12] WARNING lines in last 100: 0
[2026-05-07 09:24:12] === Monitor check complete ===
[2026-05-07 09:34:12] === Monitor check ===
[2026-05-07 09:34:12] Job 'finetune_k562plus10_striped_maskonly_3' is running (ID=2922215, state=RUNNING).
[2026-05-07 09:34:12] WARNING lines in last 100: 0
[2026-05-07 09:34:12] === Monitor check complete ===
[2026-05-07 09:44:12] === Monitor check ===
[2026-05-07 09:44:12] Job 'finetune_k562plus10_striped_maskonly_3' is running (ID=2922215, state=RUNNING).
[2026-05-07 09:44:13] WARNING lines in last 100: 0
[2026-05-07 09:44:13] === Monitor check complete ===
[2026-05-07 09:54:13] === Monitor check ===
[2026-05-07 09:54:13] Job 'finetune_k562plus10_striped_maskonly_3' is running (ID=2922215, state=RUNNING).
[2026-05-07 09:54:13] WARNING lines in last 100: 0
[2026-05-07 09:54:13] === Monitor check complete ===
[2026-05-07 10:04:13] === Monitor check ===
[2026-05-07 10:04:13] Job 'finetune_k562plus10_striped_maskonly_3' is running (ID=2922215, state=RUNNING).
[2026-05-07 10:04:13] WARNING lines in last 100: 0
[2026-05-07 10:04:13] === Monitor check complete ===
[2026-05-07 10:14:13] === Monitor check ===
[2026-05-07 10:14:13] Job 'finetune_k562plus10_striped_maskonly_3' is running (ID=2922215, state=RUNNING).
[2026-05-07 10:14:13] WARNING lines in last 100: 0
[2026-05-07 10:14:13] === Monitor check complete ===
[2026-05-07 10:24:13] === Monitor check ===
[2026-05-07 10:24:13] Job 'finetune_k562plus10_striped_maskonly_3' is running (ID=2922215, state=RUNNING).
[2026-05-07 10:24:13] WARNING lines in last 100: 0
[2026-05-07 10:24:13] === Monitor check complete ===
[2026-05-07 10:34:13] === Monitor check ===
[2026-05-07 10:34:13] Job 'finetune_k562plus10_striped_maskonly_3' is running (ID=2922215, state=RUNNING).
[2026-05-07 10:34:14] WARNING lines in last 100: 0
[2026-05-07 10:34:14] === Monitor check complete ===
[2026-05-07 10:44:14] === Monitor check ===
[2026-05-07 10:44:14] Job 'finetune_k562plus10_striped_maskonly_3' is running (ID=2922215, state=RUNNING).
[2026-05-07 10:44:14] WARNING lines in last 100: 0
[2026-05-07 10:44:14] === Monitor check complete ===
[2026-05-07 10:54:14] === Monitor check ===
[2026-05-07 10:54:14] Job 'finetune_k562plus10_striped_maskonly_3' is running (ID=2922215, state=RUNNING).
[2026-05-07 10:54:14] WARNING lines in last 100: 0
[2026-05-07 10:54:14] === Monitor check complete ===
[2026-05-07 11:04:14] === Monitor check ===
[2026-05-07 11:04:14] Job 'finetune_k562plus10_striped_maskonly_3' is running (ID=2922215, state=RUNNING).
[2026-05-07 11:04:14] WARNING lines in last 100: 0
[2026-05-07 11:04:14] === Monitor check complete ===
[2026-05-07 11:14:14] === Monitor check ===
[2026-05-07 11:14:14] Job 'finetune_k562plus10_striped_maskonly_3' is running (ID=2922215, state=RUNNING).
[2026-05-07 11:14:15] WARNING lines in last 100: 0
[2026-05-07 11:14:15] === Monitor check complete ===
[2026-05-07 11:24:15] === Monitor check ===
[2026-05-07 11:24:15] Job 'finetune_k562plus10_striped_maskonly_3' is running (ID=2922215, state=RUNNING).
[2026-05-07 11:24:15] WARNING lines in last 100: 0
[2026-05-07 11:24:15] === Monitor check complete ===
[2026-05-07 11:34:15] === Monitor check ===
[2026-05-07 11:34:15] Job 'finetune_k562plus10_striped_maskonly_3' is running (ID=2922215, state=RUNNING).
[2026-05-07 11:34:15] WARNING lines in last 100: 0
[2026-05-07 11:34:15] === Monitor check complete ===
[2026-05-07 11:44:15] === Monitor check ===
[2026-05-07 11:44:15] Job 'finetune_k562plus10_striped_maskonly_3' is running (ID=2922215, state=RUNNING).
[2026-05-07 11:44:15] WARNING lines in last 100: 0
[2026-05-07 11:44:15] === Monitor check complete ===
[2026-05-07 11:54:15] === Monitor check ===
[2026-05-07 11:54:15] Job 'finetune_k562plus10_striped_maskonly_3' is running (ID=2922215, state=RUNNING).
[2026-05-07 11:54:15] WARNING lines in last 100: 0
[2026-05-07 11:54:15] === Monitor check complete ===
[2026-05-07 12:04:15] === Monitor check ===
[2026-05-07 12:04:15] Job 'finetune_k562plus10_striped_maskonly_3' is running (ID=2922215, state=RUNNING).
[2026-05-07 12:04:16] WARNING lines in last 100: 0
[2026-05-07 12:04:16] === Monitor check complete ===
[2026-05-07 12:14:16] === Monitor check ===
[2026-05-07 12:14:16] Job 'finetune_k562plus10_striped_maskonly_3' is running (ID=2922215, state=RUNNING).
[2026-05-07 12:14:16] WARNING lines in last 100: 0
[2026-05-07 12:14:16] === Monitor check complete ===
[2026-05-07 12:24:16] === Monitor check ===
[2026-05-07 12:24:16] Job 'finetune_k562plus10_striped_maskonly_3' is running (ID=2922215, state=RUNNING).
[2026-05-07 12:24:16] WARNING lines in last 100: 0
[2026-05-07 12:24:16] === Monitor check complete ===
[2026-05-07 12:34:16] === Monitor check ===
[2026-05-07 12:34:16] Job 'finetune_k562plus10_striped_maskonly_3' is running (ID=2922215, state=RUNNING).
[2026-05-07 12:34:16] WARNING lines in last 100: 0
[2026-05-07 12:34:16] === Monitor check complete ===
[2026-05-07 12:44:16] === Monitor check ===
[2026-05-07 12:44:17] Job 'finetune_k562plus10_striped_maskonly_3' is running (ID=2922215, state=RUNNING).
[2026-05-07 12:44:17] WARNING lines in last 100: 0
[2026-05-07 12:44:17] === Monitor check complete ===
[2026-05-07 12:54:17] === Monitor check ===
[2026-05-07 12:54:18] Job 'finetune_k562plus10_striped_maskonly_3' is running (ID=2922215, state=RUNNING).
[2026-05-07 12:54:18] WARNING lines in last 100: 0
[2026-05-07 12:54:18] === Monitor check complete ===
[2026-05-07 13:04:18] === Monitor check ===
[2026-05-07 13:04:18] Job 'finetune_k562plus10_striped_maskonly_3' is running (ID=2922215, state=RUNNING).
[2026-05-07 13:04:19] WARNING lines in last 100: 0
[2026-05-07 13:04:19] === Monitor check complete ===
[2026-05-07 13:14:19] === Monitor check ===
[2026-05-07 13:14:19] Job 'finetune_k562plus10_striped_maskonly_3' is running (ID=2922215, state=RUNNING).
[2026-05-07 13:14:19] WARNING lines in last 100: 0
[2026-05-07 13:14:19] === Monitor check complete ===
[2026-05-07 13:24:19] === Monitor check ===
[2026-05-07 13:24:19] Job 'finetune_k562plus10_striped_maskonly_3' is running (ID=2922215, state=RUNNING).
[2026-05-07 13:24:19] WARNING lines in last 100: 0
[2026-05-07 13:24:19] === Monitor check complete ===
[2026-05-07 13:34:19] === Monitor check ===
[2026-05-07 13:34:19] Job 'finetune_k562plus10_striped_maskonly_3' is running (ID=2922215, state=RUNNING).
[2026-05-07 13:34:20] WARNING lines in last 100: 0
[2026-05-07 13:34:20] === Monitor check complete ===
[2026-05-07 13:44:20] === Monitor check ===
[2026-05-07 13:44:20] Job 'finetune_k562plus10_striped_maskonly_3' is running (ID=2922215, state=RUNNING).
[2026-05-07 13:44:20] WARNING lines in last 100: 0
[2026-05-07 13:44:20] === Monitor check complete ===
[2026-05-07 13:54:20] === Monitor check ===
[2026-05-07 13:54:20] Job 'finetune_k562plus10_striped_maskonly_3' is running (ID=2922215, state=RUNNING).
[2026-05-07 13:54:20] WARNING lines in last 100: 0
[2026-05-07 13:54:20] === Monitor check complete ===
[2026-05-07 14:04:20] === Monitor check ===
[2026-05-07 14:04:20] Job 'finetune_k562plus10_striped_maskonly_3' is running (ID=2922215, state=RUNNING).
[2026-05-07 14:04:20] WARNING lines in last 100: 0
[2026-05-07 14:04:20] === Monitor check complete ===
[2026-05-07 14:14:20] === Monitor check ===
[2026-05-07 14:14:20] Job 'finetune_k562plus10_striped_maskonly_3' is running (ID=2922215, state=RUNNING).
[2026-05-07 14:14:21] WARNING lines in last 100: 0
[2026-05-07 14:14:21] === Monitor check complete ===
[2026-05-07 14:24:21] === Monitor check ===
[2026-05-07 14:24:21] Job 'finetune_k562plus10_striped_maskonly_3' is running (ID=2922215, state=RUNNING).
[2026-05-07 14:24:21] WARNING lines in last 100: 0
[2026-05-07 14:24:21] === Monitor check complete ===
[2026-05-07 14:34:21] === Monitor check ===
[2026-05-07 14:34:21] Job 'finetune_k562plus10_striped_maskonly_3' is running (ID=2922215, state=RUNNING).
[2026-05-07 14:34:21] WARNING lines in last 100: 0
[2026-05-07 14:34:21] === Monitor check complete ===
[2026-05-07 14:44:21] === Monitor check ===
[2026-05-07 14:44:21] Job 'finetune_k562plus10_striped_maskonly_3' is running (ID=2922215, state=RUNNING).
[2026-05-07 14:44:21] WARNING lines in last 100: 0
[2026-05-07 14:44:21] === Monitor check complete ===
[2026-05-07 14:54:21] === Monitor check ===
[2026-05-07 14:54:21] Job 'finetune_k562plus10_striped_maskonly_3' is running (ID=2922215, state=RUNNING).
[2026-05-07 14:54:22] WARNING lines in last 100: 0
[2026-05-07 14:54:22] === Monitor check complete ===
[2026-05-07 15:04:22] === Monitor check ===
[2026-05-07 15:04:22] Job 'finetune_k562plus10_striped_maskonly_3' is running (ID=2922215, state=RUNNING).
[2026-05-07 15:04:22] WARNING lines in last 100: 0
[2026-05-07 15:04:22] === Monitor check complete ===
[2026-05-07 15:14:22] === Monitor check ===
[2026-05-07 15:14:22] Job 'finetune_k562plus10_striped_maskonly_3' is running (ID=2922215, state=RUNNING).
[2026-05-07 15:14:22] WARNING lines in last 100: 0
[2026-05-07 15:14:22] === Monitor check complete ===
[2026-05-07 15:24:22] === Monitor check ===
[2026-05-07 15:24:22] Job 'finetune_k562plus10_striped_maskonly_3' is running (ID=2922215, state=RUNNING).
[2026-05-07 15:24:22] WARNING lines in last 100: 1
[2026-05-07 15:24:22] === Monitor check complete ===
[2026-05-07 15:34:22] === Monitor check ===
[2026-05-07 15:34:22] Job 'finetune_k562plus10_striped_maskonly_3' is running (ID=2922215, state=RUNNING).
[2026-05-07 15:34:22] WARNING lines in last 100: 1
[2026-05-07 15:34:22] === Monitor check complete ===
[2026-05-07 15:44:22] === Monitor check ===
[2026-05-07 15:44:23] Job 'finetune_k562plus10_striped_maskonly_3' is running (ID=2922215, state=RUNNING).
[2026-05-07 15:44:23] WARNING lines in last 100: 1
[2026-05-07 15:44:23] === Monitor check complete ===
[2026-05-07 15:54:23] === Monitor check ===
[2026-05-07 15:54:23] Job 'finetune_k562plus10_striped_maskonly_3' is not running.
[2026-05-07 15:54:23] Latest output file: /data1/lesliec/sarthak/caduceus/jobs/2922215-finetune_k562plus10_striped_maskonly_3.out
[2026-05-07 15:54:23] Using checkpoint: /data1/lesliec/sarthak/caduceus/outputs/2026-05-07/02-45-22-323061/checkpoints/01-step=15000.ckpt
[2026-05-07 15:54:23] Submitting: seed=2244  ckpt=/data1/lesliec/sarthak/caduceus/outputs/2026-05-07/02-45-22-323061/checkpoints/01-step=15000.ckpt
[2026-05-07 15:54:23] Submitted job 3113907. Incrementing seed to 2245.
[2026-05-07 15:54:23] === Monitor check complete ===
[2026-05-07 16:04:23] === Monitor check ===
[2026-05-07 16:04:23] Job 'finetune_k562plus10_striped_maskonly_3' is running (ID=3113907, state=RUNNING).
[2026-05-07 16:04:23] WARNING lines in last 100: 0
[2026-05-07 16:04:23] === Monitor check complete ===
[2026-05-07 16:14:23] === Monitor check ===
[2026-05-07 16:14:23] Job 'finetune_k562plus10_striped_maskonly_3' is running (ID=3113907, state=RUNNING).
[2026-05-07 16:14:23] WARNING lines in last 100: 0
[2026-05-07 16:14:23] === Monitor check complete ===
[2026-05-07 16:24:23] === Monitor check ===
[2026-05-07 16:24:23] Job 'finetune_k562plus10_striped_maskonly_3' is running (ID=3113907, state=RUNNING).
[2026-05-07 16:24:23] WARNING lines in last 100: 0
[2026-05-07 16:24:23] === Monitor check complete ===
[2026-05-07 16:34:23] === Monitor check ===
[2026-05-07 16:34:23] Job 'finetune_k562plus10_striped_maskonly_3' is running (ID=3113907, state=RUNNING).
[2026-05-07 16:34:23] WARNING lines in last 100: 0
[2026-05-07 16:34:23] === Monitor check complete ===
[2026-05-07 16:44:23] === Monitor check ===
[2026-05-07 16:44:23] Job 'finetune_k562plus10_striped_maskonly_3' is running (ID=3113907, state=RUNNING).
[2026-05-07 16:44:23] WARNING lines in last 100: 0
[2026-05-07 16:44:23] === Monitor check complete ===
[2026-05-07 16:54:23] === Monitor check ===
[2026-05-07 16:54:23] Job 'finetune_k562plus10_striped_maskonly_3' is running (ID=3113907, state=RUNNING).
[2026-05-07 16:54:23] WARNING lines in last 100: 0
[2026-05-07 16:54:23] === Monitor check complete ===
[2026-05-07 17:04:23] === Monitor check ===
[2026-05-07 17:04:24] Job 'finetune_k562plus10_striped_maskonly_3' is running (ID=3113907, state=RUNNING).
[2026-05-07 17:04:24] WARNING lines in last 100: 0
[2026-05-07 17:04:24] === Monitor check complete ===
[2026-05-07 17:14:24] === Monitor check ===
[2026-05-07 17:14:24] Job 'finetune_k562plus10_striped_maskonly_3' is running (ID=3113907, state=RUNNING).
[2026-05-07 17:14:24] WARNING lines in last 100: 0
[2026-05-07 17:14:24] === Monitor check complete ===
[2026-05-07 17:24:24] === Monitor check ===
[2026-05-07 17:24:24] Job 'finetune_k562plus10_striped_maskonly_3' is running (ID=3113907, state=RUNNING).
[2026-05-07 17:24:24] WARNING lines in last 100: 0
[2026-05-07 17:24:24] === Monitor check complete ===
[2026-05-07 17:34:24] === Monitor check ===
[2026-05-07 17:34:24] Job 'finetune_k562plus10_striped_maskonly_3' is running (ID=3113907, state=RUNNING).
[2026-05-07 17:34:24] WARNING lines in last 100: 0
[2026-05-07 17:34:24] === Monitor check complete ===
[2026-05-07 17:44:24] === Monitor check ===
[2026-05-07 17:44:25] Job 'finetune_k562plus10_striped_maskonly_3' is running (ID=3113907, state=RUNNING).
[2026-05-07 17:44:25] WARNING lines in last 100: 0
[2026-05-07 17:44:25] === Monitor check complete ===
[2026-05-07 17:54:25] === Monitor check ===
[2026-05-07 17:54:25] Job 'finetune_k562plus10_striped_maskonly_3' is running (ID=3113907, state=RUNNING).
[2026-05-07 17:54:25] WARNING lines in last 100: 0
[2026-05-07 17:54:25] === Monitor check complete ===
[2026-05-07 18:04:25] === Monitor check ===
[2026-05-07 18:04:25] Job 'finetune_k562plus10_striped_maskonly_3' is running (ID=3113907, state=RUNNING).
[2026-05-07 18:04:25] WARNING lines in last 100: 0
[2026-05-07 18:04:25] === Monitor check complete ===
[2026-05-07 18:14:25] === Monitor check ===
[2026-05-07 18:14:25] Job 'finetune_k562plus10_striped_maskonly_3' is running (ID=3113907, state=RUNNING).
[2026-05-07 18:14:26] WARNING lines in last 100: 0
[2026-05-07 18:14:26] === Monitor check complete ===
[2026-05-07 18:24:26] === Monitor check ===
[2026-05-07 18:24:26] Job 'finetune_k562plus10_striped_maskonly_3' is running (ID=3113907, state=RUNNING).
[2026-05-07 18:24:26] WARNING lines in last 100: 0
[2026-05-07 18:24:26] === Monitor check complete ===
[2026-05-07 18:34:26] === Monitor check ===
[2026-05-07 18:34:26] Job 'finetune_k562plus10_striped_maskonly_3' is running (ID=3113907, state=RUNNING).
[2026-05-07 18:34:26] WARNING lines in last 100: 0
[2026-05-07 18:34:26] === Monitor check complete ===
[2026-05-07 18:44:26] === Monitor check ===
[2026-05-07 18:44:26] Job 'finetune_k562plus10_striped_maskonly_3' is running (ID=3113907, state=RUNNING).
[2026-05-07 18:44:26] WARNING lines in last 100: 0
[2026-05-07 18:44:26] === Monitor check complete ===
[2026-05-07 18:54:26] === Monitor check ===
[2026-05-07 18:54:26] Job 'finetune_k562plus10_striped_maskonly_3' is running (ID=3113907, state=RUNNING).
[2026-05-07 18:54:26] WARNING lines in last 100: 0
[2026-05-07 18:54:26] === Monitor check complete ===
[2026-05-07 19:04:26] === Monitor check ===
[2026-05-07 19:04:26] Job 'finetune_k562plus10_striped_maskonly_3' is running (ID=3113907, state=RUNNING).
[2026-05-07 19:04:26] WARNING lines in last 100: 0
[2026-05-07 19:04:26] === Monitor check complete ===
[2026-05-07 19:14:26] === Monitor check ===
[2026-05-07 19:14:26] Job 'finetune_k562plus10_striped_maskonly_3' is running (ID=3113907, state=RUNNING).
[2026-05-07 19:14:26] WARNING lines in last 100: 0
[2026-05-07 19:14:26] === Monitor check complete ===
[2026-05-07 19:24:26] === Monitor check ===
[2026-05-07 19:24:26] Job 'finetune_k562plus10_striped_maskonly_3' is running (ID=3113907, state=RUNNING).
[2026-05-07 19:24:26] WARNING lines in last 100: 0
[2026-05-07 19:24:26] === Monitor check complete ===
[2026-05-07 19:34:26] === Monitor check ===
[2026-05-07 19:34:26] Job 'finetune_k562plus10_striped_maskonly_3' is running (ID=3113907, state=RUNNING).
[2026-05-07 19:34:26] WARNING lines in last 100: 0
[2026-05-07 19:34:26] === Monitor check complete ===
[2026-05-07 19:44:26] === Monitor check ===
[2026-05-07 19:44:26] Job 'finetune_k562plus10_striped_maskonly_3' is running (ID=3113907, state=RUNNING).
[2026-05-07 19:44:26] WARNING lines in last 100: 0
[2026-05-07 19:44:26] === Monitor check complete ===
[2026-05-07 19:54:26] === Monitor check ===
[2026-05-07 19:54:26] Job 'finetune_k562plus10_striped_maskonly_3' is running (ID=3113907, state=RUNNING).
[2026-05-07 19:54:26] WARNING lines in last 100: 0
[2026-05-07 19:54:26] === Monitor check complete ===
[2026-05-07 20:04:26] === Monitor check ===
[2026-05-07 20:04:27] Job 'finetune_k562plus10_striped_maskonly_3' is running (ID=3113907, state=RUNNING).
[2026-05-07 20:04:27] WARNING lines in last 100: 0
[2026-05-07 20:04:27] === Monitor check complete ===
[2026-05-07 20:14:27] === Monitor check ===
[2026-05-07 20:14:27] Job 'finetune_k562plus10_striped_maskonly_3' is running (ID=3113907, state=RUNNING).
[2026-05-07 20:14:27] WARNING lines in last 100: 0
[2026-05-07 20:14:27] === Monitor check complete ===
[2026-05-07 20:24:27] === Monitor check ===
[2026-05-07 20:24:27] Job 'finetune_k562plus10_striped_maskonly_3' is running (ID=3113907, state=RUNNING).
[2026-05-07 20:24:27] WARNING lines in last 100: 0
[2026-05-07 20:24:27] === Monitor check complete ===
[2026-05-07 20:34:27] === Monitor check ===
[2026-05-07 20:34:27] Job 'finetune_k562plus10_striped_maskonly_3' is running (ID=3113907, state=RUNNING).
[2026-05-07 20:34:27] WARNING lines in last 100: 0
[2026-05-07 20:34:27] === Monitor check complete ===
[2026-05-07 20:44:27] === Monitor check ===
[2026-05-07 20:44:27] Job 'finetune_k562plus10_striped_maskonly_3' is running (ID=3113907, state=RUNNING).
[2026-05-07 20:44:27] WARNING lines in last 100: 0
[2026-05-07 20:44:27] === Monitor check complete ===
[2026-05-07 20:54:27] === Monitor check ===
[2026-05-07 20:54:27] Job 'finetune_k562plus10_striped_maskonly_3' is running (ID=3113907, state=RUNNING).
[2026-05-07 20:54:27] WARNING lines in last 100: 0
[2026-05-07 20:54:27] === Monitor check complete ===
[2026-05-07 21:04:27] === Monitor check ===
[2026-05-07 21:04:27] Job 'finetune_k562plus10_striped_maskonly_3' is running (ID=3113907, state=RUNNING).
[2026-05-07 21:04:27] WARNING lines in last 100: 0
[2026-05-07 21:04:27] === Monitor check complete ===
[2026-05-07 21:14:27] === Monitor check ===
[2026-05-07 21:14:27] Job 'finetune_k562plus10_striped_maskonly_3' is running (ID=3113907, state=RUNNING).
[2026-05-07 21:14:27] WARNING lines in last 100: 0
[2026-05-07 21:14:27] === Monitor check complete ===
[2026-05-07 21:24:27] === Monitor check ===
[2026-05-07 21:24:27] Job 'finetune_k562plus10_striped_maskonly_3' is running (ID=3113907, state=RUNNING).
[2026-05-07 21:24:27] WARNING lines in last 100: 0
[2026-05-07 21:24:27] === Monitor check complete ===
[2026-05-07 21:34:27] === Monitor check ===
[2026-05-07 21:34:27] Job 'finetune_k562plus10_striped_maskonly_3' is running (ID=3113907, state=RUNNING).
[2026-05-07 21:34:27] WARNING lines in last 100: 0
[2026-05-07 21:34:27] === Monitor check complete ===
[2026-05-07 21:44:28] === Monitor check ===
[2026-05-07 21:44:28] Job 'finetune_k562plus10_striped_maskonly_3' is running (ID=3113907, state=RUNNING).
[2026-05-07 21:44:28] WARNING lines in last 100: 0
[2026-05-07 21:44:28] === Monitor check complete ===
[2026-05-07 21:54:28] === Monitor check ===
[2026-05-07 21:54:28] Job 'finetune_k562plus10_striped_maskonly_3' is running (ID=3113907, state=RUNNING).
[2026-05-07 21:54:28] WARNING lines in last 100: 0
[2026-05-07 21:54:28] === Monitor check complete ===
[2026-05-07 22:04:28] === Monitor check ===
[2026-05-07 22:04:28] Job 'finetune_k562plus10_striped_maskonly_3' is running (ID=3113907, state=RUNNING).
[2026-05-07 22:04:28] WARNING lines in last 100: 0
[2026-05-07 22:04:28] === Monitor check complete ===
[2026-05-07 22:14:28] === Monitor check ===
[2026-05-07 22:14:28] Job 'finetune_k562plus10_striped_maskonly_3' is running (ID=3113907, state=RUNNING).
[2026-05-07 22:14:28] WARNING lines in last 100: 0
[2026-05-07 22:14:28] === Monitor check complete ===
[2026-05-07 22:24:28] === Monitor check ===
[2026-05-07 22:24:28] Job 'finetune_k562plus10_striped_maskonly_3' is running (ID=3113907, state=RUNNING).
[2026-05-07 22:24:28] WARNING lines in last 100: 0
[2026-05-07 22:24:28] === Monitor check complete ===
[2026-05-07 22:34:28] === Monitor check ===
[2026-05-07 22:34:28] Job 'finetune_k562plus10_striped_maskonly_3' is running (ID=3113907, state=RUNNING).
[2026-05-07 22:34:28] WARNING lines in last 100: 0
[2026-05-07 22:34:28] === Monitor check complete ===
[2026-05-07 22:44:28] === Monitor check ===
[2026-05-07 22:44:28] Job 'finetune_k562plus10_striped_maskonly_3' is running (ID=3113907, state=RUNNING).
[2026-05-07 22:44:28] WARNING lines in last 100: 0
[2026-05-07 22:44:28] === Monitor check complete ===
[2026-05-07 22:54:28] === Monitor check ===
[2026-05-07 22:54:28] Job 'finetune_k562plus10_striped_maskonly_3' is running (ID=3113907, state=RUNNING).
[2026-05-07 22:54:28] WARNING lines in last 100: 0
[2026-05-07 22:54:28] === Monitor check complete ===
[2026-05-07 23:04:28] === Monitor check ===
[2026-05-07 23:04:28] Job 'finetune_k562plus10_striped_maskonly_3' is running (ID=3113907, state=RUNNING).
[2026-05-07 23:04:28] WARNING lines in last 100: 0
[2026-05-07 23:04:28] === Monitor check complete ===
[2026-05-07 23:14:28] === Monitor check ===
[2026-05-07 23:14:28] Job 'finetune_k562plus10_striped_maskonly_3' is running (ID=3113907, state=RUNNING).
[2026-05-07 23:14:29] WARNING lines in last 100: 0
[2026-05-07 23:14:29] === Monitor check complete ===
[2026-05-07 23:24:29] === Monitor check ===
[2026-05-07 23:24:29] Job 'finetune_k562plus10_striped_maskonly_3' is running (ID=3113907, state=RUNNING).
[2026-05-07 23:24:29] WARNING lines in last 100: 0
[2026-05-07 23:24:29] === Monitor check complete ===
[2026-05-07 23:34:29] === Monitor check ===
[2026-05-07 23:34:29] Job 'finetune_k562plus10_striped_maskonly_3' is running (ID=3113907, state=RUNNING).
[2026-05-07 23:34:29] WARNING lines in last 100: 0
[2026-05-07 23:34:29] === Monitor check complete ===
[2026-05-07 23:44:29] === Monitor check ===
[2026-05-07 23:44:29] Job 'finetune_k562plus10_striped_maskonly_3' is running (ID=3113907, state=RUNNING).
[2026-05-07 23:44:29] WARNING lines in last 100: 0
[2026-05-07 23:44:29] === Monitor check complete ===
[2026-05-07 23:54:29] === Monitor check ===
[2026-05-07 23:54:29] Job 'finetune_k562plus10_striped_maskonly_3' is running (ID=3113907, state=RUNNING).
[2026-05-07 23:54:29] WARNING lines in last 100: 0
[2026-05-07 23:54:29] === Monitor check complete ===
[2026-05-08 00:04:29] === Monitor check ===
[2026-05-08 00:04:29] Job 'finetune_k562plus10_striped_maskonly_3' is running (ID=3113907, state=RUNNING).
[2026-05-08 00:04:29] WARNING lines in last 100: 0
[2026-05-08 00:04:29] === Monitor check complete ===
[2026-05-08 00:14:29] === Monitor check ===
[2026-05-08 00:14:29] Job 'finetune_k562plus10_striped_maskonly_3' is running (ID=3113907, state=RUNNING).
[2026-05-08 00:14:30] WARNING lines in last 100: 0
[2026-05-08 00:14:30] === Monitor check complete ===
[2026-05-08 00:24:30] === Monitor check ===
[2026-05-08 00:24:30] Job 'finetune_k562plus10_striped_maskonly_3' is running (ID=3113907, state=RUNNING).
[2026-05-08 00:24:30] WARNING lines in last 100: 0
[2026-05-08 00:24:30] === Monitor check complete ===
[2026-05-08 00:34:30] === Monitor check ===
[2026-05-08 00:34:30] Job 'finetune_k562plus10_striped_maskonly_3' is running (ID=3113907, state=RUNNING).
[2026-05-08 00:34:30] WARNING lines in last 100: 0
[2026-05-08 00:34:30] === Monitor check complete ===
[2026-05-08 00:44:30] === Monitor check ===
[2026-05-08 00:44:30] Job 'finetune_k562plus10_striped_maskonly_3' is running (ID=3113907, state=RUNNING).
[2026-05-08 00:44:30] WARNING lines in last 100: 0
[2026-05-08 00:44:30] === Monitor check complete ===
[2026-05-08 00:54:30] === Monitor check ===
[2026-05-08 00:54:30] Job 'finetune_k562plus10_striped_maskonly_3' is running (ID=3113907, state=RUNNING).
[2026-05-08 00:54:30] WARNING lines in last 100: 0
[2026-05-08 00:54:30] === Monitor check complete ===
[2026-05-08 01:04:30] === Monitor check ===
[2026-05-08 01:04:30] Job 'finetune_k562plus10_striped_maskonly_3' is running (ID=3113907, state=RUNNING).
[2026-05-08 01:04:31] WARNING lines in last 100: 0
[2026-05-08 01:04:31] === Monitor check complete ===
[2026-05-08 01:14:31] === Monitor check ===
[2026-05-08 01:14:31] Job 'finetune_k562plus10_striped_maskonly_3' is running (ID=3113907, state=RUNNING).
[2026-05-08 01:14:31] WARNING lines in last 100: 0
[2026-05-08 01:14:31] === Monitor check complete ===
[2026-05-08 01:24:31] === Monitor check ===
[2026-05-08 01:24:31] Job 'finetune_k562plus10_striped_maskonly_3' is running (ID=3113907, state=RUNNING).
[2026-05-08 01:24:31] WARNING lines in last 100: 0
[2026-05-08 01:24:31] === Monitor check complete ===
[2026-05-08 01:34:31] === Monitor check ===
[2026-05-08 01:34:31] Job 'finetune_k562plus10_striped_maskonly_3' is running (ID=3113907, state=RUNNING).
[2026-05-08 01:34:31] WARNING lines in last 100: 0
[2026-05-08 01:34:31] === Monitor check complete ===
[2026-05-08 01:44:31] === Monitor check ===
[2026-05-08 01:44:31] Job 'finetune_k562plus10_striped_maskonly_3' is running (ID=3113907, state=RUNNING).
[2026-05-08 01:44:31] WARNING lines in last 100: 0
[2026-05-08 01:44:31] === Monitor check complete ===
[2026-05-08 01:54:31] === Monitor check ===
[2026-05-08 01:54:31] Job 'finetune_k562plus10_striped_maskonly_3' is running (ID=3113907, state=RUNNING).
[2026-05-08 01:54:32] WARNING lines in last 100: 0
[2026-05-08 01:54:32] === Monitor check complete ===
[2026-05-08 02:04:32] === Monitor check ===
[2026-05-08 02:04:32] Job 'finetune_k562plus10_striped_maskonly_3' is running (ID=3113907, state=RUNNING).
[2026-05-08 02:04:32] WARNING lines in last 100: 0
[2026-05-08 02:04:32] === Monitor check complete ===
[2026-05-08 02:14:32] === Monitor check ===
[2026-05-08 02:14:32] Job 'finetune_k562plus10_striped_maskonly_3' is running (ID=3113907, state=RUNNING).
[2026-05-08 02:14:32] WARNING lines in last 100: 0
[2026-05-08 02:14:32] === Monitor check complete ===
[2026-05-08 02:24:32] === Monitor check ===
[2026-05-08 02:24:32] Job 'finetune_k562plus10_striped_maskonly_3' is running (ID=3113907, state=RUNNING).
[2026-05-08 02:24:32] WARNING lines in last 100: 0
[2026-05-08 02:24:32] === Monitor check complete ===
[2026-05-08 02:34:32] === Monitor check ===
[2026-05-08 02:34:32] Job 'finetune_k562plus10_striped_maskonly_3' is running (ID=3113907, state=RUNNING).
[2026-05-08 02:34:32] WARNING lines in last 100: 0
[2026-05-08 02:34:32] === Monitor check complete ===
[2026-05-08 02:44:32] === Monitor check ===
[2026-05-08 02:44:32] Job 'finetune_k562plus10_striped_maskonly_3' is running (ID=3113907, state=RUNNING).
[2026-05-08 02:44:33] WARNING lines in last 100: 0
[2026-05-08 02:44:33] === Monitor check complete ===
[2026-05-08 02:54:33] === Monitor check ===
[2026-05-08 02:54:33] Job 'finetune_k562plus10_striped_maskonly_3' is running (ID=3113907, state=RUNNING).
[2026-05-08 02:54:33] WARNING lines in last 100: 0
[2026-05-08 02:54:33] === Monitor check complete ===
[2026-05-08 03:04:33] === Monitor check ===
[2026-05-08 03:04:33] Job 'finetune_k562plus10_striped_maskonly_3' is running (ID=3113907, state=RUNNING).
[2026-05-08 03:04:33] WARNING lines in last 100: 0
[2026-05-08 03:04:33] === Monitor check complete ===
[2026-05-08 03:14:33] === Monitor check ===
[2026-05-08 03:14:33] Job 'finetune_k562plus10_striped_maskonly_3' is running (ID=3113907, state=RUNNING).
[2026-05-08 03:14:33] WARNING lines in last 100: 0
[2026-05-08 03:14:33] === Monitor check complete ===
[2026-05-08 03:24:33] === Monitor check ===
[2026-05-08 03:24:33] Job 'finetune_k562plus10_striped_maskonly_3' is running (ID=3113907, state=RUNNING).
[2026-05-08 03:24:34] WARNING lines in last 100: 0
[2026-05-08 03:24:34] === Monitor check complete ===
[2026-05-08 03:34:34] === Monitor check ===
[2026-05-08 03:34:34] Job 'finetune_k562plus10_striped_maskonly_3' is running (ID=3113907, state=RUNNING).
[2026-05-08 03:34:34] WARNING lines in last 100: 0
[2026-05-08 03:34:34] === Monitor check complete ===
[2026-05-08 03:44:34] === Monitor check ===
[2026-05-08 03:44:34] Job 'finetune_k562plus10_striped_maskonly_3' is running (ID=3113907, state=RUNNING).
[2026-05-08 03:44:34] WARNING lines in last 100: 0
[2026-05-08 03:44:34] === Monitor check complete ===
[2026-05-08 03:54:34] === Monitor check ===
[2026-05-08 03:54:34] Job 'finetune_k562plus10_striped_maskonly_3' is running (ID=3113907, state=RUNNING).
[2026-05-08 03:54:34] WARNING lines in last 100: 0
[2026-05-08 03:54:34] === Monitor check complete ===
[2026-05-08 04:04:34] === Monitor check ===
[2026-05-08 04:04:34] Job 'finetune_k562plus10_striped_maskonly_3' is running (ID=3113907, state=RUNNING).
[2026-05-08 04:04:35] WARNING lines in last 100: 0
[2026-05-08 04:04:35] === Monitor check complete ===
[2026-05-08 04:14:35] === Monitor check ===
[2026-05-08 04:14:35] Job 'finetune_k562plus10_striped_maskonly_3' is running (ID=3113907, state=RUNNING).
[2026-05-08 04:14:35] WARNING lines in last 100: 0
[2026-05-08 04:14:35] === Monitor check complete ===
[2026-05-08 04:24:35] === Monitor check ===
[2026-05-08 04:24:35] Job 'finetune_k562plus10_striped_maskonly_3' is running (ID=3113907, state=RUNNING).
[2026-05-08 04:24:35] WARNING lines in last 100: 0
[2026-05-08 04:24:35] === Monitor check complete ===
[2026-05-08 04:34:35] === Monitor check ===
[2026-05-08 04:34:35] Job 'finetune_k562plus10_striped_maskonly_3' is running (ID=3113907, state=RUNNING).
[2026-05-08 04:34:35] WARNING lines in last 100: 0
[2026-05-08 04:34:35] === Monitor check complete ===
[2026-05-08 04:44:35] === Monitor check ===
[2026-05-08 04:44:35] Job 'finetune_k562plus10_striped_maskonly_3' is running (ID=3113907, state=RUNNING).
[2026-05-08 04:44:36] WARNING lines in last 100: 0
[2026-05-08 04:44:36] === Monitor check complete ===
[2026-05-08 04:54:36] === Monitor check ===
[2026-05-08 04:54:36] Job 'finetune_k562plus10_striped_maskonly_3' is running (ID=3113907, state=RUNNING).
[2026-05-08 04:54:36] WARNING lines in last 100: 0
[2026-05-08 04:54:36] === Monitor check complete ===
[2026-05-08 05:04:36] === Monitor check ===
[2026-05-08 05:04:36] Job 'finetune_k562plus10_striped_maskonly_3' is running (ID=3113907, state=RUNNING).
[2026-05-08 05:04:36] WARNING lines in last 100: 0
[2026-05-08 05:04:36] === Monitor check complete ===
[2026-05-08 05:14:36] === Monitor check ===
[2026-05-08 05:14:36] Job 'finetune_k562plus10_striped_maskonly_3' is running (ID=3113907, state=RUNNING).
[2026-05-08 05:14:36] WARNING lines in last 100: 0
[2026-05-08 05:14:36] === Monitor check complete ===
[2026-05-08 05:24:36] === Monitor check ===
[2026-05-08 05:24:36] Job 'finetune_k562plus10_striped_maskonly_3' is running (ID=3113907, state=RUNNING).
[2026-05-08 05:24:37] WARNING lines in last 100: 0
[2026-05-08 05:24:37] === Monitor check complete ===
[2026-05-08 05:34:37] === Monitor check ===
[2026-05-08 05:34:37] Job 'finetune_k562plus10_striped_maskonly_3' is running (ID=3113907, state=RUNNING).
[2026-05-08 05:34:37] WARNING lines in last 100: 0
[2026-05-08 05:34:37] === Monitor check complete ===
[2026-05-08 05:44:37] === Monitor check ===
[2026-05-08 05:44:37] Job 'finetune_k562plus10_striped_maskonly_3' is running (ID=3113907, state=RUNNING).
[2026-05-08 05:44:37] WARNING lines in last 100: 0
[2026-05-08 05:44:37] === Monitor check complete ===
[2026-05-08 05:54:37] === Monitor check ===
[2026-05-08 05:54:37] Job 'finetune_k562plus10_striped_maskonly_3' is running (ID=3113907, state=RUNNING).
[2026-05-08 05:54:38] WARNING lines in last 100: 0
[2026-05-08 05:54:38] === Monitor check complete ===
[2026-05-08 06:04:38] === Monitor check ===
[2026-05-08 06:04:38] Job 'finetune_k562plus10_striped_maskonly_3' is running (ID=3113907, state=RUNNING).
[2026-05-08 06:04:38] WARNING lines in last 100: 0
[2026-05-08 06:04:38] === Monitor check complete ===
[2026-05-08 06:14:38] === Monitor check ===
[2026-05-08 06:14:38] Job 'finetune_k562plus10_striped_maskonly_3' is running (ID=3113907, state=RUNNING).
[2026-05-08 06:14:38] WARNING lines in last 100: 0
[2026-05-08 06:14:38] === Monitor check complete ===
[2026-05-08 06:24:38] === Monitor check ===
[2026-05-08 06:24:38] Job 'finetune_k562plus10_striped_maskonly_3' is running (ID=3113907, state=RUNNING).
[2026-05-08 06:24:38] WARNING lines in last 100: 0
[2026-05-08 06:24:38] === Monitor check complete ===
[2026-05-08 06:34:38] === Monitor check ===
[2026-05-08 06:34:39] Job 'finetune_k562plus10_striped_maskonly_3' is running (ID=3113907, state=RUNNING).
[2026-05-08 06:34:39] WARNING lines in last 100: 0
[2026-05-08 06:34:39] === Monitor check complete ===
[2026-05-08 06:44:39] === Monitor check ===
[2026-05-08 06:44:39] Job 'finetune_k562plus10_striped_maskonly_3' is running (ID=3113907, state=RUNNING).
[2026-05-08 06:44:39] WARNING lines in last 100: 0
[2026-05-08 06:44:39] === Monitor check complete ===
[2026-05-08 06:54:39] === Monitor check ===
[2026-05-08 06:54:39] Job 'finetune_k562plus10_striped_maskonly_3' is running (ID=3113907, state=RUNNING).
[2026-05-08 06:54:39] WARNING lines in last 100: 0
[2026-05-08 06:54:39] === Monitor check complete ===
[2026-05-08 07:04:39] === Monitor check ===
[2026-05-08 07:04:39] Job 'finetune_k562plus10_striped_maskonly_3' is running (ID=3113907, state=RUNNING).
[2026-05-08 07:04:39] WARNING lines in last 100: 1
[2026-05-08 07:04:39] === Monitor check complete ===
[2026-05-08 07:14:39] === Monitor check ===
[2026-05-08 07:14:40] Job 'finetune_k562plus10_striped_maskonly_3' is running (ID=3113907, state=RUNNING).
[2026-05-08 07:14:40] WARNING lines in last 100: 1
[2026-05-08 07:14:40] === Monitor check complete ===
[2026-05-08 07:24:40] === Monitor check ===
[2026-05-08 07:24:40] Job 'finetune_k562plus10_striped_maskonly_3' is running (ID=3113907, state=RUNNING).
[2026-05-08 07:24:40] WARNING lines in last 100: 1
[2026-05-08 07:24:40] === Monitor check complete ===
[2026-05-08 07:34:40] === Monitor check ===
[2026-05-08 07:34:40] Job 'finetune_k562plus10_striped_maskonly_3' is not running.
[2026-05-08 07:34:40] Latest output file: /data1/lesliec/sarthak/caduceus/jobs/3113907-finetune_k562plus10_striped_maskonly_3.out
[2026-05-08 07:34:40] Using checkpoint: /data1/lesliec/sarthak/caduceus/outputs/2026-05-07/15-54-50-026304/checkpoints/02-step=15500.ckpt
[2026-05-08 07:34:40] Submitting: seed=2245  ckpt=/data1/lesliec/sarthak/caduceus/outputs/2026-05-07/15-54-50-026304/checkpoints/02-step=15500.ckpt
[2026-05-08 07:34:40] Submitted job 3277190. Incrementing seed to 2246.
[2026-05-08 07:34:40] === Monitor check complete ===
[2026-05-08 07:44:40] === Monitor check ===
[2026-05-08 07:44:40] Job 'finetune_k562plus10_striped_maskonly_3' is running (ID=3277190, state=RUNNING).
[2026-05-08 07:44:40] WARNING lines in last 100: 0
[2026-05-08 07:44:40] === Monitor check complete ===
[2026-05-08 07:54:40] === Monitor check ===
[2026-05-08 07:54:40] Job 'finetune_k562plus10_striped_maskonly_3' is running (ID=3277190, state=RUNNING).
[2026-05-08 07:54:40] WARNING lines in last 100: 0
[2026-05-08 07:54:40] === Monitor check complete ===
[2026-05-08 08:04:40] === Monitor check ===
[2026-05-08 08:04:40] Job 'finetune_k562plus10_striped_maskonly_3' is running (ID=3277190, state=RUNNING).
[2026-05-08 08:04:40] WARNING lines in last 100: 0
[2026-05-08 08:04:40] === Monitor check complete ===
[2026-05-08 08:14:40] === Monitor check ===
[2026-05-08 08:14:40] Job 'finetune_k562plus10_striped_maskonly_3' is running (ID=3277190, state=RUNNING).
[2026-05-08 08:14:40] WARNING lines in last 100: 0
[2026-05-08 08:14:40] === Monitor check complete ===
[2026-05-08 08:24:40] === Monitor check ===
[2026-05-08 08:24:41] Job 'finetune_k562plus10_striped_maskonly_3' is running (ID=3277190, state=RUNNING).
[2026-05-08 08:24:41] WARNING lines in last 100: 0
[2026-05-08 08:24:41] === Monitor check complete ===
[2026-05-08 08:34:41] === Monitor check ===
[2026-05-08 08:34:41] Job 'finetune_k562plus10_striped_maskonly_3' is running (ID=3277190, state=RUNNING).
[2026-05-08 08:34:41] WARNING lines in last 100: 0
[2026-05-08 08:34:41] === Monitor check complete ===
[2026-05-08 08:44:41] === Monitor check ===
[2026-05-08 08:44:41] Job 'finetune_k562plus10_striped_maskonly_3' is running (ID=3277190, state=RUNNING).
[2026-05-08 08:44:41] WARNING lines in last 100: 0
[2026-05-08 08:44:41] === Monitor check complete ===
[2026-05-08 08:54:41] === Monitor check ===
[2026-05-08 08:54:41] Job 'finetune_k562plus10_striped_maskonly_3' is running (ID=3277190, state=RUNNING).
[2026-05-08 08:54:41] WARNING lines in last 100: 0
[2026-05-08 08:54:41] === Monitor check complete ===
[2026-05-08 09:04:41] === Monitor check ===
[2026-05-08 09:04:41] Job 'finetune_k562plus10_striped_maskonly_3' is running (ID=3277190, state=RUNNING).
[2026-05-08 09:04:41] WARNING lines in last 100: 0
[2026-05-08 09:04:41] === Monitor check complete ===
[2026-05-08 09:14:41] === Monitor check ===
[2026-05-08 09:14:41] Job 'finetune_k562plus10_striped_maskonly_3' is running (ID=3277190, state=RUNNING).
[2026-05-08 09:14:41] WARNING lines in last 100: 0
[2026-05-08 09:14:41] === Monitor check complete ===
[2026-05-08 09:24:41] === Monitor check ===
[2026-05-08 09:24:41] Job 'finetune_k562plus10_striped_maskonly_3' is running (ID=3277190, state=RUNNING).
[2026-05-08 09:24:41] WARNING lines in last 100: 0
[2026-05-08 09:24:41] === Monitor check complete ===
[2026-05-08 09:34:41] === Monitor check ===
[2026-05-08 09:34:41] Job 'finetune_k562plus10_striped_maskonly_3' is running (ID=3277190, state=RUNNING).
[2026-05-08 09:34:41] WARNING lines in last 100: 0
[2026-05-08 09:34:41] === Monitor check complete ===
[2026-05-08 09:44:41] === Monitor check ===
[2026-05-08 09:44:41] Job 'finetune_k562plus10_striped_maskonly_3' is running (ID=3277190, state=RUNNING).
[2026-05-08 09:44:41] WARNING lines in last 100: 0
[2026-05-08 09:44:41] === Monitor check complete ===
[2026-05-08 09:54:41] === Monitor check ===
[2026-05-08 09:54:41] Job 'finetune_k562plus10_striped_maskonly_3' is running (ID=3277190, state=RUNNING).
[2026-05-08 09:54:41] WARNING lines in last 100: 0
[2026-05-08 09:54:41] === Monitor check complete ===
[2026-05-08 10:04:41] === Monitor check ===
[2026-05-08 10:04:41] Job 'finetune_k562plus10_striped_maskonly_3' is running (ID=3277190, state=RUNNING).
[2026-05-08 10:04:41] WARNING lines in last 100: 0
[2026-05-08 10:04:41] === Monitor check complete ===
[2026-05-08 10:14:41] === Monitor check ===
[2026-05-08 10:14:41] Job 'finetune_k562plus10_striped_maskonly_3' is running (ID=3277190, state=RUNNING).
[2026-05-08 10:14:41] WARNING lines in last 100: 0
[2026-05-08 10:14:41] === Monitor check complete ===
[2026-05-08 10:24:41] === Monitor check ===
[2026-05-08 10:24:41] Job 'finetune_k562plus10_striped_maskonly_3' is running (ID=3277190, state=RUNNING).
[2026-05-08 10:24:41] WARNING lines in last 100: 0
[2026-05-08 10:24:41] === Monitor check complete ===
[2026-05-08 10:34:41] === Monitor check ===
[2026-05-08 10:34:42] Job 'finetune_k562plus10_striped_maskonly_3' is running (ID=3277190, state=RUNNING).
[2026-05-08 10:34:42] WARNING lines in last 100: 0
[2026-05-08 10:34:42] === Monitor check complete ===
[2026-05-08 10:44:42] === Monitor check ===
[2026-05-08 10:44:42] Job 'finetune_k562plus10_striped_maskonly_3' is running (ID=3277190, state=RUNNING).
[2026-05-08 10:44:42] WARNING lines in last 100: 0
[2026-05-08 10:44:42] === Monitor check complete ===
[2026-05-08 10:54:42] === Monitor check ===
[2026-05-08 10:54:42] Job 'finetune_k562plus10_striped_maskonly_3' is running (ID=3277190, state=RUNNING).
[2026-05-08 10:54:42] WARNING lines in last 100: 0
[2026-05-08 10:54:42] === Monitor check complete ===
[2026-05-08 11:04:42] === Monitor check ===
[2026-05-08 11:04:42] Job 'finetune_k562plus10_striped_maskonly_3' is running (ID=3277190, state=RUNNING).
[2026-05-08 11:04:42] WARNING lines in last 100: 0
[2026-05-08 11:04:42] === Monitor check complete ===
[2026-05-08 11:14:42] === Monitor check ===
[2026-05-08 11:14:42] Job 'finetune_k562plus10_striped_maskonly_3' is running (ID=3277190, state=RUNNING).
[2026-05-08 11:14:42] WARNING lines in last 100: 0
[2026-05-08 11:14:42] === Monitor check complete ===
[2026-05-08 11:24:42] === Monitor check ===
[2026-05-08 11:24:42] Job 'finetune_k562plus10_striped_maskonly_3' is running (ID=3277190, state=RUNNING).
[2026-05-08 11:24:42] WARNING lines in last 100: 0
[2026-05-08 11:24:42] === Monitor check complete ===
[2026-05-08 11:34:42] === Monitor check ===
[2026-05-08 11:34:42] Job 'finetune_k562plus10_striped_maskonly_3' is running (ID=3277190, state=RUNNING).
[2026-05-08 11:34:42] WARNING lines in last 100: 0
[2026-05-08 11:34:42] === Monitor check complete ===
[2026-05-08 11:44:42] === Monitor check ===
[2026-05-08 11:44:42] Job 'finetune_k562plus10_striped_maskonly_3' is running (ID=3277190, state=RUNNING).
[2026-05-08 11:44:42] WARNING lines in last 100: 0
[2026-05-08 11:44:42] === Monitor check complete ===
[2026-05-08 11:54:42] === Monitor check ===
[2026-05-08 11:54:42] Job 'finetune_k562plus10_striped_maskonly_3' is running (ID=3277190, state=RUNNING).
[2026-05-08 11:54:42] WARNING lines in last 100: 0
[2026-05-08 11:54:42] === Monitor check complete ===
[2026-05-08 12:04:42] === Monitor check ===
[2026-05-08 12:04:42] Job 'finetune_k562plus10_striped_maskonly_3' is running (ID=3277190, state=RUNNING).
[2026-05-08 12:04:42] WARNING lines in last 100: 0
[2026-05-08 12:04:42] === Monitor check complete ===
[2026-05-08 12:14:43] === Monitor check ===
[2026-05-08 12:14:43] Job 'finetune_k562plus10_striped_maskonly_3' is running (ID=3277190, state=RUNNING).
[2026-05-08 12:14:43] WARNING lines in last 100: 0
[2026-05-08 12:14:43] === Monitor check complete ===
[2026-05-08 12:24:43] === Monitor check ===
[2026-05-08 12:24:43] Job 'finetune_k562plus10_striped_maskonly_3' is running (ID=3277190, state=RUNNING).
[2026-05-08 12:24:43] WARNING lines in last 100: 0
[2026-05-08 12:24:43] === Monitor check complete ===
[2026-05-08 12:34:43] === Monitor check ===
[2026-05-08 12:34:43] Job 'finetune_k562plus10_striped_maskonly_3' is running (ID=3277190, state=RUNNING).
[2026-05-08 12:34:43] WARNING lines in last 100: 0
[2026-05-08 12:34:43] === Monitor check complete ===
[2026-05-08 12:44:43] === Monitor check ===
[2026-05-08 12:44:43] Job 'finetune_k562plus10_striped_maskonly_3' is running (ID=3277190, state=RUNNING).
[2026-05-08 12:44:43] WARNING lines in last 100: 0
[2026-05-08 12:44:43] === Monitor check complete ===
[2026-05-08 12:54:43] === Monitor check ===
[2026-05-08 12:54:43] Job 'finetune_k562plus10_striped_maskonly_3' is running (ID=3277190, state=RUNNING).
[2026-05-08 12:54:43] WARNING lines in last 100: 0
[2026-05-08 12:54:43] === Monitor check complete ===
[2026-05-08 13:04:43] === Monitor check ===
[2026-05-08 13:04:43] Job 'finetune_k562plus10_striped_maskonly_3' is running (ID=3277190, state=RUNNING).
[2026-05-08 13:04:43] WARNING lines in last 100: 0
[2026-05-08 13:04:43] === Monitor check complete ===
[2026-05-08 13:14:43] === Monitor check ===
[2026-05-08 13:14:43] Job 'finetune_k562plus10_striped_maskonly_3' is running (ID=3277190, state=RUNNING).
[2026-05-08 13:14:43] WARNING lines in last 100: 0
[2026-05-08 13:14:43] === Monitor check complete ===
[2026-05-08 13:24:43] === Monitor check ===
[2026-05-08 13:24:43] Job 'finetune_k562plus10_striped_maskonly_3' is running (ID=3277190, state=RUNNING).
[2026-05-08 13:24:43] WARNING lines in last 100: 0
[2026-05-08 13:24:43] === Monitor check complete ===
[2026-05-08 13:34:43] === Monitor check ===
[2026-05-08 13:34:43] Job 'finetune_k562plus10_striped_maskonly_3' is running (ID=3277190, state=RUNNING).
[2026-05-08 13:34:43] WARNING lines in last 100: 0
[2026-05-08 13:34:43] === Monitor check complete ===
[2026-05-08 13:44:43] === Monitor check ===
[2026-05-08 13:44:44] Job 'finetune_k562plus10_striped_maskonly_3' is running (ID=3277190, state=RUNNING).
[2026-05-08 13:44:44] WARNING lines in last 100: 0
[2026-05-08 13:44:44] === Monitor check complete ===
[2026-05-08 13:54:44] === Monitor check ===
[2026-05-08 13:54:44] Job 'finetune_k562plus10_striped_maskonly_3' is running (ID=3277190, state=RUNNING).
[2026-05-08 13:54:44] WARNING lines in last 100: 0
[2026-05-08 13:54:44] === Monitor check complete ===
[2026-05-08 14:04:44] === Monitor check ===
[2026-05-08 14:04:44] Job 'finetune_k562plus10_striped_maskonly_3' is running (ID=3277190, state=RUNNING).
[2026-05-08 14:04:44] WARNING lines in last 100: 0
[2026-05-08 14:04:44] === Monitor check complete ===
[2026-05-08 14:14:44] === Monitor check ===
[2026-05-08 14:14:44] Job 'finetune_k562plus10_striped_maskonly_3' is running (ID=3277190, state=RUNNING).
[2026-05-08 14:14:44] WARNING lines in last 100: 0
[2026-05-08 14:14:44] === Monitor check complete ===
[2026-05-08 14:24:44] === Monitor check ===
[2026-05-08 14:24:44] Job 'finetune_k562plus10_striped_maskonly_3' is running (ID=3277190, state=RUNNING).
[2026-05-08 14:24:44] WARNING lines in last 100: 0
[2026-05-08 14:24:44] === Monitor check complete ===
[2026-05-08 14:34:44] === Monitor check ===
[2026-05-08 14:34:44] Job 'finetune_k562plus10_striped_maskonly_3' is running (ID=3277190, state=RUNNING).
[2026-05-08 14:34:44] WARNING lines in last 100: 0
[2026-05-08 14:34:44] === Monitor check complete ===
[2026-05-08 14:44:44] === Monitor check ===
[2026-05-08 14:44:44] Job 'finetune_k562plus10_striped_maskonly_3' is running (ID=3277190, state=RUNNING).
[2026-05-08 14:44:44] WARNING lines in last 100: 0
[2026-05-08 14:44:44] === Monitor check complete ===
[2026-05-08 14:54:44] === Monitor check ===
[2026-05-08 14:54:45] Job 'finetune_k562plus10_striped_maskonly_3' is running (ID=3277190, state=RUNNING).
[2026-05-08 14:54:45] WARNING lines in last 100: 0
[2026-05-08 14:54:45] === Monitor check complete ===
[2026-05-08 15:04:45] === Monitor check ===
[2026-05-08 15:04:45] Job 'finetune_k562plus10_striped_maskonly_3' is running (ID=3277190, state=RUNNING).
[2026-05-08 15:04:45] WARNING lines in last 100: 0
[2026-05-08 15:04:45] === Monitor check complete ===
[2026-05-08 15:14:45] === Monitor check ===
[2026-05-08 15:14:46] Job 'finetune_k562plus10_striped_maskonly_3' is running (ID=3277190, state=RUNNING).
[2026-05-08 15:14:46] WARNING lines in last 100: 0
[2026-05-08 15:14:46] === Monitor check complete ===
[2026-05-08 15:24:46] === Monitor check ===
[2026-05-08 15:24:46] Job 'finetune_k562plus10_striped_maskonly_3' is running (ID=3277190, state=RUNNING).
[2026-05-08 15:24:46] WARNING lines in last 100: 0
[2026-05-08 15:24:46] === Monitor check complete ===
[2026-05-08 15:34:46] === Monitor check ===
[2026-05-08 15:34:46] Job 'finetune_k562plus10_striped_maskonly_3' is running (ID=3277190, state=RUNNING).
[2026-05-08 15:34:46] WARNING lines in last 100: 0
[2026-05-08 15:34:46] === Monitor check complete ===
[2026-05-08 15:44:46] === Monitor check ===
[2026-05-08 15:44:46] Job 'finetune_k562plus10_striped_maskonly_3' is running (ID=3277190, state=RUNNING).
[2026-05-08 15:44:46] WARNING lines in last 100: 0
[2026-05-08 15:44:46] === Monitor check complete ===
[2026-05-08 15:54:46] === Monitor check ===
[2026-05-08 15:54:46] Job 'finetune_k562plus10_striped_maskonly_3' is running (ID=3277190, state=RUNNING).
[2026-05-08 15:54:46] WARNING lines in last 100: 0
[2026-05-08 15:54:46] === Monitor check complete ===
[2026-05-08 16:04:46] === Monitor check ===
[2026-05-08 16:04:47] Job 'finetune_k562plus10_striped_maskonly_3' is running (ID=3277190, state=RUNNING).
[2026-05-08 16:04:47] WARNING lines in last 100: 0
[2026-05-08 16:04:47] === Monitor check complete ===
[2026-05-08 16:14:47] === Monitor check ===
[2026-05-08 16:14:47] Job 'finetune_k562plus10_striped_maskonly_3' is running (ID=3277190, state=RUNNING).
[2026-05-08 16:14:47] WARNING lines in last 100: 0
[2026-05-08 16:14:47] === Monitor check complete ===
[2026-05-08 16:24:47] === Monitor check ===
[2026-05-08 16:24:48] Job 'finetune_k562plus10_striped_maskonly_3' is running (ID=3277190, state=RUNNING).
[2026-05-08 16:24:48] WARNING lines in last 100: 0
[2026-05-08 16:24:48] === Monitor check complete ===
[2026-05-08 16:34:48] === Monitor check ===
[2026-05-08 16:34:48] Job 'finetune_k562plus10_striped_maskonly_3' is running (ID=3277190, state=RUNNING).
[2026-05-08 16:34:48] WARNING lines in last 100: 0
[2026-05-08 16:34:48] === Monitor check complete ===
[2026-05-08 16:44:48] === Monitor check ===
[2026-05-08 16:44:48] Job 'finetune_k562plus10_striped_maskonly_3' is running (ID=3277190, state=RUNNING).
[2026-05-08 16:44:48] WARNING lines in last 100: 0
[2026-05-08 16:44:48] === Monitor check complete ===
[2026-05-08 16:54:48] === Monitor check ===
[2026-05-08 16:54:48] Job 'finetune_k562plus10_striped_maskonly_3' is running (ID=3277190, state=RUNNING).
[2026-05-08 16:54:48] WARNING lines in last 100: 0
[2026-05-08 16:54:48] === Monitor check complete ===
[2026-05-08 17:04:48] === Monitor check ===
[2026-05-08 17:04:49] Job 'finetune_k562plus10_striped_maskonly_3' is running (ID=3277190, state=RUNNING).
[2026-05-08 17:04:49] WARNING lines in last 100: 0
[2026-05-08 17:04:49] === Monitor check complete ===
[2026-05-08 17:14:49] === Monitor check ===
[2026-05-08 17:14:49] Job 'finetune_k562plus10_striped_maskonly_3' is running (ID=3277190, state=RUNNING).
[2026-05-08 17:14:49] WARNING lines in last 100: 0
[2026-05-08 17:14:49] === Monitor check complete ===
[2026-05-08 17:24:49] === Monitor check ===
[2026-05-08 17:24:49] Job 'finetune_k562plus10_striped_maskonly_3' is running (ID=3277190, state=RUNNING).
[2026-05-08 17:24:49] WARNING lines in last 100: 0
[2026-05-08 17:24:49] === Monitor check complete ===
[2026-05-08 17:34:49] === Monitor check ===
[2026-05-08 17:34:50] Job 'finetune_k562plus10_striped_maskonly_3' is running (ID=3277190, state=RUNNING).
[2026-05-08 17:34:50] WARNING lines in last 100: 0
[2026-05-08 17:34:50] === Monitor check complete ===
[2026-05-08 17:44:50] === Monitor check ===
[2026-05-08 17:44:50] Job 'finetune_k562plus10_striped_maskonly_3' is running (ID=3277190, state=RUNNING).
[2026-05-08 17:44:50] WARNING lines in last 100: 0
[2026-05-08 17:44:50] === Monitor check complete ===
[2026-05-08 17:54:50] === Monitor check ===
[2026-05-08 17:54:50] Job 'finetune_k562plus10_striped_maskonly_3' is running (ID=3277190, state=RUNNING).
[2026-05-08 17:54:50] WARNING lines in last 100: 0
[2026-05-08 17:54:50] === Monitor check complete ===
[2026-05-08 18:04:50] === Monitor check ===
[2026-05-08 18:04:52] Job 'finetune_k562plus10_striped_maskonly_3' is running (ID=3277190, state=RUNNING).
[2026-05-08 18:04:52] WARNING lines in last 100: 0
[2026-05-08 18:04:52] === Monitor check complete ===
[2026-05-08 18:14:52] === Monitor check ===
[2026-05-08 18:14:52] Job 'finetune_k562plus10_striped_maskonly_3' is running (ID=3277190, state=RUNNING).
[2026-05-08 18:14:52] WARNING lines in last 100: 0
[2026-05-08 18:14:52] === Monitor check complete ===
[2026-05-08 18:24:52] === Monitor check ===
[2026-05-08 18:24:52] Job 'finetune_k562plus10_striped_maskonly_3' is running (ID=3277190, state=RUNNING).
[2026-05-08 18:24:52] WARNING lines in last 100: 0
[2026-05-08 18:24:52] === Monitor check complete ===
[2026-05-08 18:34:52] === Monitor check ===
[2026-05-08 18:34:53] Job 'finetune_k562plus10_striped_maskonly_3' is running (ID=3277190, state=RUNNING).
[2026-05-08 18:34:53] WARNING lines in last 100: 0
[2026-05-08 18:34:53] === Monitor check complete ===
[2026-05-08 18:44:53] === Monitor check ===
[2026-05-08 18:44:53] Job 'finetune_k562plus10_striped_maskonly_3' is running (ID=3277190, state=RUNNING).
[2026-05-08 18:44:53] WARNING lines in last 100: 0
[2026-05-08 18:44:53] === Monitor check complete ===
[2026-05-08 18:54:53] === Monitor check ===
[2026-05-08 18:54:54] Job 'finetune_k562plus10_striped_maskonly_3' is running (ID=3277190, state=RUNNING).
[2026-05-08 18:54:54] WARNING lines in last 100: 0
[2026-05-08 18:54:54] === Monitor check complete ===
[2026-05-08 19:04:54] === Monitor check ===
[2026-05-08 19:04:54] Job 'finetune_k562plus10_striped_maskonly_3' is running (ID=3277190, state=RUNNING).
[2026-05-08 19:04:54] WARNING lines in last 100: 0
[2026-05-08 19:04:54] === Monitor check complete ===
[2026-05-08 19:14:54] === Monitor check ===
[2026-05-08 19:14:54] Job 'finetune_k562plus10_striped_maskonly_3' is running (ID=3277190, state=RUNNING).
[2026-05-08 19:14:54] WARNING lines in last 100: 0
[2026-05-08 19:14:54] === Monitor check complete ===
[2026-05-08 19:24:54] === Monitor check ===
[2026-05-08 19:24:54] Job 'finetune_k562plus10_striped_maskonly_3' is running (ID=3277190, state=RUNNING).
[2026-05-08 19:24:54] WARNING lines in last 100: 0
[2026-05-08 19:24:54] === Monitor check complete ===
[2026-05-08 19:34:54] === Monitor check ===
[2026-05-08 19:34:54] Job 'finetune_k562plus10_striped_maskonly_3' is running (ID=3277190, state=RUNNING).
[2026-05-08 19:34:54] WARNING lines in last 100: 0
[2026-05-08 19:34:54] === Monitor check complete ===
[2026-05-08 19:44:54] === Monitor check ===
[2026-05-08 19:44:54] Job 'finetune_k562plus10_striped_maskonly_3' is running (ID=3277190, state=RUNNING).
[2026-05-08 19:44:54] WARNING lines in last 100: 0
[2026-05-08 19:44:54] === Monitor check complete ===
[2026-05-08 19:54:54] === Monitor check ===
[2026-05-08 19:54:54] Job 'finetune_k562plus10_striped_maskonly_3' is running (ID=3277190, state=RUNNING).
[2026-05-08 19:54:54] WARNING lines in last 100: 0
[2026-05-08 19:54:54] === Monitor check complete ===
[2026-05-08 20:04:54] === Monitor check ===
[2026-05-08 20:04:55] Job 'finetune_k562plus10_striped_maskonly_3' is not running.
[2026-05-08 20:04:55] Latest output file: /data1/lesliec/sarthak/caduceus/jobs/3277190-finetune_k562plus10_striped_maskonly_3.out
[2026-05-08 20:04:55] Using checkpoint: /data1/lesliec/sarthak/caduceus/outputs/2026-05-07/15-54-50-026304/checkpoints/02-step=15500.ckpt
[2026-05-08 20:04:55] Submitting: seed=2246  ckpt=/data1/lesliec/sarthak/caduceus/outputs/2026-05-07/15-54-50-026304/checkpoints/02-step=15500.ckpt
[2026-05-08 20:04:55] Submitted job 3444684. Incrementing seed to 2247.
[2026-05-08 20:04:55] === Monitor check complete ===
[2026-05-08 20:14:55] === Monitor check ===
[2026-05-08 20:14:55] Job 'finetune_k562plus10_striped_maskonly_3' is running (ID=3444684, state=RUNNING).
[2026-05-08 20:14:55] WARNING lines in last 100: 0
[2026-05-08 20:14:55] === Monitor check complete ===
[2026-05-08 20:24:55] === Monitor check ===
[2026-05-08 20:24:55] Job 'finetune_k562plus10_striped_maskonly_3' is running (ID=3444684, state=RUNNING).
[2026-05-08 20:24:55] WARNING lines in last 100: 0
[2026-05-08 20:24:55] === Monitor check complete ===
[2026-05-08 20:34:55] === Monitor check ===
[2026-05-08 20:34:55] Job 'finetune_k562plus10_striped_maskonly_3' is running (ID=3444684, state=RUNNING).
[2026-05-08 20:34:55] WARNING lines in last 100: 0
[2026-05-08 20:34:55] === Monitor check complete ===
[2026-05-08 20:44:55] === Monitor check ===
[2026-05-08 20:44:55] Job 'finetune_k562plus10_striped_maskonly_3' is running (ID=3444684, state=RUNNING).
[2026-05-08 20:44:55] WARNING lines in last 100: 0
[2026-05-08 20:44:55] === Monitor check complete ===
[2026-05-08 20:54:55] === Monitor check ===
[2026-05-08 20:54:55] Job 'finetune_k562plus10_striped_maskonly_3' is running (ID=3444684, state=RUNNING).
[2026-05-08 20:54:55] WARNING lines in last 100: 0
[2026-05-08 20:54:55] === Monitor check complete ===
[2026-05-08 21:04:55] === Monitor check ===
[2026-05-08 21:04:55] Job 'finetune_k562plus10_striped_maskonly_3' is running (ID=3444684, state=RUNNING).
[2026-05-08 21:04:55] WARNING lines in last 100: 0
[2026-05-08 21:04:55] === Monitor check complete ===
[2026-05-08 21:14:55] === Monitor check ===
[2026-05-08 21:14:55] Job 'finetune_k562plus10_striped_maskonly_3' is running (ID=3444684, state=RUNNING).
[2026-05-08 21:14:55] WARNING lines in last 100: 0
[2026-05-08 21:14:55] === Monitor check complete ===
[2026-05-08 21:24:55] === Monitor check ===
[2026-05-08 21:24:56] Job 'finetune_k562plus10_striped_maskonly_3' is running (ID=3444684, state=RUNNING).
[2026-05-08 21:24:56] WARNING lines in last 100: 0
[2026-05-08 21:24:56] === Monitor check complete ===
[2026-05-08 21:34:56] === Monitor check ===
[2026-05-08 21:34:56] Job 'finetune_k562plus10_striped_maskonly_3' is running (ID=3444684, state=RUNNING).
[2026-05-08 21:34:56] WARNING lines in last 100: 0
[2026-05-08 21:34:56] === Monitor check complete ===
[2026-05-08 21:44:56] === Monitor check ===
[2026-05-08 21:44:56] Job 'finetune_k562plus10_striped_maskonly_3' is running (ID=3444684, state=RUNNING).
[2026-05-08 21:44:56] WARNING lines in last 100: 0
[2026-05-08 21:44:56] === Monitor check complete ===
[2026-05-08 21:54:56] === Monitor check ===
[2026-05-08 21:54:56] Job 'finetune_k562plus10_striped_maskonly_3' is running (ID=3444684, state=RUNNING).
[2026-05-08 21:54:56] WARNING lines in last 100: 0
[2026-05-08 21:54:56] === Monitor check complete ===
[2026-05-08 22:04:56] === Monitor check ===
[2026-05-08 22:04:56] Job 'finetune_k562plus10_striped_maskonly_3' is running (ID=3444684, state=RUNNING).
[2026-05-08 22:04:56] WARNING lines in last 100: 0
[2026-05-08 22:04:56] === Monitor check complete ===
[2026-05-08 22:14:56] === Monitor check ===
[2026-05-08 22:14:56] Job 'finetune_k562plus10_striped_maskonly_3' is running (ID=3444684, state=RUNNING).
[2026-05-08 22:14:56] WARNING lines in last 100: 0
[2026-05-08 22:14:56] === Monitor check complete ===
[2026-05-08 22:24:56] === Monitor check ===
[2026-05-08 22:24:56] Job 'finetune_k562plus10_striped_maskonly_3' is running (ID=3444684, state=RUNNING).
[2026-05-08 22:24:56] WARNING lines in last 100: 0
[2026-05-08 22:24:56] === Monitor check complete ===
[2026-05-08 22:34:56] === Monitor check ===
[2026-05-08 22:34:56] Job 'finetune_k562plus10_striped_maskonly_3' is running (ID=3444684, state=RUNNING).
[2026-05-08 22:34:56] WARNING lines in last 100: 0
[2026-05-08 22:34:56] === Monitor check complete ===
[2026-05-08 22:44:56] === Monitor check ===
[2026-05-08 22:44:56] Job 'finetune_k562plus10_striped_maskonly_3' is running (ID=3444684, state=RUNNING).
[2026-05-08 22:44:57] WARNING lines in last 100: 0
[2026-05-08 22:44:57] === Monitor check complete ===
[2026-05-08 22:54:57] === Monitor check ===
[2026-05-08 22:54:57] Job 'finetune_k562plus10_striped_maskonly_3' is running (ID=3444684, state=RUNNING).
[2026-05-08 22:54:57] WARNING lines in last 100: 0
[2026-05-08 22:54:57] === Monitor check complete ===
[2026-05-08 23:04:57] === Monitor check ===
[2026-05-08 23:04:57] Job 'finetune_k562plus10_striped_maskonly_3' is running (ID=3444684, state=RUNNING).
[2026-05-08 23:04:57] WARNING lines in last 100: 0
[2026-05-08 23:04:57] === Monitor check complete ===
[2026-05-08 23:14:57] === Monitor check ===
[2026-05-08 23:14:57] Job 'finetune_k562plus10_striped_maskonly_3' is running (ID=3444684, state=RUNNING).
[2026-05-08 23:14:57] WARNING lines in last 100: 0
[2026-05-08 23:14:57] === Monitor check complete ===
[2026-05-08 23:24:57] === Monitor check ===
[2026-05-08 23:24:57] Job 'finetune_k562plus10_striped_maskonly_3' is running (ID=3444684, state=RUNNING).
[2026-05-08 23:24:57] WARNING lines in last 100: 0
[2026-05-08 23:24:57] === Monitor check complete ===
[2026-05-08 23:34:57] === Monitor check ===
[2026-05-08 23:34:57] Job 'finetune_k562plus10_striped_maskonly_3' is running (ID=3444684, state=RUNNING).
[2026-05-08 23:34:57] WARNING lines in last 100: 0
[2026-05-08 23:34:57] === Monitor check complete ===
[2026-05-08 23:44:57] === Monitor check ===
[2026-05-08 23:44:57] Job 'finetune_k562plus10_striped_maskonly_3' is running (ID=3444684, state=RUNNING).
[2026-05-08 23:44:57] WARNING lines in last 100: 0
[2026-05-08 23:44:57] === Monitor check complete ===
[2026-05-08 23:54:57] === Monitor check ===
[2026-05-08 23:54:57] Job 'finetune_k562plus10_striped_maskonly_3' is running (ID=3444684, state=RUNNING).
[2026-05-08 23:54:57] WARNING lines in last 100: 0
[2026-05-08 23:54:57] === Monitor check complete ===
[2026-05-09 00:04:57] === Monitor check ===
[2026-05-09 00:04:57] Job 'finetune_k562plus10_striped_maskonly_3' is running (ID=3444684, state=RUNNING).
[2026-05-09 00:04:57] WARNING lines in last 100: 0
[2026-05-09 00:04:57] === Monitor check complete ===
[2026-05-09 00:14:57] === Monitor check ===
[2026-05-09 00:14:57] Job 'finetune_k562plus10_striped_maskonly_3' is running (ID=3444684, state=RUNNING).
[2026-05-09 00:14:58] WARNING lines in last 100: 0
[2026-05-09 00:14:58] === Monitor check complete ===
[2026-05-09 00:24:58] === Monitor check ===
[2026-05-09 00:24:58] Job 'finetune_k562plus10_striped_maskonly_3' is running (ID=3444684, state=RUNNING).
[2026-05-09 00:24:58] WARNING lines in last 100: 0
[2026-05-09 00:24:58] === Monitor check complete ===
[2026-05-09 00:34:58] === Monitor check ===
[2026-05-09 00:34:59] Job 'finetune_k562plus10_striped_maskonly_3' is running (ID=3444684, state=RUNNING).
[2026-05-09 00:34:59] WARNING lines in last 100: 0
[2026-05-09 00:34:59] === Monitor check complete ===
[2026-05-09 00:44:59] === Monitor check ===
[2026-05-09 00:44:59] Job 'finetune_k562plus10_striped_maskonly_3' is running (ID=3444684, state=RUNNING).
[2026-05-09 00:44:59] WARNING lines in last 100: 0
[2026-05-09 00:44:59] === Monitor check complete ===
[2026-05-09 00:54:59] === Monitor check ===
[2026-05-09 00:54:59] Job 'finetune_k562plus10_striped_maskonly_3' is running (ID=3444684, state=RUNNING).
[2026-05-09 00:54:59] WARNING lines in last 100: 0
[2026-05-09 00:54:59] === Monitor check complete ===
[2026-05-09 01:04:59] === Monitor check ===
[2026-05-09 01:04:59] Job 'finetune_k562plus10_striped_maskonly_3' is running (ID=3444684, state=RUNNING).
[2026-05-09 01:04:59] WARNING lines in last 100: 0
[2026-05-09 01:04:59] === Monitor check complete ===
[2026-05-09 01:14:59] === Monitor check ===
[2026-05-09 01:14:59] Job 'finetune_k562plus10_striped_maskonly_3' is running (ID=3444684, state=RUNNING).
[2026-05-09 01:14:59] WARNING lines in last 100: 0
[2026-05-09 01:14:59] === Monitor check complete ===
[2026-05-09 01:24:59] === Monitor check ===
[2026-05-09 01:25:00] Job 'finetune_k562plus10_striped_maskonly_3' is running (ID=3444684, state=RUNNING).
[2026-05-09 01:25:00] WARNING lines in last 100: 0
[2026-05-09 01:25:00] === Monitor check complete ===
[2026-05-09 01:35:00] === Monitor check ===
[2026-05-09 01:35:00] Job 'finetune_k562plus10_striped_maskonly_3' is running (ID=3444684, state=RUNNING).
[2026-05-09 01:35:00] WARNING lines in last 100: 0
[2026-05-09 01:35:00] === Monitor check complete ===
[2026-05-09 01:45:00] === Monitor check ===
[2026-05-09 01:45:00] Job 'finetune_k562plus10_striped_maskonly_3' is running (ID=3444684, state=RUNNING).
[2026-05-09 01:45:00] WARNING lines in last 100: 0
[2026-05-09 01:45:00] === Monitor check complete ===
[2026-05-09 01:55:00] === Monitor check ===
[2026-05-09 01:55:00] Job 'finetune_k562plus10_striped_maskonly_3' is running (ID=3444684, state=RUNNING).
[2026-05-09 01:55:00] WARNING lines in last 100: 0
[2026-05-09 01:55:00] === Monitor check complete ===
[2026-05-09 02:05:00] === Monitor check ===
[2026-05-09 02:05:00] Job 'finetune_k562plus10_striped_maskonly_3' is running (ID=3444684, state=RUNNING).
[2026-05-09 02:05:00] WARNING lines in last 100: 0
[2026-05-09 02:05:00] === Monitor check complete ===
[2026-05-09 02:15:00] === Monitor check ===
[2026-05-09 02:15:00] Job 'finetune_k562plus10_striped_maskonly_3' is running (ID=3444684, state=RUNNING).
[2026-05-09 02:15:00] WARNING lines in last 100: 0
[2026-05-09 02:15:01] === Monitor check complete ===
[2026-05-09 02:25:01] === Monitor check ===
[2026-05-09 02:25:01] Job 'finetune_k562plus10_striped_maskonly_3' is running (ID=3444684, state=RUNNING).
[2026-05-09 02:25:01] WARNING lines in last 100: 0
[2026-05-09 02:25:01] === Monitor check complete ===
[2026-05-09 02:35:01] === Monitor check ===
[2026-05-09 02:35:01] Job 'finetune_k562plus10_striped_maskonly_3' is running (ID=3444684, state=RUNNING).
[2026-05-09 02:35:01] WARNING lines in last 100: 1
[2026-05-09 02:35:01] === Monitor check complete ===
[2026-05-09 02:45:01] === Monitor check ===
[2026-05-09 02:45:01] Job 'finetune_k562plus10_striped_maskonly_3' is running (ID=3444684, state=RUNNING).
[2026-05-09 02:45:01] WARNING lines in last 100: 1
[2026-05-09 02:45:01] === Monitor check complete ===
[2026-05-09 02:55:01] === Monitor check ===
[2026-05-09 02:55:01] Job 'finetune_k562plus10_striped_maskonly_3' is running (ID=3444684, state=RUNNING).
[2026-05-09 02:55:01] WARNING lines in last 100: 1
[2026-05-09 02:55:01] === Monitor check complete ===
[2026-05-09 03:05:01] === Monitor check ===
[2026-05-09 03:05:01] Job 'finetune_k562plus10_striped_maskonly_3' is not running.
[2026-05-09 03:05:01] Latest output file: /data1/lesliec/sarthak/caduceus/jobs/3444684-finetune_k562plus10_striped_maskonly_3.out
[2026-05-09 03:05:01] Using checkpoint: /data1/lesliec/sarthak/caduceus/outputs/2026-05-08/20-05-55-419400/checkpoints/02-step=15750.ckpt
[2026-05-09 03:05:01] Submitting: seed=2247  ckpt=/data1/lesliec/sarthak/caduceus/outputs/2026-05-08/20-05-55-419400/checkpoints/02-step=15750.ckpt
[2026-05-09 03:05:01] Submitted job 3595277. Incrementing seed to 2248.
[2026-05-09 03:05:01] === Monitor check complete ===
[2026-05-09 03:15:01] === Monitor check ===
[2026-05-09 03:15:01] Job 'finetune_k562plus10_striped_maskonly_3' is running (ID=3595277, state=RUNNING).
[2026-05-09 03:15:01] WARNING lines in last 100: 0
[2026-05-09 03:15:01] === Monitor check complete ===
[2026-05-09 03:25:01] === Monitor check ===
[2026-05-09 03:25:01] Job 'finetune_k562plus10_striped_maskonly_3' is running (ID=3595277, state=RUNNING).
[2026-05-09 03:25:01] WARNING lines in last 100: 0
[2026-05-09 03:25:01] === Monitor check complete ===
[2026-05-09 03:35:01] === Monitor check ===
[2026-05-09 03:35:01] Job 'finetune_k562plus10_striped_maskonly_3' is running (ID=3595277, state=RUNNING).
[2026-05-09 03:35:01] WARNING lines in last 100: 0
[2026-05-09 03:35:01] === Monitor check complete ===
[2026-05-09 03:45:01] === Monitor check ===
[2026-05-09 03:45:01] Job 'finetune_k562plus10_striped_maskonly_3' is running (ID=3595277, state=RUNNING).
[2026-05-09 03:45:02] WARNING lines in last 100: 0
[2026-05-09 03:45:02] === Monitor check complete ===
[2026-05-09 03:55:02] === Monitor check ===
[2026-05-09 03:55:02] Job 'finetune_k562plus10_striped_maskonly_3' is running (ID=3595277, state=RUNNING).
[2026-05-09 03:55:02] WARNING lines in last 100: 0
[2026-05-09 03:55:02] === Monitor check complete ===
[2026-05-09 04:05:02] === Monitor check ===
[2026-05-09 04:05:02] Job 'finetune_k562plus10_striped_maskonly_3' is running (ID=3595277, state=RUNNING).
[2026-05-09 04:05:02] WARNING lines in last 100: 0
[2026-05-09 04:05:02] === Monitor check complete ===
[2026-05-09 04:15:02] === Monitor check ===
[2026-05-09 04:15:02] Job 'finetune_k562plus10_striped_maskonly_3' is running (ID=3595277, state=RUNNING).
[2026-05-09 04:15:02] WARNING lines in last 100: 0
[2026-05-09 04:15:02] === Monitor check complete ===
[2026-05-09 04:25:02] === Monitor check ===
[2026-05-09 04:25:02] Job 'finetune_k562plus10_striped_maskonly_3' is running (ID=3595277, state=RUNNING).
[2026-05-09 04:25:02] WARNING lines in last 100: 0
[2026-05-09 04:25:02] === Monitor check complete ===
[2026-05-09 04:35:02] === Monitor check ===
[2026-05-09 04:35:02] Job 'finetune_k562plus10_striped_maskonly_3' is running (ID=3595277, state=RUNNING).
[2026-05-09 04:35:02] WARNING lines in last 100: 0
[2026-05-09 04:35:02] === Monitor check complete ===
[2026-05-09 04:45:02] === Monitor check ===
[2026-05-09 04:45:02] Job 'finetune_k562plus10_striped_maskonly_3' is running (ID=3595277, state=RUNNING).
[2026-05-09 04:45:02] WARNING lines in last 100: 0
[2026-05-09 04:45:02] === Monitor check complete ===
[2026-05-09 04:55:02] === Monitor check ===
[2026-05-09 04:55:02] Job 'finetune_k562plus10_striped_maskonly_3' is running (ID=3595277, state=RUNNING).
[2026-05-09 04:55:02] WARNING lines in last 100: 0
[2026-05-09 04:55:02] === Monitor check complete ===
[2026-05-09 05:05:02] === Monitor check ===
[2026-05-09 05:05:02] Job 'finetune_k562plus10_striped_maskonly_3' is running (ID=3595277, state=RUNNING).
[2026-05-09 05:05:02] WARNING lines in last 100: 0
[2026-05-09 05:05:02] === Monitor check complete ===
[2026-05-09 05:15:02] === Monitor check ===
[2026-05-09 05:15:02] Job 'finetune_k562plus10_striped_maskonly_3' is running (ID=3595277, state=RUNNING).
[2026-05-09 05:15:02] WARNING lines in last 100: 0
[2026-05-09 05:15:02] === Monitor check complete ===
[2026-05-09 05:25:02] === Monitor check ===
[2026-05-09 05:25:03] Job 'finetune_k562plus10_striped_maskonly_3' is running (ID=3595277, state=RUNNING).
[2026-05-09 05:25:03] WARNING lines in last 100: 0
[2026-05-09 05:25:03] === Monitor check complete ===
[2026-05-09 05:35:03] === Monitor check ===
[2026-05-09 05:35:03] Job 'finetune_k562plus10_striped_maskonly_3' is running (ID=3595277, state=RUNNING).
[2026-05-09 05:35:03] WARNING lines in last 100: 0
[2026-05-09 05:35:03] === Monitor check complete ===
[2026-05-09 05:45:03] === Monitor check ===
[2026-05-09 05:45:03] Job 'finetune_k562plus10_striped_maskonly_3' is running (ID=3595277, state=RUNNING).
[2026-05-09 05:45:03] WARNING lines in last 100: 0
[2026-05-09 05:45:03] === Monitor check complete ===
[2026-05-09 05:55:03] === Monitor check ===
[2026-05-09 05:55:03] Job 'finetune_k562plus10_striped_maskonly_3' is running (ID=3595277, state=RUNNING).
[2026-05-09 05:55:03] WARNING lines in last 100: 0
[2026-05-09 05:55:03] === Monitor check complete ===
[2026-05-09 06:05:03] === Monitor check ===
[2026-05-09 06:05:03] Job 'finetune_k562plus10_striped_maskonly_3' is running (ID=3595277, state=RUNNING).
[2026-05-09 06:05:03] WARNING lines in last 100: 0
[2026-05-09 06:05:03] === Monitor check complete ===
[2026-05-09 06:15:03] === Monitor check ===
[2026-05-09 06:15:03] Job 'finetune_k562plus10_striped_maskonly_3' is running (ID=3595277, state=RUNNING).
[2026-05-09 06:15:03] WARNING lines in last 100: 0
[2026-05-09 06:15:03] === Monitor check complete ===
[2026-05-09 06:25:03] === Monitor check ===
[2026-05-09 06:25:03] Job 'finetune_k562plus10_striped_maskonly_3' is running (ID=3595277, state=RUNNING).
[2026-05-09 06:25:03] WARNING lines in last 100: 0
[2026-05-09 06:25:03] === Monitor check complete ===
[2026-05-09 06:35:03] === Monitor check ===
[2026-05-09 06:35:03] Job 'finetune_k562plus10_striped_maskonly_3' is running (ID=3595277, state=RUNNING).
[2026-05-09 06:35:04] WARNING lines in last 100: 0
[2026-05-09 06:35:04] === Monitor check complete ===
[2026-05-09 06:45:04] === Monitor check ===
[2026-05-09 06:45:04] Job 'finetune_k562plus10_striped_maskonly_3' is running (ID=3595277, state=RUNNING).
[2026-05-09 06:45:04] WARNING lines in last 100: 0
[2026-05-09 06:45:04] === Monitor check complete ===
[2026-05-09 06:55:04] === Monitor check ===
[2026-05-09 06:55:04] Job 'finetune_k562plus10_striped_maskonly_3' is running (ID=3595277, state=RUNNING).
[2026-05-09 06:55:04] WARNING lines in last 100: 0
[2026-05-09 06:55:04] === Monitor check complete ===
[2026-05-09 07:05:04] === Monitor check ===
[2026-05-09 07:05:04] Job 'finetune_k562plus10_striped_maskonly_3' is running (ID=3595277, state=RUNNING).
[2026-05-09 07:05:04] WARNING lines in last 100: 0
[2026-05-09 07:05:04] === Monitor check complete ===
[2026-05-09 07:15:04] === Monitor check ===
[2026-05-09 07:15:04] Job 'finetune_k562plus10_striped_maskonly_3' is running (ID=3595277, state=RUNNING).
[2026-05-09 07:15:04] WARNING lines in last 100: 0
[2026-05-09 07:15:04] === Monitor check complete ===
[2026-05-09 07:25:04] === Monitor check ===
[2026-05-09 07:25:04] Job 'finetune_k562plus10_striped_maskonly_3' is running (ID=3595277, state=RUNNING).
[2026-05-09 07:25:04] WARNING lines in last 100: 0
[2026-05-09 07:25:04] === Monitor check complete ===
[2026-05-09 07:35:04] === Monitor check ===
[2026-05-09 07:35:04] Job 'finetune_k562plus10_striped_maskonly_3' is running (ID=3595277, state=RUNNING).
[2026-05-09 07:35:04] WARNING lines in last 100: 0
[2026-05-09 07:35:04] === Monitor check complete ===
[2026-05-09 07:45:04] === Monitor check ===
[2026-05-09 07:45:04] Job 'finetune_k562plus10_striped_maskonly_3' is running (ID=3595277, state=RUNNING).
[2026-05-09 07:45:04] WARNING lines in last 100: 0
[2026-05-09 07:45:04] === Monitor check complete ===
[2026-05-09 07:55:04] === Monitor check ===
[2026-05-09 07:55:04] Job 'finetune_k562plus10_striped_maskonly_3' is running (ID=3595277, state=RUNNING).
[2026-05-09 07:55:04] WARNING lines in last 100: 0
[2026-05-09 07:55:04] === Monitor check complete ===
[2026-05-09 08:05:04] === Monitor check ===
[2026-05-09 08:05:05] Job 'finetune_k562plus10_striped_maskonly_3' is running (ID=3595277, state=RUNNING).
[2026-05-09 08:05:05] WARNING lines in last 100: 0
[2026-05-09 08:05:05] === Monitor check complete ===
[2026-05-09 08:15:05] === Monitor check ===
[2026-05-09 08:15:05] Job 'finetune_k562plus10_striped_maskonly_3' is running (ID=3595277, state=RUNNING).
[2026-05-09 08:15:05] WARNING lines in last 100: 0
[2026-05-09 08:15:05] === Monitor check complete ===
[2026-05-09 08:25:05] === Monitor check ===
[2026-05-09 08:25:05] Job 'finetune_k562plus10_striped_maskonly_3' is running (ID=3595277, state=RUNNING).
[2026-05-09 08:25:05] WARNING lines in last 100: 0
[2026-05-09 08:25:05] === Monitor check complete ===
[2026-05-09 08:35:05] === Monitor check ===
[2026-05-09 08:35:05] Job 'finetune_k562plus10_striped_maskonly_3' is running (ID=3595277, state=RUNNING).
[2026-05-09 08:35:05] WARNING lines in last 100: 0
[2026-05-09 08:35:05] === Monitor check complete ===
[2026-05-09 08:45:05] === Monitor check ===
[2026-05-09 08:45:05] Job 'finetune_k562plus10_striped_maskonly_3' is running (ID=3595277, state=RUNNING).
[2026-05-09 08:45:05] WARNING lines in last 100: 0
[2026-05-09 08:45:05] === Monitor check complete ===
[2026-05-09 08:55:05] === Monitor check ===
[2026-05-09 08:55:05] Job 'finetune_k562plus10_striped_maskonly_3' is running (ID=3595277, state=RUNNING).
[2026-05-09 08:55:05] WARNING lines in last 100: 0
[2026-05-09 08:55:05] === Monitor check complete ===
[2026-05-09 09:05:05] === Monitor check ===
[2026-05-09 09:05:05] Job 'finetune_k562plus10_striped_maskonly_3' is running (ID=3595277, state=RUNNING).
[2026-05-09 09:05:05] WARNING lines in last 100: 0
[2026-05-09 09:05:05] === Monitor check complete ===
[2026-05-09 09:15:06] === Monitor check ===
[2026-05-09 09:15:06] Job 'finetune_k562plus10_striped_maskonly_3' is running (ID=3595277, state=RUNNING).
[2026-05-09 09:15:06] WARNING lines in last 100: 0
[2026-05-09 09:15:06] === Monitor check complete ===
[2026-05-09 09:25:06] === Monitor check ===
[2026-05-09 09:25:06] Job 'finetune_k562plus10_striped_maskonly_3' is running (ID=3595277, state=RUNNING).
[2026-05-09 09:25:06] WARNING lines in last 100: 0
[2026-05-09 09:25:06] === Monitor check complete ===
[2026-05-09 09:35:06] === Monitor check ===
[2026-05-09 09:35:06] Job 'finetune_k562plus10_striped_maskonly_3' is running (ID=3595277, state=RUNNING).
[2026-05-09 09:35:06] WARNING lines in last 100: 0
[2026-05-09 09:35:06] === Monitor check complete ===
[2026-05-09 09:45:06] === Monitor check ===
[2026-05-09 09:45:06] Job 'finetune_k562plus10_striped_maskonly_3' is running (ID=3595277, state=RUNNING).
[2026-05-09 09:45:06] WARNING lines in last 100: 0
[2026-05-09 09:45:06] === Monitor check complete ===
[2026-05-09 09:55:06] === Monitor check ===
[2026-05-09 09:55:06] Job 'finetune_k562plus10_striped_maskonly_3' is running (ID=3595277, state=RUNNING).
[2026-05-09 09:55:06] WARNING lines in last 100: 0
[2026-05-09 09:55:06] === Monitor check complete ===
[2026-05-09 10:05:06] === Monitor check ===
[2026-05-09 10:05:06] Job 'finetune_k562plus10_striped_maskonly_3' is running (ID=3595277, state=RUNNING).
[2026-05-09 10:05:06] WARNING lines in last 100: 0
[2026-05-09 10:05:06] === Monitor check complete ===
[2026-05-09 10:15:06] === Monitor check ===
[2026-05-09 10:15:06] Job 'finetune_k562plus10_striped_maskonly_3' is running (ID=3595277, state=RUNNING).
[2026-05-09 10:15:06] WARNING lines in last 100: 0
[2026-05-09 10:15:06] === Monitor check complete ===
[2026-05-09 10:25:06] === Monitor check ===
[2026-05-09 10:25:07] Job 'finetune_k562plus10_striped_maskonly_3' is running (ID=3595277, state=RUNNING).
[2026-05-09 10:25:07] WARNING lines in last 100: 0
[2026-05-09 10:25:07] === Monitor check complete ===
[2026-05-09 10:35:07] === Monitor check ===
[2026-05-09 10:35:07] Job 'finetune_k562plus10_striped_maskonly_3' is running (ID=3595277, state=RUNNING).
[2026-05-09 10:35:07] WARNING lines in last 100: 0
[2026-05-09 10:35:07] === Monitor check complete ===
[2026-05-09 10:45:07] === Monitor check ===
[2026-05-09 10:45:07] Job 'finetune_k562plus10_striped_maskonly_3' is running (ID=3595277, state=RUNNING).
[2026-05-09 10:45:07] WARNING lines in last 100: 0
[2026-05-09 10:45:07] === Monitor check complete ===
[2026-05-09 10:55:07] === Monitor check ===
[2026-05-09 10:55:07] Job 'finetune_k562plus10_striped_maskonly_3' is running (ID=3595277, state=RUNNING).
[2026-05-09 10:55:07] WARNING lines in last 100: 0
[2026-05-09 10:55:07] === Monitor check complete ===
[2026-05-09 11:05:07] === Monitor check ===
[2026-05-09 11:05:07] Job 'finetune_k562plus10_striped_maskonly_3' is running (ID=3595277, state=RUNNING).
[2026-05-09 11:05:07] WARNING lines in last 100: 0
[2026-05-09 11:05:07] === Monitor check complete ===
[2026-05-09 11:15:07] === Monitor check ===
[2026-05-09 11:15:07] Job 'finetune_k562plus10_striped_maskonly_3' is running (ID=3595277, state=RUNNING).
[2026-05-09 11:15:07] WARNING lines in last 100: 0
[2026-05-09 11:15:07] === Monitor check complete ===
[2026-05-09 11:25:07] === Monitor check ===
[2026-05-09 11:25:07] Job 'finetune_k562plus10_striped_maskonly_3' is running (ID=3595277, state=RUNNING).
[2026-05-09 11:25:08] WARNING lines in last 100: 0
[2026-05-09 11:25:08] === Monitor check complete ===
[2026-05-09 11:35:08] === Monitor check ===
[2026-05-09 11:35:08] Job 'finetune_k562plus10_striped_maskonly_3' is running (ID=3595277, state=RUNNING).
[2026-05-09 11:35:08] WARNING lines in last 100: 0
[2026-05-09 11:35:08] === Monitor check complete ===
[2026-05-09 11:45:08] === Monitor check ===
[2026-05-09 11:45:08] Job 'finetune_k562plus10_striped_maskonly_3' is running (ID=3595277, state=RUNNING).
[2026-05-09 11:45:08] WARNING lines in last 100: 0
[2026-05-09 11:45:08] === Monitor check complete ===
[2026-05-09 11:55:08] === Monitor check ===
[2026-05-09 11:55:08] Job 'finetune_k562plus10_striped_maskonly_3' is running (ID=3595277, state=RUNNING).
[2026-05-09 11:55:08] WARNING lines in last 100: 0
[2026-05-09 11:55:08] === Monitor check complete ===
[2026-05-09 12:05:08] === Monitor check ===
[2026-05-09 12:05:08] Job 'finetune_k562plus10_striped_maskonly_3' is running (ID=3595277, state=RUNNING).
[2026-05-09 12:05:08] WARNING lines in last 100: 0
[2026-05-09 12:05:08] === Monitor check complete ===
[2026-05-09 12:15:08] === Monitor check ===
[2026-05-09 12:15:08] Job 'finetune_k562plus10_striped_maskonly_3' is running (ID=3595277, state=RUNNING).
[2026-05-09 12:15:08] WARNING lines in last 100: 0
[2026-05-09 12:15:08] === Monitor check complete ===
[2026-05-09 12:25:08] === Monitor check ===
[2026-05-09 12:25:09] Job 'finetune_k562plus10_striped_maskonly_3' is running (ID=3595277, state=RUNNING).
[2026-05-09 12:25:09] WARNING lines in last 100: 0
[2026-05-09 12:25:09] === Monitor check complete ===
[2026-05-09 12:35:09] === Monitor check ===
[2026-05-09 12:35:09] Job 'finetune_k562plus10_striped_maskonly_3' is running (ID=3595277, state=RUNNING).
[2026-05-09 12:35:09] WARNING lines in last 100: 0
[2026-05-09 12:35:09] === Monitor check complete ===
[2026-05-09 12:45:09] === Monitor check ===
[2026-05-09 12:45:09] Job 'finetune_k562plus10_striped_maskonly_3' is running (ID=3595277, state=RUNNING).
[2026-05-09 12:45:09] WARNING lines in last 100: 0
[2026-05-09 12:45:09] === Monitor check complete ===
[2026-05-09 12:55:09] === Monitor check ===
[2026-05-09 12:55:09] Job 'finetune_k562plus10_striped_maskonly_3' is running (ID=3595277, state=RUNNING).
[2026-05-09 12:55:09] WARNING lines in last 100: 0
[2026-05-09 12:55:09] === Monitor check complete ===
[2026-05-09 13:05:09] === Monitor check ===
[2026-05-09 13:05:09] Job 'finetune_k562plus10_striped_maskonly_3' is running (ID=3595277, state=RUNNING).
[2026-05-09 13:05:09] WARNING lines in last 100: 0
[2026-05-09 13:05:09] === Monitor check complete ===
[2026-05-09 13:15:09] === Monitor check ===
[2026-05-09 13:15:09] Job 'finetune_k562plus10_striped_maskonly_3' is running (ID=3595277, state=RUNNING).
[2026-05-09 13:15:09] WARNING lines in last 100: 0
[2026-05-09 13:15:09] === Monitor check complete ===
[2026-05-09 13:25:09] === Monitor check ===
[2026-05-09 13:25:10] Job 'finetune_k562plus10_striped_maskonly_3' is running (ID=3595277, state=RUNNING).
[2026-05-09 13:25:10] WARNING lines in last 100: 0
[2026-05-09 13:25:10] === Monitor check complete ===
[2026-05-09 13:35:10] === Monitor check ===
[2026-05-09 13:35:10] Job 'finetune_k562plus10_striped_maskonly_3' is running (ID=3595277, state=RUNNING).
[2026-05-09 13:35:10] WARNING lines in last 100: 0
[2026-05-09 13:35:10] === Monitor check complete ===
[2026-05-09 13:45:10] === Monitor check ===
[2026-05-09 13:45:10] Job 'finetune_k562plus10_striped_maskonly_3' is running (ID=3595277, state=RUNNING).
[2026-05-09 13:45:10] WARNING lines in last 100: 0
[2026-05-09 13:45:10] === Monitor check complete ===
[2026-05-09 13:55:10] === Monitor check ===
[2026-05-09 13:55:10] Job 'finetune_k562plus10_striped_maskonly_3' is running (ID=3595277, state=RUNNING).
[2026-05-09 13:55:10] WARNING lines in last 100: 0
[2026-05-09 13:55:10] === Monitor check complete ===
[2026-05-09 14:05:10] === Monitor check ===
[2026-05-09 14:05:10] Job 'finetune_k562plus10_striped_maskonly_3' is running (ID=3595277, state=RUNNING).
[2026-05-09 14:05:10] WARNING lines in last 100: 0
[2026-05-09 14:05:10] === Monitor check complete ===
[2026-05-09 14:15:10] === Monitor check ===
[2026-05-09 14:15:10] Job 'finetune_k562plus10_striped_maskonly_3' is running (ID=3595277, state=RUNNING).
[2026-05-09 14:15:11] WARNING lines in last 100: 0
[2026-05-09 14:15:11] === Monitor check complete ===
[2026-05-09 14:25:11] === Monitor check ===
[2026-05-09 14:25:11] Job 'finetune_k562plus10_striped_maskonly_3' is not running.
[2026-05-09 14:25:11] Latest output file: /data1/lesliec/sarthak/caduceus/jobs/3595277-finetune_k562plus10_striped_maskonly_3.out
[2026-05-09 14:25:11] Using checkpoint: /data1/lesliec/sarthak/caduceus/outputs/2026-05-09/03-06-02-390220/checkpoints/02-step=16250.ckpt
[2026-05-09 14:25:11] Submitting: seed=2248  ckpt=/data1/lesliec/sarthak/caduceus/outputs/2026-05-09/03-06-02-390220/checkpoints/02-step=16250.ckpt
[2026-05-09 14:25:11] Submitted job 3747762. Incrementing seed to 2249.
[2026-05-09 14:25:11] === Monitor check complete ===
[2026-05-09 14:35:11] === Monitor check ===
[2026-05-09 14:35:11] Job 'finetune_k562plus10_striped_maskonly_3' is running (ID=3747762, state=RUNNING).
[2026-05-09 14:35:11] WARNING lines in last 100: 0
[2026-05-09 14:35:11] === Monitor check complete ===
[2026-05-09 14:45:11] === Monitor check ===
[2026-05-09 14:45:11] Job 'finetune_k562plus10_striped_maskonly_3' is running (ID=3747762, state=RUNNING).
[2026-05-09 14:45:11] WARNING lines in last 100: 0
[2026-05-09 14:45:11] === Monitor check complete ===
[2026-05-09 14:55:11] === Monitor check ===
[2026-05-09 14:55:11] Job 'finetune_k562plus10_striped_maskonly_3' is running (ID=3747762, state=RUNNING).
[2026-05-09 14:55:11] WARNING lines in last 100: 0
[2026-05-09 14:55:11] === Monitor check complete ===
[2026-05-09 15:05:11] === Monitor check ===
[2026-05-09 15:05:11] Job 'finetune_k562plus10_striped_maskonly_3' is running (ID=3747762, state=RUNNING).
[2026-05-09 15:05:11] WARNING lines in last 100: 0
[2026-05-09 15:05:11] === Monitor check complete ===
[2026-05-09 15:15:11] === Monitor check ===
[2026-05-09 15:15:11] Job 'finetune_k562plus10_striped_maskonly_3' is running (ID=3747762, state=RUNNING).
[2026-05-09 15:15:11] WARNING lines in last 100: 0
[2026-05-09 15:15:11] === Monitor check complete ===
[2026-05-09 15:25:11] === Monitor check ===
[2026-05-09 15:25:11] Job 'finetune_k562plus10_striped_maskonly_3' is running (ID=3747762, state=RUNNING).
[2026-05-09 15:25:11] WARNING lines in last 100: 0
[2026-05-09 15:25:11] === Monitor check complete ===
[2026-05-09 15:35:11] === Monitor check ===
[2026-05-09 15:35:11] Job 'finetune_k562plus10_striped_maskonly_3' is running (ID=3747762, state=RUNNING).
[2026-05-09 15:35:11] WARNING lines in last 100: 0
[2026-05-09 15:35:11] === Monitor check complete ===
[2026-05-09 15:45:11] === Monitor check ===
[2026-05-09 15:45:11] Job 'finetune_k562plus10_striped_maskonly_3' is running (ID=3747762, state=RUNNING).
[2026-05-09 15:45:11] WARNING lines in last 100: 0
[2026-05-09 15:45:11] === Monitor check complete ===
[2026-05-09 15:55:12] === Monitor check ===
[2026-05-09 15:55:12] Job 'finetune_k562plus10_striped_maskonly_3' is running (ID=3747762, state=RUNNING).
[2026-05-09 15:55:12] WARNING lines in last 100: 0
[2026-05-09 15:55:12] === Monitor check complete ===
[2026-05-09 16:05:12] === Monitor check ===
[2026-05-09 16:05:12] Job 'finetune_k562plus10_striped_maskonly_3' is running (ID=3747762, state=RUNNING).
[2026-05-09 16:05:12] WARNING lines in last 100: 0
[2026-05-09 16:05:12] === Monitor check complete ===
[2026-05-09 16:15:12] === Monitor check ===
[2026-05-09 16:15:12] Job 'finetune_k562plus10_striped_maskonly_3' is running (ID=3747762, state=RUNNING).
[2026-05-09 16:15:12] WARNING lines in last 100: 0
[2026-05-09 16:15:12] === Monitor check complete ===
[2026-05-09 16:25:12] === Monitor check ===
[2026-05-09 16:25:12] Job 'finetune_k562plus10_striped_maskonly_3' is running (ID=3747762, state=RUNNING).
[2026-05-09 16:25:12] WARNING lines in last 100: 0
[2026-05-09 16:25:12] === Monitor check complete ===
[2026-05-09 16:35:12] === Monitor check ===
[2026-05-09 16:35:12] Job 'finetune_k562plus10_striped_maskonly_3' is running (ID=3747762, state=RUNNING).
[2026-05-09 16:35:12] WARNING lines in last 100: 0
[2026-05-09 16:35:12] === Monitor check complete ===
[2026-05-09 16:45:12] === Monitor check ===
[2026-05-09 16:45:12] Job 'finetune_k562plus10_striped_maskonly_3' is running (ID=3747762, state=RUNNING).
[2026-05-09 16:45:12] WARNING lines in last 100: 0
[2026-05-09 16:45:12] === Monitor check complete ===
[2026-05-09 16:55:12] === Monitor check ===
[2026-05-09 16:55:12] Job 'finetune_k562plus10_striped_maskonly_3' is running (ID=3747762, state=RUNNING).
[2026-05-09 16:55:12] WARNING lines in last 100: 0
[2026-05-09 16:55:12] === Monitor check complete ===
[2026-05-09 17:05:12] === Monitor check ===
[2026-05-09 17:05:12] Job 'finetune_k562plus10_striped_maskonly_3' is running (ID=3747762, state=RUNNING).
[2026-05-09 17:05:12] WARNING lines in last 100: 0
[2026-05-09 17:05:12] === Monitor check complete ===
[2026-05-09 17:15:12] === Monitor check ===
[2026-05-09 17:15:12] Job 'finetune_k562plus10_striped_maskonly_3' is running (ID=3747762, state=RUNNING).
[2026-05-09 17:15:12] WARNING lines in last 100: 0
[2026-05-09 17:15:12] === Monitor check complete ===
[2026-05-09 17:25:12] === Monitor check ===
[2026-05-09 17:25:12] Job 'finetune_k562plus10_striped_maskonly_3' is running (ID=3747762, state=RUNNING).
[2026-05-09 17:25:12] WARNING lines in last 100: 0
[2026-05-09 17:25:12] === Monitor check complete ===
[2026-05-09 17:35:12] === Monitor check ===
[2026-05-09 17:35:12] Job 'finetune_k562plus10_striped_maskonly_3' is running (ID=3747762, state=RUNNING).
[2026-05-09 17:35:12] WARNING lines in last 100: 0
[2026-05-09 17:35:12] === Monitor check complete ===
[2026-05-09 17:45:12] === Monitor check ===
[2026-05-09 17:45:13] Job 'finetune_k562plus10_striped_maskonly_3' is running (ID=3747762, state=RUNNING).
[2026-05-09 17:45:13] WARNING lines in last 100: 0
[2026-05-09 17:45:13] === Monitor check complete ===
[2026-05-09 17:55:13] === Monitor check ===
[2026-05-09 17:55:13] Job 'finetune_k562plus10_striped_maskonly_3' is running (ID=3747762, state=RUNNING).
[2026-05-09 17:55:13] WARNING lines in last 100: 0
[2026-05-09 17:55:13] === Monitor check complete ===
[2026-05-09 18:05:13] === Monitor check ===
[2026-05-09 18:05:13] Job 'finetune_k562plus10_striped_maskonly_3' is running (ID=3747762, state=RUNNING).
[2026-05-09 18:05:13] WARNING lines in last 100: 0
[2026-05-09 18:05:13] === Monitor check complete ===
[2026-05-09 18:15:13] === Monitor check ===
[2026-05-09 18:15:13] Job 'finetune_k562plus10_striped_maskonly_3' is running (ID=3747762, state=RUNNING).
[2026-05-09 18:15:13] WARNING lines in last 100: 0
[2026-05-09 18:15:13] === Monitor check complete ===
[2026-05-09 18:25:13] === Monitor check ===
[2026-05-09 18:25:13] Job 'finetune_k562plus10_striped_maskonly_3' is running (ID=3747762, state=RUNNING).
[2026-05-09 18:25:13] WARNING lines in last 100: 0
[2026-05-09 18:25:13] === Monitor check complete ===
[2026-05-09 18:35:13] === Monitor check ===
[2026-05-09 18:35:13] Job 'finetune_k562plus10_striped_maskonly_3' is running (ID=3747762, state=RUNNING).
[2026-05-09 18:35:13] WARNING lines in last 100: 0
[2026-05-09 18:35:13] === Monitor check complete ===
[2026-05-09 18:45:13] === Monitor check ===
[2026-05-09 18:45:13] Job 'finetune_k562plus10_striped_maskonly_3' is running (ID=3747762, state=RUNNING).
[2026-05-09 18:45:13] WARNING lines in last 100: 0
[2026-05-09 18:45:13] === Monitor check complete ===
[2026-05-09 18:55:13] === Monitor check ===
[2026-05-09 18:55:13] Job 'finetune_k562plus10_striped_maskonly_3' is running (ID=3747762, state=RUNNING).
[2026-05-09 18:55:13] WARNING lines in last 100: 0
[2026-05-09 18:55:13] === Monitor check complete ===
[2026-05-09 19:05:13] === Monitor check ===
[2026-05-09 19:05:13] Job 'finetune_k562plus10_striped_maskonly_3' is running (ID=3747762, state=RUNNING).
[2026-05-09 19:05:13] WARNING lines in last 100: 0
[2026-05-09 19:05:13] === Monitor check complete ===
[2026-05-09 19:15:13] === Monitor check ===
[2026-05-09 19:15:14] Job 'finetune_k562plus10_striped_maskonly_3' is running (ID=3747762, state=RUNNING).
[2026-05-09 19:15:14] WARNING lines in last 100: 0
[2026-05-09 19:15:14] === Monitor check complete ===
[2026-05-09 19:25:14] === Monitor check ===
[2026-05-09 19:25:14] Job 'finetune_k562plus10_striped_maskonly_3' is running (ID=3747762, state=RUNNING).
[2026-05-09 19:25:14] WARNING lines in last 100: 0
[2026-05-09 19:25:14] === Monitor check complete ===
[2026-05-09 19:35:14] === Monitor check ===
[2026-05-09 19:35:14] Job 'finetune_k562plus10_striped_maskonly_3' is running (ID=3747762, state=RUNNING).
[2026-05-09 19:35:14] WARNING lines in last 100: 0
[2026-05-09 19:35:14] === Monitor check complete ===
[2026-05-09 19:45:14] === Monitor check ===
[2026-05-09 19:45:14] Job 'finetune_k562plus10_striped_maskonly_3' is running (ID=3747762, state=RUNNING).
[2026-05-09 19:45:14] WARNING lines in last 100: 0
[2026-05-09 19:45:14] === Monitor check complete ===
[2026-05-09 19:55:14] === Monitor check ===
[2026-05-09 19:55:14] Job 'finetune_k562plus10_striped_maskonly_3' is running (ID=3747762, state=RUNNING).
[2026-05-09 19:55:14] WARNING lines in last 100: 0
[2026-05-09 19:55:14] === Monitor check complete ===
[2026-05-09 20:05:14] === Monitor check ===
[2026-05-09 20:05:14] Job 'finetune_k562plus10_striped_maskonly_3' is running (ID=3747762, state=RUNNING).
[2026-05-09 20:05:14] WARNING lines in last 100: 0
[2026-05-09 20:05:14] === Monitor check complete ===
[2026-05-09 20:15:14] === Monitor check ===
[2026-05-09 20:15:14] Job 'finetune_k562plus10_striped_maskonly_3' is running (ID=3747762, state=RUNNING).
[2026-05-09 20:15:14] WARNING lines in last 100: 0
[2026-05-09 20:15:14] === Monitor check complete ===
[2026-05-09 20:25:14] === Monitor check ===
[2026-05-09 20:25:14] Job 'finetune_k562plus10_striped_maskonly_3' is running (ID=3747762, state=RUNNING).
[2026-05-09 20:25:14] WARNING lines in last 100: 0
[2026-05-09 20:25:14] === Monitor check complete ===
[2026-05-09 20:35:14] === Monitor check ===
[2026-05-09 20:35:15] Job 'finetune_k562plus10_striped_maskonly_3' is running (ID=3747762, state=RUNNING).
[2026-05-09 20:35:15] WARNING lines in last 100: 0
[2026-05-09 20:35:15] === Monitor check complete ===
[2026-05-09 20:45:15] === Monitor check ===
[2026-05-09 20:45:15] Job 'finetune_k562plus10_striped_maskonly_3' is running (ID=3747762, state=RUNNING).
[2026-05-09 20:45:15] WARNING lines in last 100: 0
[2026-05-09 20:45:15] === Monitor check complete ===
[2026-05-09 20:55:15] === Monitor check ===
[2026-05-09 20:55:15] Job 'finetune_k562plus10_striped_maskonly_3' is running (ID=3747762, state=RUNNING).
[2026-05-09 20:55:15] WARNING lines in last 100: 0
[2026-05-09 20:55:15] === Monitor check complete ===
[2026-05-09 21:05:15] === Monitor check ===
[2026-05-09 21:05:15] Job 'finetune_k562plus10_striped_maskonly_3' is running (ID=3747762, state=RUNNING).
[2026-05-09 21:05:15] WARNING lines in last 100: 0
[2026-05-09 21:05:15] === Monitor check complete ===
[2026-05-09 21:15:15] === Monitor check ===
[2026-05-09 21:15:15] Job 'finetune_k562plus10_striped_maskonly_3' is running (ID=3747762, state=RUNNING).
[2026-05-09 21:15:15] WARNING lines in last 100: 0
[2026-05-09 21:15:15] === Monitor check complete ===
[2026-05-09 21:25:15] === Monitor check ===
[2026-05-09 21:25:15] Job 'finetune_k562plus10_striped_maskonly_3' is running (ID=3747762, state=RUNNING).
[2026-05-09 21:25:15] WARNING lines in last 100: 0
[2026-05-09 21:25:15] === Monitor check complete ===
[2026-05-09 21:35:15] === Monitor check ===
[2026-05-09 21:35:15] Job 'finetune_k562plus10_striped_maskonly_3' is running (ID=3747762, state=RUNNING).
[2026-05-09 21:35:15] WARNING lines in last 100: 0
[2026-05-09 21:35:15] === Monitor check complete ===
[2026-05-09 21:45:15] === Monitor check ===
[2026-05-09 21:45:16] Job 'finetune_k562plus10_striped_maskonly_3' is running (ID=3747762, state=RUNNING).
[2026-05-09 21:45:16] WARNING lines in last 100: 0
[2026-05-09 21:45:16] === Monitor check complete ===
[2026-05-09 21:55:16] === Monitor check ===
[2026-05-09 21:55:16] Job 'finetune_k562plus10_striped_maskonly_3' is running (ID=3747762, state=RUNNING).
[2026-05-09 21:55:16] WARNING lines in last 100: 0
[2026-05-09 21:55:16] === Monitor check complete ===
[2026-05-09 22:05:16] === Monitor check ===
[2026-05-09 22:05:16] Job 'finetune_k562plus10_striped_maskonly_3' is running (ID=3747762, state=RUNNING).
[2026-05-09 22:05:16] WARNING lines in last 100: 0
[2026-05-09 22:05:16] === Monitor check complete ===
[2026-05-09 22:15:16] === Monitor check ===
[2026-05-09 22:15:16] Job 'finetune_k562plus10_striped_maskonly_3' is running (ID=3747762, state=RUNNING).
[2026-05-09 22:15:16] WARNING lines in last 100: 0
[2026-05-09 22:15:16] === Monitor check complete ===
[2026-05-09 22:25:16] === Monitor check ===
[2026-05-09 22:25:16] Job 'finetune_k562plus10_striped_maskonly_3' is running (ID=3747762, state=RUNNING).
[2026-05-09 22:25:16] WARNING lines in last 100: 0
[2026-05-09 22:25:16] === Monitor check complete ===
[2026-05-09 22:35:16] === Monitor check ===
[2026-05-09 22:35:16] Job 'finetune_k562plus10_striped_maskonly_3' is running (ID=3747762, state=RUNNING).
[2026-05-09 22:35:16] WARNING lines in last 100: 0
[2026-05-09 22:35:16] === Monitor check complete ===
[2026-05-09 22:45:16] === Monitor check ===
[2026-05-09 22:45:16] Job 'finetune_k562plus10_striped_maskonly_3' is running (ID=3747762, state=RUNNING).
[2026-05-09 22:45:17] WARNING lines in last 100: 0
[2026-05-09 22:45:17] === Monitor check complete ===
[2026-05-09 22:55:17] === Monitor check ===
[2026-05-09 22:55:17] Job 'finetune_k562plus10_striped_maskonly_3' is running (ID=3747762, state=RUNNING).
[2026-05-09 22:55:17] WARNING lines in last 100: 0
[2026-05-09 22:55:17] === Monitor check complete ===
[2026-05-09 23:05:17] === Monitor check ===
[2026-05-09 23:05:17] Job 'finetune_k562plus10_striped_maskonly_3' is running (ID=3747762, state=RUNNING).
[2026-05-09 23:05:17] WARNING lines in last 100: 0
[2026-05-09 23:05:17] === Monitor check complete ===
[2026-05-09 23:15:17] === Monitor check ===
[2026-05-09 23:15:17] Job 'finetune_k562plus10_striped_maskonly_3' is running (ID=3747762, state=RUNNING).
[2026-05-09 23:15:17] WARNING lines in last 100: 0
[2026-05-09 23:15:17] === Monitor check complete ===
[2026-05-09 23:25:17] === Monitor check ===
[2026-05-09 23:25:17] Job 'finetune_k562plus10_striped_maskonly_3' is running (ID=3747762, state=RUNNING).
[2026-05-09 23:25:17] WARNING lines in last 100: 0
[2026-05-09 23:25:17] === Monitor check complete ===
[2026-05-09 23:35:17] === Monitor check ===
[2026-05-09 23:35:17] Job 'finetune_k562plus10_striped_maskonly_3' is running (ID=3747762, state=RUNNING).
[2026-05-09 23:35:17] WARNING lines in last 100: 0
[2026-05-09 23:35:17] === Monitor check complete ===
[2026-05-09 23:45:17] === Monitor check ===
[2026-05-09 23:45:17] Job 'finetune_k562plus10_striped_maskonly_3' is running (ID=3747762, state=RUNNING).
[2026-05-09 23:45:18] WARNING lines in last 100: 0
[2026-05-09 23:45:18] === Monitor check complete ===
[2026-05-09 23:55:18] === Monitor check ===
[2026-05-09 23:55:18] Job 'finetune_k562plus10_striped_maskonly_3' is running (ID=3747762, state=RUNNING).
[2026-05-09 23:55:18] WARNING lines in last 100: 0
[2026-05-09 23:55:18] === Monitor check complete ===
[2026-05-10 00:05:18] === Monitor check ===
[2026-05-10 00:05:18] Job 'finetune_k562plus10_striped_maskonly_3' is running (ID=3747762, state=RUNNING).
[2026-05-10 00:05:18] WARNING lines in last 100: 0
[2026-05-10 00:05:18] === Monitor check complete ===
[2026-05-10 00:15:18] === Monitor check ===
[2026-05-10 00:15:18] Job 'finetune_k562plus10_striped_maskonly_3' is running (ID=3747762, state=RUNNING).
[2026-05-10 00:15:18] WARNING lines in last 100: 0
[2026-05-10 00:15:18] === Monitor check complete ===
[2026-05-10 00:25:18] === Monitor check ===
[2026-05-10 00:25:18] Job 'finetune_k562plus10_striped_maskonly_3' is running (ID=3747762, state=RUNNING).
[2026-05-10 00:25:18] WARNING lines in last 100: 0
[2026-05-10 00:25:18] === Monitor check complete ===
[2026-05-10 00:35:18] === Monitor check ===
[2026-05-10 00:35:18] Job 'finetune_k562plus10_striped_maskonly_3' is running (ID=3747762, state=RUNNING).
[2026-05-10 00:35:19] WARNING lines in last 100: 0
[2026-05-10 00:35:19] === Monitor check complete ===
[2026-05-10 00:45:19] === Monitor check ===
[2026-05-10 00:45:19] Job 'finetune_k562plus10_striped_maskonly_3' is running (ID=3747762, state=RUNNING).
[2026-05-10 00:45:19] WARNING lines in last 100: 0
[2026-05-10 00:45:19] === Monitor check complete ===
[2026-05-10 00:55:19] === Monitor check ===
[2026-05-10 00:55:19] Job 'finetune_k562plus10_striped_maskonly_3' is running (ID=3747762, state=RUNNING).
[2026-05-10 00:55:19] WARNING lines in last 100: 0
[2026-05-10 00:55:19] === Monitor check complete ===
[2026-05-10 01:05:19] === Monitor check ===
[2026-05-10 01:05:19] Job 'finetune_k562plus10_striped_maskonly_3' is running (ID=3747762, state=RUNNING).
[2026-05-10 01:05:19] WARNING lines in last 100: 0
[2026-05-10 01:05:19] === Monitor check complete ===
[2026-05-10 01:15:19] === Monitor check ===
[2026-05-10 01:15:19] Job 'finetune_k562plus10_striped_maskonly_3' is running (ID=3747762, state=RUNNING).
[2026-05-10 01:15:19] WARNING lines in last 100: 0
[2026-05-10 01:15:19] === Monitor check complete ===
[2026-05-10 01:25:19] === Monitor check ===
[2026-05-10 01:25:19] Job 'finetune_k562plus10_striped_maskonly_3' is running (ID=3747762, state=RUNNING).
[2026-05-10 01:25:20] WARNING lines in last 100: 0
[2026-05-10 01:25:20] === Monitor check complete ===
[2026-05-10 01:35:20] === Monitor check ===
[2026-05-10 01:35:20] Job 'finetune_k562plus10_striped_maskonly_3' is running (ID=3747762, state=RUNNING).
[2026-05-10 01:35:20] WARNING lines in last 100: 0
[2026-05-10 01:35:20] === Monitor check complete ===
[2026-05-10 01:45:20] === Monitor check ===
[2026-05-10 01:45:20] Job 'finetune_k562plus10_striped_maskonly_3' is running (ID=3747762, state=RUNNING).
[2026-05-10 01:45:20] WARNING lines in last 100: 0
[2026-05-10 01:45:20] === Monitor check complete ===
[2026-05-10 01:55:20] === Monitor check ===
[2026-05-10 01:55:20] Job 'finetune_k562plus10_striped_maskonly_3' is running (ID=3747762, state=RUNNING).
[2026-05-10 01:55:21] WARNING lines in last 100: 0
[2026-05-10 01:55:21] === Monitor check complete ===
[2026-05-10 02:05:21] === Monitor check ===
[2026-05-10 02:05:21] Job 'finetune_k562plus10_striped_maskonly_3' is running (ID=3747762, state=RUNNING).
[2026-05-10 02:05:21] WARNING lines in last 100: 0
[2026-05-10 02:05:21] === Monitor check complete ===
[2026-05-10 02:15:21] === Monitor check ===
[2026-05-10 02:15:21] Job 'finetune_k562plus10_striped_maskonly_3' is running (ID=3747762, state=RUNNING).
[2026-05-10 02:15:21] WARNING lines in last 100: 0
[2026-05-10 02:15:21] === Monitor check complete ===
[2026-05-10 02:25:21] === Monitor check ===
[2026-05-10 02:25:22] Job 'finetune_k562plus10_striped_maskonly_3' is running (ID=3747762, state=RUNNING).
[2026-05-10 02:25:22] WARNING lines in last 100: 0
[2026-05-10 02:25:22] === Monitor check complete ===
[2026-05-10 02:35:22] === Monitor check ===
[2026-05-10 02:35:22] Job 'finetune_k562plus10_striped_maskonly_3' is running (ID=3747762, state=RUNNING).
[2026-05-10 02:35:22] WARNING lines in last 100: 0
[2026-05-10 02:35:22] === Monitor check complete ===
[2026-05-10 02:45:22] === Monitor check ===
[2026-05-10 02:45:22] Job 'finetune_k562plus10_striped_maskonly_3' is running (ID=3747762, state=RUNNING).
[2026-05-10 02:45:22] WARNING lines in last 100: 0
[2026-05-10 02:45:22] === Monitor check complete ===
[2026-05-10 02:55:22] === Monitor check ===
[2026-05-10 02:55:22] Job 'finetune_k562plus10_striped_maskonly_3' is running (ID=3747762, state=RUNNING).
[2026-05-10 02:55:23] WARNING lines in last 100: 0
[2026-05-10 02:55:23] === Monitor check complete ===
[2026-05-10 03:05:23] === Monitor check ===
[2026-05-10 03:05:23] Job 'finetune_k562plus10_striped_maskonly_3' is running (ID=3747762, state=RUNNING).
[2026-05-10 03:05:23] WARNING lines in last 100: 0
[2026-05-10 03:05:23] === Monitor check complete ===
[2026-05-10 03:15:23] === Monitor check ===
[2026-05-10 03:15:23] Job 'finetune_k562plus10_striped_maskonly_3' is running (ID=3747762, state=RUNNING).
[2026-05-10 03:15:24] WARNING lines in last 100: 0
[2026-05-10 03:15:24] === Monitor check complete ===
[2026-05-10 03:25:24] === Monitor check ===
[2026-05-10 03:25:24] Job 'finetune_k562plus10_striped_maskonly_3' is running (ID=3747762, state=RUNNING).
[2026-05-10 03:25:24] WARNING lines in last 100: 0
[2026-05-10 03:25:24] === Monitor check complete ===
[2026-05-10 03:35:24] === Monitor check ===
[2026-05-10 03:35:24] Job 'finetune_k562plus10_striped_maskonly_3' is running (ID=3747762, state=RUNNING).
[2026-05-10 03:35:25] WARNING lines in last 100: 0
[2026-05-10 03:35:25] === Monitor check complete ===
[2026-05-10 03:45:25] === Monitor check ===
[2026-05-10 03:45:25] Job 'finetune_k562plus10_striped_maskonly_3' is running (ID=3747762, state=RUNNING).
[2026-05-10 03:45:25] WARNING lines in last 100: 0
[2026-05-10 03:45:25] === Monitor check complete ===
[2026-05-10 03:55:25] === Monitor check ===
[2026-05-10 03:55:25] Job 'finetune_k562plus10_striped_maskonly_3' is running (ID=3747762, state=RUNNING).
[2026-05-10 03:55:25] WARNING lines in last 100: 0
[2026-05-10 03:55:25] === Monitor check complete ===
[2026-05-10 04:05:25] === Monitor check ===
[2026-05-10 04:05:25] Job 'finetune_k562plus10_striped_maskonly_3' is running (ID=3747762, state=RUNNING).
[2026-05-10 04:05:26] WARNING lines in last 100: 0
[2026-05-10 04:05:26] === Monitor check complete ===
[2026-05-10 04:15:26] === Monitor check ===
[2026-05-10 04:15:26] Job 'finetune_k562plus10_striped_maskonly_3' is running (ID=3747762, state=RUNNING).
[2026-05-10 04:15:26] WARNING lines in last 100: 0
[2026-05-10 04:15:26] === Monitor check complete ===
[2026-05-10 04:25:26] === Monitor check ===
[2026-05-10 04:25:26] Job 'finetune_k562plus10_striped_maskonly_3' is running (ID=3747762, state=RUNNING).
[2026-05-10 04:25:26] WARNING lines in last 100: 1
[2026-05-10 04:25:26] === Monitor check complete ===
[2026-05-10 04:35:26] === Monitor check ===
[2026-05-10 04:35:26] Job 'finetune_k562plus10_striped_maskonly_3' is running (ID=3747762, state=RUNNING).
[2026-05-10 04:35:27] WARNING lines in last 100: 1
[2026-05-10 04:35:27] === Monitor check complete ===
[2026-05-10 04:45:27] === Monitor check ===
[2026-05-10 04:45:27] Job 'finetune_k562plus10_striped_maskonly_3' is running (ID=3747762, state=RUNNING).
[2026-05-10 04:45:27] WARNING lines in last 100: 1
[2026-05-10 04:45:27] === Monitor check complete ===
[2026-05-10 04:55:27] === Monitor check ===
[2026-05-10 04:55:27] Job 'finetune_k562plus10_striped_maskonly_3' is not running.
[2026-05-10 04:55:27] Latest output file: /data1/lesliec/sarthak/caduceus/jobs/3747762-finetune_k562plus10_striped_maskonly_3.out
[2026-05-10 04:55:27] Using checkpoint: /data1/lesliec/sarthak/caduceus/outputs/2026-05-09/14-25-27-927430/checkpoints/02-step=16750.ckpt
[2026-05-10 04:55:27] Submitting: seed=2249  ckpt=/data1/lesliec/sarthak/caduceus/outputs/2026-05-09/14-25-27-927430/checkpoints/02-step=16750.ckpt
[2026-05-10 04:55:27] Submitted job 3909665. Incrementing seed to 2250.
[2026-05-10 04:55:27] === Monitor check complete ===
[2026-05-10 05:05:27] === Monitor check ===
[2026-05-10 05:05:27] Job 'finetune_k562plus10_striped_maskonly_3' is running (ID=3909665, state=RUNNING).
[2026-05-10 05:05:27] WARNING lines in last 100: 0
[2026-05-10 05:05:27] === Monitor check complete ===
[2026-05-10 05:15:27] === Monitor check ===
[2026-05-10 05:15:27] Job 'finetune_k562plus10_striped_maskonly_3' is running (ID=3909665, state=RUNNING).
[2026-05-10 05:15:27] WARNING lines in last 100: 1
[2026-05-10 05:15:27] === Monitor check complete ===
[2026-05-10 05:25:27] === Monitor check ===
[2026-05-10 05:25:27] Job 'finetune_k562plus10_striped_maskonly_3' is running (ID=3909665, state=RUNNING).
[2026-05-10 05:25:27] WARNING lines in last 100: 1
[2026-05-10 05:25:27] === Monitor check complete ===
[2026-05-10 05:35:27] === Monitor check ===
[2026-05-10 05:35:27] Job 'finetune_k562plus10_striped_maskonly_3' is running (ID=3909665, state=RUNNING).
[2026-05-10 05:35:27] WARNING lines in last 100: 1
[2026-05-10 05:35:27] === Monitor check complete ===
[2026-05-10 05:45:27] === Monitor check ===
[2026-05-10 05:45:27] Job 'finetune_k562plus10_striped_maskonly_3' is not running.
[2026-05-10 05:45:27] Latest output file: /data1/lesliec/sarthak/caduceus/jobs/3909665-finetune_k562plus10_striped_maskonly_3.out
[2026-05-10 05:45:27] Using checkpoint: /data1/lesliec/sarthak/caduceus/outputs/2026-05-09/14-25-27-927430/checkpoints/02-step=16750.ckpt
[2026-05-10 05:45:27] Submitting: seed=2250  ckpt=/data1/lesliec/sarthak/caduceus/outputs/2026-05-09/14-25-27-927430/checkpoints/02-step=16750.ckpt
[2026-05-10 05:45:28] Submitted job 3919157. Incrementing seed to 2251.
[2026-05-10 05:45:28] === Monitor check complete ===
[2026-05-10 05:55:28] === Monitor check ===
[2026-05-10 05:55:28] Job 'finetune_k562plus10_striped_maskonly_3' is running (ID=3919157, state=RUNNING).
[2026-05-10 05:55:28] WARNING lines in last 100: 0
[2026-05-10 05:55:28] === Monitor check complete ===
[2026-05-10 06:05:28] === Monitor check ===
[2026-05-10 06:05:28] Job 'finetune_k562plus10_striped_maskonly_3' is running (ID=3919157, state=RUNNING).
[2026-05-10 06:05:28] WARNING lines in last 100: 0
[2026-05-10 06:05:28] === Monitor check complete ===
[2026-05-10 06:15:28] === Monitor check ===
[2026-05-10 06:15:28] Job 'finetune_k562plus10_striped_maskonly_3' is running (ID=3919157, state=RUNNING).
[2026-05-10 06:15:28] WARNING lines in last 100: 0
[2026-05-10 06:15:28] === Monitor check complete ===
[2026-05-10 06:25:28] === Monitor check ===
[2026-05-10 06:25:28] Job 'finetune_k562plus10_striped_maskonly_3' is running (ID=3919157, state=RUNNING).
[2026-05-10 06:25:28] WARNING lines in last 100: 0
[2026-05-10 06:25:28] === Monitor check complete ===
[2026-05-10 06:35:28] === Monitor check ===
[2026-05-10 06:35:28] Job 'finetune_k562plus10_striped_maskonly_3' is running (ID=3919157, state=RUNNING).
[2026-05-10 06:35:28] WARNING lines in last 100: 0
[2026-05-10 06:35:28] === Monitor check complete ===
[2026-05-10 06:45:28] === Monitor check ===
[2026-05-10 06:45:28] Job 'finetune_k562plus10_striped_maskonly_3' is running (ID=3919157, state=RUNNING).
[2026-05-10 06:45:28] WARNING lines in last 100: 0
[2026-05-10 06:45:28] === Monitor check complete ===
[2026-05-10 06:55:28] === Monitor check ===
[2026-05-10 06:55:28] Job 'finetune_k562plus10_striped_maskonly_3' is running (ID=3919157, state=RUNNING).
[2026-05-10 06:55:28] WARNING lines in last 100: 0
[2026-05-10 06:55:28] === Monitor check complete ===
[2026-05-10 07:05:28] === Monitor check ===
[2026-05-10 07:05:28] Job 'finetune_k562plus10_striped_maskonly_3' is running (ID=3919157, state=RUNNING).
[2026-05-10 07:05:28] WARNING lines in last 100: 0
[2026-05-10 07:05:28] === Monitor check complete ===
[2026-05-10 07:15:28] === Monitor check ===
[2026-05-10 07:15:29] Job 'finetune_k562plus10_striped_maskonly_3' is running (ID=3919157, state=RUNNING).
[2026-05-10 07:15:29] WARNING lines in last 100: 0
[2026-05-10 07:15:29] === Monitor check complete ===
[2026-05-10 07:25:29] === Monitor check ===
[2026-05-10 07:25:29] Job 'finetune_k562plus10_striped_maskonly_3' is running (ID=3919157, state=RUNNING).
[2026-05-10 07:25:29] WARNING lines in last 100: 0
[2026-05-10 07:25:29] === Monitor check complete ===
[2026-05-10 07:35:29] === Monitor check ===
[2026-05-10 07:35:29] Job 'finetune_k562plus10_striped_maskonly_3' is running (ID=3919157, state=RUNNING).
[2026-05-10 07:35:29] WARNING lines in last 100: 0
[2026-05-10 07:35:29] === Monitor check complete ===
[2026-05-10 07:45:29] === Monitor check ===
[2026-05-10 07:45:29] Job 'finetune_k562plus10_striped_maskonly_3' is running (ID=3919157, state=RUNNING).
[2026-05-10 07:45:29] WARNING lines in last 100: 0
[2026-05-10 07:45:29] === Monitor check complete ===
[2026-05-10 07:55:29] === Monitor check ===
[2026-05-10 07:55:29] Job 'finetune_k562plus10_striped_maskonly_3' is running (ID=3919157, state=RUNNING).
[2026-05-10 07:55:29] WARNING lines in last 100: 0
[2026-05-10 07:55:29] === Monitor check complete ===
[2026-05-10 08:05:29] === Monitor check ===
[2026-05-10 08:05:29] Job 'finetune_k562plus10_striped_maskonly_3' is running (ID=3919157, state=RUNNING).
[2026-05-10 08:05:29] WARNING lines in last 100: 0
[2026-05-10 08:05:29] === Monitor check complete ===
[2026-05-10 08:15:29] === Monitor check ===
[2026-05-10 08:15:29] Job 'finetune_k562plus10_striped_maskonly_3' is running (ID=3919157, state=RUNNING).
[2026-05-10 08:15:29] WARNING lines in last 100: 0
[2026-05-10 08:15:29] === Monitor check complete ===
[2026-05-10 08:25:29] === Monitor check ===
[2026-05-10 08:25:29] Job 'finetune_k562plus10_striped_maskonly_3' is running (ID=3919157, state=RUNNING).
[2026-05-10 08:25:29] WARNING lines in last 100: 0
[2026-05-10 08:25:29] === Monitor check complete ===
[2026-05-10 08:35:29] === Monitor check ===
[2026-05-10 08:35:30] Job 'finetune_k562plus10_striped_maskonly_3' is running (ID=3919157, state=RUNNING).
[2026-05-10 08:35:30] WARNING lines in last 100: 0
[2026-05-10 08:35:30] === Monitor check complete ===
[2026-05-10 08:45:30] === Monitor check ===
[2026-05-10 08:45:30] Job 'finetune_k562plus10_striped_maskonly_3' is running (ID=3919157, state=RUNNING).
[2026-05-10 08:45:30] WARNING lines in last 100: 0
[2026-05-10 08:45:30] === Monitor check complete ===
[2026-05-10 08:55:30] === Monitor check ===
[2026-05-10 08:55:30] Job 'finetune_k562plus10_striped_maskonly_3' is running (ID=3919157, state=RUNNING).
[2026-05-10 08:55:30] WARNING lines in last 100: 0
[2026-05-10 08:55:30] === Monitor check complete ===
[2026-05-10 09:05:30] === Monitor check ===
[2026-05-10 09:05:30] Job 'finetune_k562plus10_striped_maskonly_3' is running (ID=3919157, state=RUNNING).
[2026-05-10 09:05:30] WARNING lines in last 100: 0
[2026-05-10 09:05:30] === Monitor check complete ===
[2026-05-10 09:15:30] === Monitor check ===
[2026-05-10 09:15:30] Job 'finetune_k562plus10_striped_maskonly_3' is running (ID=3919157, state=RUNNING).
[2026-05-10 09:15:30] WARNING lines in last 100: 0
[2026-05-10 09:15:30] === Monitor check complete ===
[2026-05-10 09:25:30] === Monitor check ===
[2026-05-10 09:25:30] Job 'finetune_k562plus10_striped_maskonly_3' is running (ID=3919157, state=RUNNING).
[2026-05-10 09:25:30] WARNING lines in last 100: 0
[2026-05-10 09:25:30] === Monitor check complete ===
[2026-05-10 09:35:30] === Monitor check ===
[2026-05-10 09:35:30] Job 'finetune_k562plus10_striped_maskonly_3' is running (ID=3919157, state=RUNNING).
[2026-05-10 09:35:31] WARNING lines in last 100: 0
[2026-05-10 09:35:31] === Monitor check complete ===
[2026-05-10 09:45:31] === Monitor check ===
[2026-05-10 09:45:31] Job 'finetune_k562plus10_striped_maskonly_3' is running (ID=3919157, state=RUNNING).
[2026-05-10 09:45:31] WARNING lines in last 100: 0
[2026-05-10 09:45:31] === Monitor check complete ===
[2026-05-10 09:55:31] === Monitor check ===
[2026-05-10 09:55:31] Job 'finetune_k562plus10_striped_maskonly_3' is running (ID=3919157, state=RUNNING).
[2026-05-10 09:55:31] WARNING lines in last 100: 0
[2026-05-10 09:55:31] === Monitor check complete ===
[2026-05-10 10:05:31] === Monitor check ===
[2026-05-10 10:05:31] Job 'finetune_k562plus10_striped_maskonly_3' is running (ID=3919157, state=RUNNING).
[2026-05-10 10:05:31] WARNING lines in last 100: 0
[2026-05-10 10:05:31] === Monitor check complete ===
[2026-05-10 10:15:31] === Monitor check ===
[2026-05-10 10:15:31] Job 'finetune_k562plus10_striped_maskonly_3' is running (ID=3919157, state=RUNNING).
[2026-05-10 10:15:31] WARNING lines in last 100: 0
[2026-05-10 10:15:31] === Monitor check complete ===
[2026-05-10 10:25:31] === Monitor check ===
[2026-05-10 10:25:31] Job 'finetune_k562plus10_striped_maskonly_3' is running (ID=3919157, state=RUNNING).
[2026-05-10 10:25:31] WARNING lines in last 100: 0
[2026-05-10 10:25:31] === Monitor check complete ===
[2026-05-10 10:35:31] === Monitor check ===
[2026-05-10 10:35:31] Job 'finetune_k562plus10_striped_maskonly_3' is running (ID=3919157, state=RUNNING).
[2026-05-10 10:35:31] WARNING lines in last 100: 0
[2026-05-10 10:35:31] === Monitor check complete ===
[2026-05-10 10:45:31] === Monitor check ===
[2026-05-10 10:45:31] Job 'finetune_k562plus10_striped_maskonly_3' is running (ID=3919157, state=RUNNING).
[2026-05-10 10:45:31] WARNING lines in last 100: 0
[2026-05-10 10:45:31] === Monitor check complete ===
[2026-05-10 10:55:31] === Monitor check ===
[2026-05-10 10:55:32] Job 'finetune_k562plus10_striped_maskonly_3' is running (ID=3919157, state=RUNNING).
[2026-05-10 10:55:32] WARNING lines in last 100: 0
[2026-05-10 10:55:32] === Monitor check complete ===
[2026-05-10 11:05:32] === Monitor check ===
[2026-05-10 11:05:32] Job 'finetune_k562plus10_striped_maskonly_3' is running (ID=3919157, state=RUNNING).
[2026-05-10 11:05:32] WARNING lines in last 100: 0
[2026-05-10 11:05:32] === Monitor check complete ===
[2026-05-10 11:15:32] === Monitor check ===
[2026-05-10 11:15:32] Job 'finetune_k562plus10_striped_maskonly_3' is running (ID=3919157, state=RUNNING).
[2026-05-10 11:15:32] WARNING lines in last 100: 0
[2026-05-10 11:15:32] === Monitor check complete ===
[2026-05-10 11:25:32] === Monitor check ===
[2026-05-10 11:25:32] Job 'finetune_k562plus10_striped_maskonly_3' is running (ID=3919157, state=RUNNING).
[2026-05-10 11:25:32] WARNING lines in last 100: 1
[2026-05-10 11:25:32] === Monitor check complete ===
[2026-05-10 11:35:32] === Monitor check ===
[2026-05-10 11:35:32] Job 'finetune_k562plus10_striped_maskonly_3' is running (ID=3919157, state=RUNNING).
[2026-05-10 11:35:32] WARNING lines in last 100: 1
[2026-05-10 11:35:32] === Monitor check complete ===
[2026-05-10 11:45:32] === Monitor check ===
[2026-05-10 11:45:32] Job 'finetune_k562plus10_striped_maskonly_3' is running (ID=3919157, state=RUNNING).
[2026-05-10 11:45:32] WARNING lines in last 100: 1
[2026-05-10 11:45:32] === Monitor check complete ===
[2026-05-10 11:55:32] === Monitor check ===
[2026-05-10 11:55:32] Job 'finetune_k562plus10_striped_maskonly_3' is not running.
[2026-05-10 11:55:32] Latest output file: /data1/lesliec/sarthak/caduceus/jobs/3919157-finetune_k562plus10_striped_maskonly_3.out
[2026-05-10 11:55:32] Using checkpoint: /data1/lesliec/sarthak/caduceus/outputs/2026-05-10/05-45-39-923893/checkpoints/02-step=17000.ckpt
[2026-05-10 11:55:32] Submitting: seed=2251  ckpt=/data1/lesliec/sarthak/caduceus/outputs/2026-05-10/05-45-39-923893/checkpoints/02-step=17000.ckpt
[2026-05-10 11:55:33] Submitted job 3976770. Incrementing seed to 2252.
[2026-05-10 11:55:33] === Monitor check complete ===
[2026-05-10 12:05:33] === Monitor check ===
[2026-05-10 12:05:33] Job 'finetune_k562plus10_striped_maskonly_3' is running (ID=3976770, state=RUNNING).
[2026-05-10 12:05:33] WARNING lines in last 100: 1
[2026-05-10 12:05:33] === Monitor check complete ===
[2026-05-10 12:15:33] === Monitor check ===
[2026-05-10 12:15:33] Job 'finetune_k562plus10_striped_maskonly_3' is running (ID=3976770, state=RUNNING).
[2026-05-10 12:15:33] WARNING lines in last 100: 1
[2026-05-10 12:15:33] === Monitor check complete ===
[2026-05-10 12:25:33] === Monitor check ===
[2026-05-10 12:25:33] Job 'finetune_k562plus10_striped_maskonly_3' is running (ID=3976770, state=RUNNING).
[2026-05-10 12:25:33] WARNING lines in last 100: 1
[2026-05-10 12:25:33] === Monitor check complete ===
[2026-05-10 12:35:33] === Monitor check ===
[2026-05-10 12:35:33] Job 'finetune_k562plus10_striped_maskonly_3' is not running.
[2026-05-10 12:35:33] Latest output file: /data1/lesliec/sarthak/caduceus/jobs/3976770-finetune_k562plus10_striped_maskonly_3.out
[2026-05-10 12:35:33] Using checkpoint: /data1/lesliec/sarthak/caduceus/outputs/2026-05-10/05-45-39-923893/checkpoints/02-step=17000.ckpt
[2026-05-10 12:35:33] Submitting: seed=2252  ckpt=/data1/lesliec/sarthak/caduceus/outputs/2026-05-10/05-45-39-923893/checkpoints/02-step=17000.ckpt
[2026-05-10 12:35:33] Submitted job 3984847. Incrementing seed to 2253.
[2026-05-10 12:35:33] === Monitor check complete ===
[2026-05-10 12:45:33] === Monitor check ===
[2026-05-10 12:45:33] Job 'finetune_k562plus10_striped_maskonly_3' is running (ID=3984847, state=RUNNING).
[2026-05-10 12:45:33] WARNING lines in last 100: 0
[2026-05-10 12:45:33] === Monitor check complete ===
[2026-05-10 12:55:33] === Monitor check ===
[2026-05-10 12:55:33] Job 'finetune_k562plus10_striped_maskonly_3' is running (ID=3984847, state=RUNNING).
[2026-05-10 12:55:33] WARNING lines in last 100: 0
[2026-05-10 12:55:33] === Monitor check complete ===
[2026-05-10 13:05:33] === Monitor check ===
[2026-05-10 13:05:33] Job 'finetune_k562plus10_striped_maskonly_3' is running (ID=3984847, state=RUNNING).
[2026-05-10 13:05:34] WARNING lines in last 100: 0
[2026-05-10 13:05:34] === Monitor check complete ===
[2026-05-10 13:15:34] === Monitor check ===
[2026-05-10 13:15:34] Job 'finetune_k562plus10_striped_maskonly_3' is running (ID=3984847, state=RUNNING).
[2026-05-10 13:15:34] WARNING lines in last 100: 0
[2026-05-10 13:15:34] === Monitor check complete ===
[2026-05-10 13:25:34] === Monitor check ===
[2026-05-10 13:25:34] Job 'finetune_k562plus10_striped_maskonly_3' is running (ID=3984847, state=RUNNING).
[2026-05-10 13:25:34] WARNING lines in last 100: 0
[2026-05-10 13:25:34] === Monitor check complete ===
[2026-05-10 13:35:34] === Monitor check ===
[2026-05-10 13:35:34] Job 'finetune_k562plus10_striped_maskonly_3' is running (ID=3984847, state=RUNNING).
[2026-05-10 13:35:34] WARNING lines in last 100: 0
[2026-05-10 13:35:34] === Monitor check complete ===
[2026-05-10 13:45:34] === Monitor check ===
[2026-05-10 13:45:34] Job 'finetune_k562plus10_striped_maskonly_3' is running (ID=3984847, state=RUNNING).
[2026-05-10 13:45:34] WARNING lines in last 100: 0
[2026-05-10 13:45:34] === Monitor check complete ===
[2026-05-10 13:55:34] === Monitor check ===
[2026-05-10 13:55:34] Job 'finetune_k562plus10_striped_maskonly_3' is running (ID=3984847, state=RUNNING).
[2026-05-10 13:55:34] WARNING lines in last 100: 0
[2026-05-10 13:55:34] === Monitor check complete ===
[2026-05-10 14:05:34] === Monitor check ===
[2026-05-10 14:05:34] Job 'finetune_k562plus10_striped_maskonly_3' is running (ID=3984847, state=RUNNING).
[2026-05-10 14:05:34] WARNING lines in last 100: 0
[2026-05-10 14:05:34] === Monitor check complete ===
[2026-05-10 14:15:34] === Monitor check ===
[2026-05-10 14:15:34] Job 'finetune_k562plus10_striped_maskonly_3' is running (ID=3984847, state=RUNNING).
[2026-05-10 14:15:34] WARNING lines in last 100: 0
[2026-05-10 14:15:34] === Monitor check complete ===
[2026-05-10 14:25:34] === Monitor check ===
[2026-05-10 14:25:34] Job 'finetune_k562plus10_striped_maskonly_3' is running (ID=3984847, state=RUNNING).
[2026-05-10 14:25:34] WARNING lines in last 100: 0
[2026-05-10 14:25:34] === Monitor check complete ===
[2026-05-10 14:35:34] === Monitor check ===
[2026-05-10 14:35:34] Job 'finetune_k562plus10_striped_maskonly_3' is running (ID=3984847, state=RUNNING).
[2026-05-10 14:35:34] WARNING lines in last 100: 0
[2026-05-10 14:35:35] === Monitor check complete ===
[2026-05-10 14:45:35] === Monitor check ===
[2026-05-10 14:45:35] Job 'finetune_k562plus10_striped_maskonly_3' is running (ID=3984847, state=RUNNING).
[2026-05-10 14:45:35] WARNING lines in last 100: 0
[2026-05-10 14:45:35] === Monitor check complete ===
[2026-05-10 14:55:35] === Monitor check ===
[2026-05-10 14:55:35] Job 'finetune_k562plus10_striped_maskonly_3' is running (ID=3984847, state=RUNNING).
[2026-05-10 14:55:35] WARNING lines in last 100: 0
[2026-05-10 14:55:35] === Monitor check complete ===
[2026-05-10 15:05:35] === Monitor check ===
[2026-05-10 15:05:35] Job 'finetune_k562plus10_striped_maskonly_3' is running (ID=3984847, state=RUNNING).
[2026-05-10 15:05:35] WARNING lines in last 100: 0
[2026-05-10 15:05:35] === Monitor check complete ===
[2026-05-10 15:15:35] === Monitor check ===
[2026-05-10 15:15:35] Job 'finetune_k562plus10_striped_maskonly_3' is running (ID=3984847, state=RUNNING).
[2026-05-10 15:15:35] WARNING lines in last 100: 0
[2026-05-10 15:15:35] === Monitor check complete ===
[2026-05-10 15:25:35] === Monitor check ===
[2026-05-10 15:25:35] Job 'finetune_k562plus10_striped_maskonly_3' is running (ID=3984847, state=RUNNING).
[2026-05-10 15:25:35] WARNING lines in last 100: 0
[2026-05-10 15:25:35] === Monitor check complete ===
[2026-05-10 15:35:35] === Monitor check ===
[2026-05-10 15:35:35] Job 'finetune_k562plus10_striped_maskonly_3' is running (ID=3984847, state=RUNNING).
[2026-05-10 15:35:35] WARNING lines in last 100: 0
[2026-05-10 15:35:35] === Monitor check complete ===
[2026-05-10 15:45:35] === Monitor check ===
[2026-05-10 15:45:35] Job 'finetune_k562plus10_striped_maskonly_3' is running (ID=3984847, state=RUNNING).
[2026-05-10 15:45:35] WARNING lines in last 100: 0
[2026-05-10 15:45:36] === Monitor check complete ===
[2026-05-10 15:55:36] === Monitor check ===
[2026-05-10 15:55:36] Job 'finetune_k562plus10_striped_maskonly_3' is running (ID=3984847, state=RUNNING).
[2026-05-10 15:55:36] WARNING lines in last 100: 0
[2026-05-10 15:55:36] === Monitor check complete ===
[2026-05-10 16:05:36] === Monitor check ===
[2026-05-10 16:05:36] Job 'finetune_k562plus10_striped_maskonly_3' is running (ID=3984847, state=RUNNING).
[2026-05-10 16:05:36] WARNING lines in last 100: 0
[2026-05-10 16:05:36] === Monitor check complete ===
[2026-05-10 16:15:36] === Monitor check ===
[2026-05-10 16:15:36] Job 'finetune_k562plus10_striped_maskonly_3' is running (ID=3984847, state=RUNNING).
[2026-05-10 16:15:36] WARNING lines in last 100: 0
[2026-05-10 16:15:36] === Monitor check complete ===
[2026-05-10 16:25:36] === Monitor check ===
[2026-05-10 16:25:36] Job 'finetune_k562plus10_striped_maskonly_3' is running (ID=3984847, state=RUNNING).
[2026-05-10 16:25:36] WARNING lines in last 100: 0
[2026-05-10 16:25:36] === Monitor check complete ===
[2026-05-10 16:35:36] === Monitor check ===
[2026-05-10 16:35:36] Job 'finetune_k562plus10_striped_maskonly_3' is running (ID=3984847, state=RUNNING).
[2026-05-10 16:35:36] WARNING lines in last 100: 0
[2026-05-10 16:35:36] === Monitor check complete ===
[2026-05-10 16:45:36] === Monitor check ===
[2026-05-10 16:45:36] Job 'finetune_k562plus10_striped_maskonly_3' is running (ID=3984847, state=RUNNING).
[2026-05-10 16:45:36] WARNING lines in last 100: 0
[2026-05-10 16:45:36] === Monitor check complete ===
[2026-05-10 16:55:36] === Monitor check ===
[2026-05-10 16:55:36] Job 'finetune_k562plus10_striped_maskonly_3' is running (ID=3984847, state=RUNNING).
[2026-05-10 16:55:37] WARNING lines in last 100: 0
[2026-05-10 16:55:37] === Monitor check complete ===
[2026-05-10 17:05:37] === Monitor check ===
[2026-05-10 17:05:37] Job 'finetune_k562plus10_striped_maskonly_3' is running (ID=3984847, state=RUNNING).
[2026-05-10 17:05:37] WARNING lines in last 100: 1
[2026-05-10 17:05:37] === Monitor check complete ===
[2026-05-10 17:15:37] === Monitor check ===
[2026-05-10 17:15:37] Job 'finetune_k562plus10_striped_maskonly_3' is running (ID=3984847, state=RUNNING).
[2026-05-10 17:15:37] WARNING lines in last 100: 1
[2026-05-10 17:15:37] === Monitor check complete ===
[2026-05-10 17:25:37] === Monitor check ===
[2026-05-10 17:25:37] Job 'finetune_k562plus10_striped_maskonly_3' is running (ID=3984847, state=RUNNING).
[2026-05-10 17:25:37] WARNING lines in last 100: 1
[2026-05-10 17:25:37] === Monitor check complete ===
[2026-05-10 17:35:37] === Monitor check ===
[2026-05-10 17:35:37] Job 'finetune_k562plus10_striped_maskonly_3' is not running.
[2026-05-10 17:35:37] Latest output file: /data1/lesliec/sarthak/caduceus/jobs/3984847-finetune_k562plus10_striped_maskonly_3.out
[2026-05-10 17:35:37] Using checkpoint: /data1/lesliec/sarthak/caduceus/outputs/2026-05-10/05-45-39-923893/checkpoints/02-step=17000.ckpt
[2026-05-10 17:35:37] Submitting: seed=2253  ckpt=/data1/lesliec/sarthak/caduceus/outputs/2026-05-10/05-45-39-923893/checkpoints/02-step=17000.ckpt
[2026-05-10 17:35:37] Submitted job 4052378. Incrementing seed to 2254.
[2026-05-10 17:35:37] === Monitor check complete ===
[2026-05-10 17:45:37] === Monitor check ===
[2026-05-10 17:45:37] Job 'finetune_k562plus10_striped_maskonly_3' is running (ID=4052378, state=RUNNING).
[2026-05-10 17:45:37] WARNING lines in last 100: 0
[2026-05-10 17:45:37] === Monitor check complete ===
[2026-05-10 17:55:37] === Monitor check ===
[2026-05-10 17:55:37] Job 'finetune_k562plus10_striped_maskonly_3' is running (ID=4052378, state=RUNNING).
[2026-05-10 17:55:37] WARNING lines in last 100: 0
[2026-05-10 17:55:37] === Monitor check complete ===
[2026-05-10 18:05:37] === Monitor check ===
[2026-05-10 18:05:37] Job 'finetune_k562plus10_striped_maskonly_3' is running (ID=4052378, state=RUNNING).
[2026-05-10 18:05:37] WARNING lines in last 100: 0
[2026-05-10 18:05:37] === Monitor check complete ===
[2026-05-10 18:15:37] === Monitor check ===
[2026-05-10 18:15:37] Job 'finetune_k562plus10_striped_maskonly_3' is running (ID=4052378, state=RUNNING).
[2026-05-10 18:15:37] WARNING lines in last 100: 0
[2026-05-10 18:15:37] === Monitor check complete ===
[2026-05-10 18:25:37] === Monitor check ===
[2026-05-10 18:25:37] Job 'finetune_k562plus10_striped_maskonly_3' is running (ID=4052378, state=RUNNING).
[2026-05-10 18:25:37] WARNING lines in last 100: 0
[2026-05-10 18:25:37] === Monitor check complete ===
[2026-05-10 18:35:37] === Monitor check ===
[2026-05-10 18:35:38] Job 'finetune_k562plus10_striped_maskonly_3' is running (ID=4052378, state=RUNNING).
[2026-05-10 18:35:38] WARNING lines in last 100: 0
[2026-05-10 18:35:38] === Monitor check complete ===
[2026-05-10 18:45:38] === Monitor check ===
[2026-05-10 18:45:38] Job 'finetune_k562plus10_striped_maskonly_3' is running (ID=4052378, state=RUNNING).
[2026-05-10 18:45:38] WARNING lines in last 100: 0
[2026-05-10 18:45:38] === Monitor check complete ===
[2026-05-10 18:55:38] === Monitor check ===
[2026-05-10 18:55:38] Job 'finetune_k562plus10_striped_maskonly_3' is running (ID=4052378, state=RUNNING).
[2026-05-10 18:55:38] WARNING lines in last 100: 0
[2026-05-10 18:55:38] === Monitor check complete ===
[2026-05-10 19:05:38] === Monitor check ===
[2026-05-10 19:05:38] Job 'finetune_k562plus10_striped_maskonly_3' is running (ID=4052378, state=RUNNING).
[2026-05-10 19:05:38] WARNING lines in last 100: 0
[2026-05-10 19:05:38] === Monitor check complete ===
[2026-05-10 19:15:38] === Monitor check ===
[2026-05-10 19:15:38] Job 'finetune_k562plus10_striped_maskonly_3' is running (ID=4052378, state=RUNNING).
[2026-05-10 19:15:38] WARNING lines in last 100: 0
[2026-05-10 19:15:38] === Monitor check complete ===
[2026-05-10 19:25:38] === Monitor check ===
[2026-05-10 19:25:38] Job 'finetune_k562plus10_striped_maskonly_3' is running (ID=4052378, state=RUNNING).
[2026-05-10 19:25:38] WARNING lines in last 100: 0
[2026-05-10 19:25:38] === Monitor check complete ===
[2026-05-10 19:35:38] === Monitor check ===
[2026-05-10 19:35:38] Job 'finetune_k562plus10_striped_maskonly_3' is running (ID=4052378, state=RUNNING).
[2026-05-10 19:35:38] WARNING lines in last 100: 0
[2026-05-10 19:35:38] === Monitor check complete ===
[2026-05-10 19:45:38] === Monitor check ===
[2026-05-10 19:45:38] Job 'finetune_k562plus10_striped_maskonly_3' is running (ID=4052378, state=RUNNING).
[2026-05-10 19:45:38] WARNING lines in last 100: 0
[2026-05-10 19:45:38] === Monitor check complete ===
[2026-05-10 19:55:38] === Monitor check ===
[2026-05-10 19:55:38] Job 'finetune_k562plus10_striped_maskonly_3' is running (ID=4052378, state=RUNNING).
[2026-05-10 19:55:38] WARNING lines in last 100: 0
[2026-05-10 19:55:38] === Monitor check complete ===
[2026-05-10 20:05:38] === Monitor check ===
[2026-05-10 20:05:38] Job 'finetune_k562plus10_striped_maskonly_3' is running (ID=4052378, state=RUNNING).
[2026-05-10 20:05:38] WARNING lines in last 100: 0
[2026-05-10 20:05:38] === Monitor check complete ===
[2026-05-10 20:15:38] === Monitor check ===
[2026-05-10 20:15:39] Job 'finetune_k562plus10_striped_maskonly_3' is running (ID=4052378, state=RUNNING).
[2026-05-10 20:15:39] WARNING lines in last 100: 0
[2026-05-10 20:15:39] === Monitor check complete ===
[2026-05-10 20:25:39] === Monitor check ===
[2026-05-10 20:25:39] Job 'finetune_k562plus10_striped_maskonly_3' is running (ID=4052378, state=RUNNING).
[2026-05-10 20:25:39] WARNING lines in last 100: 0
[2026-05-10 20:25:39] === Monitor check complete ===
[2026-05-10 20:35:39] === Monitor check ===
[2026-05-10 20:35:39] Job 'finetune_k562plus10_striped_maskonly_3' is running (ID=4052378, state=RUNNING).
[2026-05-10 20:35:39] WARNING lines in last 100: 0
[2026-05-10 20:35:39] === Monitor check complete ===
[2026-05-10 20:45:39] === Monitor check ===
[2026-05-10 20:45:39] Job 'finetune_k562plus10_striped_maskonly_3' is running (ID=4052378, state=RUNNING).
[2026-05-10 20:45:39] WARNING lines in last 100: 0
[2026-05-10 20:45:39] === Monitor check complete ===
[2026-05-10 20:55:39] === Monitor check ===
[2026-05-10 20:55:39] Job 'finetune_k562plus10_striped_maskonly_3' is running (ID=4052378, state=RUNNING).
[2026-05-10 20:55:39] WARNING lines in last 100: 0
[2026-05-10 20:55:39] === Monitor check complete ===
[2026-05-10 21:05:39] === Monitor check ===
[2026-05-10 21:05:39] Job 'finetune_k562plus10_striped_maskonly_3' is running (ID=4052378, state=RUNNING).
[2026-05-10 21:05:39] WARNING lines in last 100: 0
[2026-05-10 21:05:39] === Monitor check complete ===
[2026-05-10 21:15:39] === Monitor check ===
[2026-05-10 21:15:39] Job 'finetune_k562plus10_striped_maskonly_3' is running (ID=4052378, state=RUNNING).
[2026-05-10 21:15:39] WARNING lines in last 100: 0
[2026-05-10 21:15:39] === Monitor check complete ===
[2026-05-10 21:25:39] === Monitor check ===
[2026-05-10 21:25:39] Job 'finetune_k562plus10_striped_maskonly_3' is running (ID=4052378, state=RUNNING).
[2026-05-10 21:25:39] WARNING lines in last 100: 0
[2026-05-10 21:25:39] === Monitor check complete ===
[2026-05-10 21:35:39] === Monitor check ===
[2026-05-10 21:35:39] Job 'finetune_k562plus10_striped_maskonly_3' is running (ID=4052378, state=RUNNING).
[2026-05-10 21:35:39] WARNING lines in last 100: 0
[2026-05-10 21:35:39] === Monitor check complete ===
[2026-05-10 21:45:40] === Monitor check ===
[2026-05-10 21:45:40] Job 'finetune_k562plus10_striped_maskonly_3' is running (ID=4052378, state=RUNNING).
[2026-05-10 21:45:40] WARNING lines in last 100: 0
[2026-05-10 21:45:40] === Monitor check complete ===
[2026-05-10 21:55:40] === Monitor check ===
[2026-05-10 21:55:40] Job 'finetune_k562plus10_striped_maskonly_3' is running (ID=4052378, state=RUNNING).
[2026-05-10 21:55:40] WARNING lines in last 100: 0
[2026-05-10 21:55:40] === Monitor check complete ===
[2026-05-10 22:05:40] === Monitor check ===
[2026-05-10 22:05:40] Job 'finetune_k562plus10_striped_maskonly_3' is running (ID=4052378, state=RUNNING).
[2026-05-10 22:05:40] WARNING lines in last 100: 0
[2026-05-10 22:05:40] === Monitor check complete ===
[2026-05-10 22:15:40] === Monitor check ===
[2026-05-10 22:15:40] Job 'finetune_k562plus10_striped_maskonly_3' is running (ID=4052378, state=RUNNING).
[2026-05-10 22:15:40] WARNING lines in last 100: 0
[2026-05-10 22:15:40] === Monitor check complete ===
[2026-05-10 22:25:40] === Monitor check ===
[2026-05-10 22:25:40] Job 'finetune_k562plus10_striped_maskonly_3' is running (ID=4052378, state=RUNNING).
[2026-05-10 22:25:40] WARNING lines in last 100: 0
[2026-05-10 22:25:40] === Monitor check complete ===
[2026-05-10 22:35:40] === Monitor check ===
[2026-05-10 22:35:40] Job 'finetune_k562plus10_striped_maskonly_3' is running (ID=4052378, state=RUNNING).
[2026-05-10 22:35:40] WARNING lines in last 100: 0
[2026-05-10 22:35:40] === Monitor check complete ===
[2026-05-10 22:45:40] === Monitor check ===
[2026-05-10 22:45:40] Job 'finetune_k562plus10_striped_maskonly_3' is running (ID=4052378, state=RUNNING).
[2026-05-10 22:45:40] WARNING lines in last 100: 0
[2026-05-10 22:45:40] === Monitor check complete ===
[2026-05-10 22:55:40] === Monitor check ===
[2026-05-10 22:55:40] Job 'finetune_k562plus10_striped_maskonly_3' is running (ID=4052378, state=RUNNING).
[2026-05-10 22:55:40] WARNING lines in last 100: 0
[2026-05-10 22:55:40] === Monitor check complete ===
[2026-05-10 23:05:40] === Monitor check ===
[2026-05-10 23:05:40] Job 'finetune_k562plus10_striped_maskonly_3' is running (ID=4052378, state=RUNNING).
[2026-05-10 23:05:40] WARNING lines in last 100: 0
[2026-05-10 23:05:40] === Monitor check complete ===
[2026-05-10 23:15:40] === Monitor check ===
[2026-05-10 23:15:40] Job 'finetune_k562plus10_striped_maskonly_3' is running (ID=4052378, state=RUNNING).
[2026-05-10 23:15:40] WARNING lines in last 100: 0
[2026-05-10 23:15:40] === Monitor check complete ===
[2026-05-10 23:25:40] === Monitor check ===
[2026-05-10 23:25:41] Job 'finetune_k562plus10_striped_maskonly_3' is running (ID=4052378, state=RUNNING).
[2026-05-10 23:25:41] WARNING lines in last 100: 0
[2026-05-10 23:25:41] === Monitor check complete ===
[2026-05-10 23:35:41] === Monitor check ===
[2026-05-10 23:35:41] Job 'finetune_k562plus10_striped_maskonly_3' is running (ID=4052378, state=RUNNING).
[2026-05-10 23:35:41] WARNING lines in last 100: 0
[2026-05-10 23:35:41] === Monitor check complete ===
[2026-05-10 23:45:41] === Monitor check ===
[2026-05-10 23:45:41] Job 'finetune_k562plus10_striped_maskonly_3' is running (ID=4052378, state=RUNNING).
[2026-05-10 23:45:41] WARNING lines in last 100: 0
[2026-05-10 23:45:41] === Monitor check complete ===
[2026-05-10 23:55:41] === Monitor check ===
[2026-05-10 23:55:41] Job 'finetune_k562plus10_striped_maskonly_3' is running (ID=4052378, state=RUNNING).
[2026-05-10 23:55:41] WARNING lines in last 100: 0
[2026-05-10 23:55:41] === Monitor check complete ===
[2026-05-11 00:05:41] === Monitor check ===
[2026-05-11 00:05:41] Job 'finetune_k562plus10_striped_maskonly_3' is running (ID=4052378, state=RUNNING).
[2026-05-11 00:05:41] WARNING lines in last 100: 0
[2026-05-11 00:05:41] === Monitor check complete ===
[2026-05-11 00:15:41] === Monitor check ===
[2026-05-11 00:15:41] Job 'finetune_k562plus10_striped_maskonly_3' is running (ID=4052378, state=RUNNING).
[2026-05-11 00:15:41] WARNING lines in last 100: 0
[2026-05-11 00:15:41] === Monitor check complete ===
[2026-05-11 00:25:41] === Monitor check ===
[2026-05-11 00:25:41] Job 'finetune_k562plus10_striped_maskonly_3' is running (ID=4052378, state=RUNNING).
[2026-05-11 00:25:41] WARNING lines in last 100: 0
[2026-05-11 00:25:41] === Monitor check complete ===
[2026-05-11 00:35:41] === Monitor check ===
[2026-05-11 00:35:41] Job 'finetune_k562plus10_striped_maskonly_3' is running (ID=4052378, state=RUNNING).
[2026-05-11 00:35:41] WARNING lines in last 100: 0
[2026-05-11 00:35:41] === Monitor check complete ===
[2026-05-11 00:45:41] === Monitor check ===
[2026-05-11 00:45:41] Job 'finetune_k562plus10_striped_maskonly_3' is running (ID=4052378, state=RUNNING).
[2026-05-11 00:45:41] WARNING lines in last 100: 0
[2026-05-11 00:45:41] === Monitor check complete ===
[2026-05-11 00:55:41] === Monitor check ===
[2026-05-11 00:55:41] Job 'finetune_k562plus10_striped_maskonly_3' is running (ID=4052378, state=RUNNING).
[2026-05-11 00:55:41] WARNING lines in last 100: 0
[2026-05-11 00:55:41] === Monitor check complete ===
[2026-05-11 01:05:42] === Monitor check ===
[2026-05-11 01:05:42] Job 'finetune_k562plus10_striped_maskonly_3' is running (ID=4052378, state=RUNNING).
[2026-05-11 01:05:42] WARNING lines in last 100: 0
[2026-05-11 01:05:42] === Monitor check complete ===
[2026-05-11 01:15:42] === Monitor check ===
[2026-05-11 01:15:42] Job 'finetune_k562plus10_striped_maskonly_3' is running (ID=4052378, state=RUNNING).
[2026-05-11 01:15:42] WARNING lines in last 100: 0
[2026-05-11 01:15:42] === Monitor check complete ===
[2026-05-11 01:25:42] === Monitor check ===
[2026-05-11 01:25:42] Job 'finetune_k562plus10_striped_maskonly_3' is running (ID=4052378, state=RUNNING).
[2026-05-11 01:25:42] WARNING lines in last 100: 0
[2026-05-11 01:25:42] === Monitor check complete ===
[2026-05-11 01:35:42] === Monitor check ===
[2026-05-11 01:35:42] Job 'finetune_k562plus10_striped_maskonly_3' is running (ID=4052378, state=RUNNING).
[2026-05-11 01:35:42] WARNING lines in last 100: 0
[2026-05-11 01:35:42] === Monitor check complete ===
[2026-05-11 01:45:42] === Monitor check ===
[2026-05-11 01:45:42] Job 'finetune_k562plus10_striped_maskonly_3' is running (ID=4052378, state=RUNNING).
[2026-05-11 01:45:42] WARNING lines in last 100: 0
[2026-05-11 01:45:42] === Monitor check complete ===
[2026-05-11 01:55:42] === Monitor check ===
[2026-05-11 01:55:42] Job 'finetune_k562plus10_striped_maskonly_3' is running (ID=4052378, state=RUNNING).
[2026-05-11 01:55:42] WARNING lines in last 100: 0
[2026-05-11 01:55:42] === Monitor check complete ===
[2026-05-11 02:05:42] === Monitor check ===
[2026-05-11 02:05:42] Job 'finetune_k562plus10_striped_maskonly_3' is running (ID=4052378, state=RUNNING).
[2026-05-11 02:05:42] WARNING lines in last 100: 0
[2026-05-11 02:05:42] === Monitor check complete ===
[2026-05-11 02:15:42] === Monitor check ===
[2026-05-11 02:15:43] Job 'finetune_k562plus10_striped_maskonly_3' is running (ID=4052378, state=RUNNING).
[2026-05-11 02:15:43] WARNING lines in last 100: 0
[2026-05-11 02:15:43] === Monitor check complete ===
[2026-05-11 02:25:43] === Monitor check ===
[2026-05-11 02:25:43] Job 'finetune_k562plus10_striped_maskonly_3' is running (ID=4052378, state=RUNNING).
[2026-05-11 02:25:43] WARNING lines in last 100: 0
[2026-05-11 02:25:43] === Monitor check complete ===
[2026-05-11 02:35:43] === Monitor check ===
[2026-05-11 02:35:43] Job 'finetune_k562plus10_striped_maskonly_3' is running (ID=4052378, state=RUNNING).
[2026-05-11 02:35:43] WARNING lines in last 100: 0
[2026-05-11 02:35:43] === Monitor check complete ===
[2026-05-11 02:45:43] === Monitor check ===
[2026-05-11 02:45:43] Job 'finetune_k562plus10_striped_maskonly_3' is running (ID=4052378, state=RUNNING).
[2026-05-11 02:45:43] WARNING lines in last 100: 0
[2026-05-11 02:45:43] === Monitor check complete ===
[2026-05-11 02:55:43] === Monitor check ===
[2026-05-11 02:55:43] Job 'finetune_k562plus10_striped_maskonly_3' is running (ID=4052378, state=RUNNING).
[2026-05-11 02:55:43] WARNING lines in last 100: 0
[2026-05-11 02:55:43] === Monitor check complete ===
[2026-05-11 03:05:43] === Monitor check ===
[2026-05-11 03:05:43] Job 'finetune_k562plus10_striped_maskonly_3' is running (ID=4052378, state=RUNNING).
[2026-05-11 03:05:43] WARNING lines in last 100: 0
[2026-05-11 03:05:43] === Monitor check complete ===
[2026-05-11 03:15:43] === Monitor check ===
[2026-05-11 03:15:43] Job 'finetune_k562plus10_striped_maskonly_3' is running (ID=4052378, state=RUNNING).
[2026-05-11 03:15:43] WARNING lines in last 100: 0
[2026-05-11 03:15:43] === Monitor check complete ===
[2026-05-11 03:25:43] === Monitor check ===
[2026-05-11 03:25:43] Job 'finetune_k562plus10_striped_maskonly_3' is running (ID=4052378, state=RUNNING).
[2026-05-11 03:25:43] WARNING lines in last 100: 0
[2026-05-11 03:25:43] === Monitor check complete ===
[2026-05-11 03:35:43] === Monitor check ===
[2026-05-11 03:35:44] Job 'finetune_k562plus10_striped_maskonly_3' is running (ID=4052378, state=RUNNING).
[2026-05-11 03:35:44] WARNING lines in last 100: 0
[2026-05-11 03:35:44] === Monitor check complete ===
[2026-05-11 03:45:44] === Monitor check ===
[2026-05-11 03:45:44] Job 'finetune_k562plus10_striped_maskonly_3' is running (ID=4052378, state=RUNNING).
[2026-05-11 03:45:44] WARNING lines in last 100: 0
[2026-05-11 03:45:44] === Monitor check complete ===
[2026-05-11 03:55:44] === Monitor check ===
[2026-05-11 03:55:44] Job 'finetune_k562plus10_striped_maskonly_3' is running (ID=4052378, state=RUNNING).
[2026-05-11 03:55:44] WARNING lines in last 100: 0
[2026-05-11 03:55:44] === Monitor check complete ===
[2026-05-11 04:05:44] === Monitor check ===
[2026-05-11 04:05:44] Job 'finetune_k562plus10_striped_maskonly_3' is running (ID=4052378, state=RUNNING).
[2026-05-11 04:05:44] WARNING lines in last 100: 0
[2026-05-11 04:05:44] === Monitor check complete ===
[2026-05-11 04:15:44] === Monitor check ===
[2026-05-11 04:15:44] Job 'finetune_k562plus10_striped_maskonly_3' is running (ID=4052378, state=RUNNING).
[2026-05-11 04:15:44] WARNING lines in last 100: 0
[2026-05-11 04:15:44] === Monitor check complete ===
[2026-05-11 04:25:44] === Monitor check ===
[2026-05-11 04:25:44] Job 'finetune_k562plus10_striped_maskonly_3' is running (ID=4052378, state=RUNNING).
[2026-05-11 04:25:44] WARNING lines in last 100: 0
[2026-05-11 04:25:44] === Monitor check complete ===
[2026-05-11 04:35:44] === Monitor check ===
[2026-05-11 04:35:44] Job 'finetune_k562plus10_striped_maskonly_3' is running (ID=4052378, state=RUNNING).
[2026-05-11 04:35:44] WARNING lines in last 100: 0
[2026-05-11 04:35:44] === Monitor check complete ===
[2026-05-11 04:45:44] === Monitor check ===
[2026-05-11 04:45:44] Job 'finetune_k562plus10_striped_maskonly_3' is not running.
[2026-05-11 04:45:44] Latest output file: /data1/lesliec/sarthak/caduceus/jobs/4052378-finetune_k562plus10_striped_maskonly_3.out
[2026-05-11 04:45:44] Using checkpoint: /data1/lesliec/sarthak/caduceus/outputs/2026-05-10/17-35-52-841735/checkpoints/02-step=17500.ckpt
[2026-05-11 04:45:44] Submitting: seed=2254  ckpt=/data1/lesliec/sarthak/caduceus/outputs/2026-05-10/17-35-52-841735/checkpoints/02-step=17500.ckpt
[2026-05-11 04:45:44] Submitted job 4182079. Incrementing seed to 2255.
[2026-05-11 04:45:44] === Monitor check complete ===
[2026-05-11 04:55:45] === Monitor check ===
[2026-05-11 04:55:45] Job 'finetune_k562plus10_striped_maskonly_3' is running (ID=4182079, state=RUNNING).
[2026-05-11 04:55:45] WARNING lines in last 100: 0
[2026-05-11 04:55:45] === Monitor check complete ===
[2026-05-11 05:05:45] === Monitor check ===
[2026-05-11 05:05:45] Job 'finetune_k562plus10_striped_maskonly_3' is running (ID=4182079, state=RUNNING).
[2026-05-11 05:05:45] WARNING lines in last 100: 0
[2026-05-11 05:05:45] === Monitor check complete ===
[2026-05-11 05:15:45] === Monitor check ===
[2026-05-11 05:15:45] Job 'finetune_k562plus10_striped_maskonly_3' is running (ID=4182079, state=RUNNING).
[2026-05-11 05:15:45] WARNING lines in last 100: 0
[2026-05-11 05:15:45] === Monitor check complete ===
[2026-05-11 05:25:45] === Monitor check ===
[2026-05-11 05:25:45] Job 'finetune_k562plus10_striped_maskonly_3' is running (ID=4182079, state=RUNNING).
[2026-05-11 05:25:45] WARNING lines in last 100: 0
[2026-05-11 05:25:45] === Monitor check complete ===
[2026-05-11 05:35:45] === Monitor check ===
[2026-05-11 05:35:45] Job 'finetune_k562plus10_striped_maskonly_3' is running (ID=4182079, state=RUNNING).
[2026-05-11 05:35:45] WARNING lines in last 100: 0
[2026-05-11 05:35:45] === Monitor check complete ===
[2026-05-11 05:45:45] === Monitor check ===
[2026-05-11 05:45:45] Job 'finetune_k562plus10_striped_maskonly_3' is running (ID=4182079, state=RUNNING).
[2026-05-11 05:45:45] WARNING lines in last 100: 0
[2026-05-11 05:45:45] === Monitor check complete ===
[2026-05-11 05:55:45] === Monitor check ===
[2026-05-11 05:55:45] Job 'finetune_k562plus10_striped_maskonly_3' is running (ID=4182079, state=RUNNING).
[2026-05-11 05:55:45] WARNING lines in last 100: 0
[2026-05-11 05:55:45] === Monitor check complete ===
[2026-05-11 06:05:45] === Monitor check ===
[2026-05-11 06:05:45] Job 'finetune_k562plus10_striped_maskonly_3' is running (ID=4182079, state=RUNNING).
[2026-05-11 06:05:45] WARNING lines in last 100: 0
[2026-05-11 06:05:45] === Monitor check complete ===
[2026-05-11 06:15:45] === Monitor check ===
[2026-05-11 06:15:45] Job 'finetune_k562plus10_striped_maskonly_3' is running (ID=4182079, state=RUNNING).
[2026-05-11 06:15:45] WARNING lines in last 100: 0
[2026-05-11 06:15:45] === Monitor check complete ===
[2026-05-11 06:25:45] === Monitor check ===
[2026-05-11 06:25:46] Job 'finetune_k562plus10_striped_maskonly_3' is running (ID=4182079, state=RUNNING).
[2026-05-11 06:25:46] WARNING lines in last 100: 0
[2026-05-11 06:25:46] === Monitor check complete ===
[2026-05-11 06:35:46] === Monitor check ===
[2026-05-11 06:35:46] Job 'finetune_k562plus10_striped_maskonly_3' is running (ID=4182079, state=RUNNING).
[2026-05-11 06:35:46] WARNING lines in last 100: 0
[2026-05-11 06:35:46] === Monitor check complete ===
[2026-05-11 06:45:46] === Monitor check ===
[2026-05-11 06:45:46] Job 'finetune_k562plus10_striped_maskonly_3' is running (ID=4182079, state=RUNNING).
[2026-05-11 06:45:46] WARNING lines in last 100: 0
[2026-05-11 06:45:46] === Monitor check complete ===
[2026-05-11 06:55:46] === Monitor check ===
[2026-05-11 06:55:46] Job 'finetune_k562plus10_striped_maskonly_3' is running (ID=4182079, state=RUNNING).
[2026-05-11 06:55:46] WARNING lines in last 100: 0
[2026-05-11 06:55:46] === Monitor check complete ===
[2026-05-11 07:05:46] === Monitor check ===
[2026-05-11 07:05:46] Job 'finetune_k562plus10_striped_maskonly_3' is running (ID=4182079, state=RUNNING).
[2026-05-11 07:05:46] WARNING lines in last 100: 0
[2026-05-11 07:05:46] === Monitor check complete ===
[2026-05-11 07:15:46] === Monitor check ===
[2026-05-11 07:15:46] Job 'finetune_k562plus10_striped_maskonly_3' is running (ID=4182079, state=RUNNING).
[2026-05-11 07:15:46] WARNING lines in last 100: 0
[2026-05-11 07:15:46] === Monitor check complete ===
[2026-05-11 07:25:46] === Monitor check ===
[2026-05-11 07:25:46] Job 'finetune_k562plus10_striped_maskonly_3' is running (ID=4182079, state=RUNNING).
[2026-05-11 07:25:46] WARNING lines in last 100: 0
[2026-05-11 07:25:46] === Monitor check complete ===
[2026-05-11 07:35:46] === Monitor check ===
[2026-05-11 07:35:46] Job 'finetune_k562plus10_striped_maskonly_3' is running (ID=4182079, state=RUNNING).
[2026-05-11 07:35:46] WARNING lines in last 100: 0
[2026-05-11 07:35:46] === Monitor check complete ===
[2026-05-11 07:45:46] === Monitor check ===
[2026-05-11 07:45:46] Job 'finetune_k562plus10_striped_maskonly_3' is running (ID=4182079, state=RUNNING).
[2026-05-11 07:45:46] WARNING lines in last 100: 0
[2026-05-11 07:45:46] === Monitor check complete ===
[2026-05-11 07:55:46] === Monitor check ===
[2026-05-11 07:55:46] Job 'finetune_k562plus10_striped_maskonly_3' is running (ID=4182079, state=RUNNING).
[2026-05-11 07:55:46] WARNING lines in last 100: 0
[2026-05-11 07:55:46] === Monitor check complete ===
[2026-05-11 08:05:46] === Monitor check ===
[2026-05-11 08:05:46] Job 'finetune_k562plus10_striped_maskonly_3' is running (ID=4182079, state=RUNNING).
[2026-05-11 08:05:46] WARNING lines in last 100: 0
[2026-05-11 08:05:46] === Monitor check complete ===
[2026-05-11 08:15:46] === Monitor check ===
[2026-05-11 08:15:46] Job 'finetune_k562plus10_striped_maskonly_3' is running (ID=4182079, state=RUNNING).
[2026-05-11 08:15:46] WARNING lines in last 100: 0
[2026-05-11 08:15:46] === Monitor check complete ===
[2026-05-11 08:25:46] === Monitor check ===
[2026-05-11 08:25:47] Job 'finetune_k562plus10_striped_maskonly_3' is running (ID=4182079, state=RUNNING).
[2026-05-11 08:25:47] WARNING lines in last 100: 0
[2026-05-11 08:25:47] === Monitor check complete ===
[2026-05-11 08:35:47] === Monitor check ===
[2026-05-11 08:35:47] Job 'finetune_k562plus10_striped_maskonly_3' is running (ID=4182079, state=RUNNING).
[2026-05-11 08:35:47] WARNING lines in last 100: 0
[2026-05-11 08:35:47] === Monitor check complete ===
[2026-05-11 08:45:47] === Monitor check ===
[2026-05-11 08:45:47] Job 'finetune_k562plus10_striped_maskonly_3' is running (ID=4182079, state=RUNNING).
[2026-05-11 08:45:47] WARNING lines in last 100: 0
[2026-05-11 08:45:47] === Monitor check complete ===
[2026-05-11 08:55:47] === Monitor check ===
[2026-05-11 08:55:47] Job 'finetune_k562plus10_striped_maskonly_3' is running (ID=4182079, state=RUNNING).
[2026-05-11 08:55:47] WARNING lines in last 100: 0
[2026-05-11 08:55:47] === Monitor check complete ===
[2026-05-11 09:05:47] === Monitor check ===
[2026-05-11 09:05:48] Job 'finetune_k562plus10_striped_maskonly_3' is running (ID=4182079, state=RUNNING).
[2026-05-11 09:05:48] WARNING lines in last 100: 0
[2026-05-11 09:05:48] === Monitor check complete ===
[2026-05-11 09:15:48] === Monitor check ===
[2026-05-11 09:15:48] Job 'finetune_k562plus10_striped_maskonly_3' is running (ID=4182079, state=RUNNING).
[2026-05-11 09:15:48] WARNING lines in last 100: 0
[2026-05-11 09:15:48] === Monitor check complete ===
[2026-05-11 09:25:48] === Monitor check ===
[2026-05-11 09:25:48] Job 'finetune_k562plus10_striped_maskonly_3' is running (ID=4182079, state=RUNNING).
[2026-05-11 09:25:48] WARNING lines in last 100: 0
[2026-05-11 09:25:48] === Monitor check complete ===
[2026-05-11 09:35:48] === Monitor check ===
[2026-05-11 09:35:49] Job 'finetune_k562plus10_striped_maskonly_3' is running (ID=4182079, state=RUNNING).
[2026-05-11 09:35:50] WARNING lines in last 100: 0
[2026-05-11 09:35:50] === Monitor check complete ===
[2026-05-11 09:45:50] === Monitor check ===
[2026-05-11 09:45:50] Job 'finetune_k562plus10_striped_maskonly_3' is running (ID=4182079, state=RUNNING).
[2026-05-11 09:45:50] WARNING lines in last 100: 0
[2026-05-11 09:45:50] === Monitor check complete ===
[2026-05-11 09:55:50] === Monitor check ===
[2026-05-11 09:55:50] Job 'finetune_k562plus10_striped_maskonly_3' is running (ID=4182079, state=RUNNING).
[2026-05-11 09:55:50] WARNING lines in last 100: 0
[2026-05-11 09:55:50] === Monitor check complete ===
[2026-05-11 10:05:50] === Monitor check ===
[2026-05-11 10:05:50] Job 'finetune_k562plus10_striped_maskonly_3' is running (ID=4182079, state=RUNNING).
[2026-05-11 10:05:50] WARNING lines in last 100: 0
[2026-05-11 10:05:50] === Monitor check complete ===
[2026-05-11 10:15:50] === Monitor check ===
[2026-05-11 10:15:50] Job 'finetune_k562plus10_striped_maskonly_3' is running (ID=4182079, state=RUNNING).
[2026-05-11 10:15:50] WARNING lines in last 100: 0
[2026-05-11 10:15:50] === Monitor check complete ===
[2026-05-11 10:25:50] === Monitor check ===
[2026-05-11 10:25:50] Job 'finetune_k562plus10_striped_maskonly_3' is running (ID=4182079, state=RUNNING).
[2026-05-11 10:25:51] WARNING lines in last 100: 0
[2026-05-11 10:25:51] === Monitor check complete ===
[2026-05-11 10:35:51] === Monitor check ===
[2026-05-11 10:35:51] Job 'finetune_k562plus10_striped_maskonly_3' is running (ID=4182079, state=RUNNING).
[2026-05-11 10:35:51] WARNING lines in last 100: 0
[2026-05-11 10:35:51] === Monitor check complete ===
[2026-05-11 10:45:51] === Monitor check ===
[2026-05-11 10:45:52] Job 'finetune_k562plus10_striped_maskonly_3' is running (ID=4182079, state=RUNNING).
[2026-05-11 10:45:52] WARNING lines in last 100: 0
[2026-05-11 10:45:52] === Monitor check complete ===
[2026-05-11 10:55:52] === Monitor check ===
[2026-05-11 10:55:52] Job 'finetune_k562plus10_striped_maskonly_3' is running (ID=4182079, state=RUNNING).
[2026-05-11 10:55:52] WARNING lines in last 100: 0
[2026-05-11 10:55:52] === Monitor check complete ===
[2026-05-11 11:05:52] === Monitor check ===
[2026-05-11 11:05:53] Job 'finetune_k562plus10_striped_maskonly_3' is running (ID=4182079, state=RUNNING).
[2026-05-11 11:05:53] WARNING lines in last 100: 0
[2026-05-11 11:05:53] === Monitor check complete ===
[2026-05-11 11:15:53] === Monitor check ===
[2026-05-11 11:15:53] Job 'finetune_k562plus10_striped_maskonly_3' is running (ID=4182079, state=RUNNING).
[2026-05-11 11:15:53] WARNING lines in last 100: 0
[2026-05-11 11:15:53] === Monitor check complete ===
[2026-05-11 11:25:53] === Monitor check ===
[2026-05-11 11:25:53] Job 'finetune_k562plus10_striped_maskonly_3' is running (ID=4182079, state=RUNNING).
[2026-05-11 11:25:53] WARNING lines in last 100: 0
[2026-05-11 11:25:53] === Monitor check complete ===
[2026-05-11 11:35:53] === Monitor check ===
[2026-05-11 11:35:53] Job 'finetune_k562plus10_striped_maskonly_3' is running (ID=4182079, state=RUNNING).
[2026-05-11 11:35:53] WARNING lines in last 100: 0
[2026-05-11 11:35:53] === Monitor check complete ===
[2026-05-11 11:45:53] === Monitor check ===
[2026-05-11 11:46:01] Job 'finetune_k562plus10_striped_maskonly_3' is running (ID=4182079, state=RUNNING).
[2026-05-11 11:46:01] WARNING lines in last 100: 0
[2026-05-11 11:46:01] === Monitor check complete ===
[2026-05-11 11:56:01] === Monitor check ===
[2026-05-11 11:56:01] Job 'finetune_k562plus10_striped_maskonly_3' is running (ID=4182079, state=RUNNING).
[2026-05-11 11:56:01] WARNING lines in last 100: 0
[2026-05-11 11:56:01] === Monitor check complete ===
[2026-05-11 12:06:01] === Monitor check ===
[2026-05-11 12:06:01] Job 'finetune_k562plus10_striped_maskonly_3' is running (ID=4182079, state=RUNNING).
[2026-05-11 12:06:01] WARNING lines in last 100: 0
[2026-05-11 12:06:01] === Monitor check complete ===
[2026-05-11 12:16:01] === Monitor check ===
[2026-05-11 12:16:01] Job 'finetune_k562plus10_striped_maskonly_3' is running (ID=4182079, state=RUNNING).
[2026-05-11 12:16:01] WARNING lines in last 100: 0
[2026-05-11 12:16:01] === Monitor check complete ===
[2026-05-11 12:26:01] === Monitor check ===
[2026-05-11 12:26:02] Job 'finetune_k562plus10_striped_maskonly_3' is running (ID=4182079, state=RUNNING).
[2026-05-11 12:26:02] WARNING lines in last 100: 0
[2026-05-11 12:26:02] === Monitor check complete ===
[2026-05-11 12:36:02] === Monitor check ===
[2026-05-11 12:36:02] Job 'finetune_k562plus10_striped_maskonly_3' is running (ID=4182079, state=RUNNING).
[2026-05-11 12:36:02] WARNING lines in last 100: 0
[2026-05-11 12:36:02] === Monitor check complete ===
[2026-05-11 12:46:02] === Monitor check ===
[2026-05-11 12:46:03] Job 'finetune_k562plus10_striped_maskonly_3' is running (ID=4182079, state=RUNNING).
[2026-05-11 12:46:03] WARNING lines in last 100: 0
[2026-05-11 12:46:03] === Monitor check complete ===
[2026-05-11 12:56:03] === Monitor check ===
[2026-05-11 12:56:03] Job 'finetune_k562plus10_striped_maskonly_3' is running (ID=4182079, state=RUNNING).
[2026-05-11 12:56:03] WARNING lines in last 100: 0
[2026-05-11 12:56:03] === Monitor check complete ===
[2026-05-11 13:06:03] === Monitor check ===
[2026-05-11 13:06:03] Job 'finetune_k562plus10_striped_maskonly_3' is running (ID=4182079, state=RUNNING).
[2026-05-11 13:06:03] WARNING lines in last 100: 0
[2026-05-11 13:06:03] === Monitor check complete ===
[2026-05-11 13:16:03] === Monitor check ===
[2026-05-11 13:16:04] Job 'finetune_k562plus10_striped_maskonly_3' is running (ID=4182079, state=RUNNING).
[2026-05-11 13:16:04] WARNING lines in last 100: 0
[2026-05-11 13:16:04] === Monitor check complete ===
[2026-05-11 13:26:04] === Monitor check ===
[2026-05-11 13:26:04] Job 'finetune_k562plus10_striped_maskonly_3' is running (ID=4182079, state=RUNNING).
[2026-05-11 13:26:04] WARNING lines in last 100: 0
[2026-05-11 13:26:04] === Monitor check complete ===
[2026-05-11 13:36:04] === Monitor check ===
[2026-05-11 13:36:04] Job 'finetune_k562plus10_striped_maskonly_3' is running (ID=4182079, state=RUNNING).
[2026-05-11 13:36:04] WARNING lines in last 100: 0
[2026-05-11 13:36:04] === Monitor check complete ===
[2026-05-11 13:46:04] === Monitor check ===
[2026-05-11 13:46:04] Job 'finetune_k562plus10_striped_maskonly_3' is running (ID=4182079, state=RUNNING).
[2026-05-11 13:46:04] WARNING lines in last 100: 0
[2026-05-11 13:46:04] === Monitor check complete ===
[2026-05-11 13:56:05] === Monitor check ===
[2026-05-11 13:56:05] Job 'finetune_k562plus10_striped_maskonly_3' is running (ID=4182079, state=RUNNING).
[2026-05-11 13:56:05] WARNING lines in last 100: 0
[2026-05-11 13:56:05] === Monitor check complete ===
[2026-05-11 14:06:05] === Monitor check ===
[2026-05-11 14:06:05] Job 'finetune_k562plus10_striped_maskonly_3' is running (ID=4182079, state=RUNNING).
[2026-05-11 14:06:05] WARNING lines in last 100: 0
[2026-05-11 14:06:05] === Monitor check complete ===
[2026-05-11 14:16:05] === Monitor check ===
[2026-05-11 14:16:06] Job 'finetune_k562plus10_striped_maskonly_3' is running (ID=4182079, state=RUNNING).
[2026-05-11 14:16:06] WARNING lines in last 100: 0
[2026-05-11 14:16:06] === Monitor check complete ===
[2026-05-11 14:26:06] === Monitor check ===
[2026-05-11 14:26:06] Job 'finetune_k562plus10_striped_maskonly_3' is running (ID=4182079, state=RUNNING).
[2026-05-11 14:26:06] WARNING lines in last 100: 0
[2026-05-11 14:26:06] === Monitor check complete ===
[2026-05-11 14:36:06] === Monitor check ===
[2026-05-11 14:36:06] Job 'finetune_k562plus10_striped_maskonly_3' is running (ID=4182079, state=RUNNING).
[2026-05-11 14:36:06] WARNING lines in last 100: 0
[2026-05-11 14:36:06] === Monitor check complete ===
[2026-05-11 14:46:06] === Monitor check ===
[2026-05-11 14:46:08] Job 'finetune_k562plus10_striped_maskonly_3' is running (ID=4182079, state=RUNNING).
[2026-05-11 14:46:08] WARNING lines in last 100: 0
[2026-05-11 14:46:08] === Monitor check complete ===
[2026-05-11 14:56:08] === Monitor check ===
[2026-05-11 14:56:08] Job 'finetune_k562plus10_striped_maskonly_3' is running (ID=4182079, state=RUNNING).
[2026-05-11 14:56:08] WARNING lines in last 100: 0
[2026-05-11 14:56:08] === Monitor check complete ===
[2026-05-11 15:06:08] === Monitor check ===
[2026-05-11 15:06:09] Job 'finetune_k562plus10_striped_maskonly_3' is running (ID=4182079, state=RUNNING).
[2026-05-11 15:06:09] WARNING lines in last 100: 0
[2026-05-11 15:06:09] === Monitor check complete ===
[2026-05-11 15:16:09] === Monitor check ===
[2026-05-11 15:16:09] Job 'finetune_k562plus10_striped_maskonly_3' is running (ID=4182079, state=RUNNING).
[2026-05-11 15:16:09] WARNING lines in last 100: 0
[2026-05-11 15:16:09] === Monitor check complete ===
[2026-05-11 15:26:09] === Monitor check ===
[2026-05-11 15:26:10] Job 'finetune_k562plus10_striped_maskonly_3' is running (ID=4182079, state=RUNNING).
[2026-05-11 15:26:10] WARNING lines in last 100: 0
[2026-05-11 15:26:10] === Monitor check complete ===
[2026-05-11 15:36:10] === Monitor check ===
[2026-05-11 15:36:10] Job 'finetune_k562plus10_striped_maskonly_3' is running (ID=4182079, state=RUNNING).
[2026-05-11 15:36:10] WARNING lines in last 100: 0
[2026-05-11 15:36:10] === Monitor check complete ===
[2026-05-11 15:46:10] === Monitor check ===
[2026-05-11 15:46:10] Job 'finetune_k562plus10_striped_maskonly_3' is running (ID=4182079, state=RUNNING).
[2026-05-11 15:46:10] WARNING lines in last 100: 0
[2026-05-11 15:46:10] === Monitor check complete ===
[2026-05-11 15:56:10] === Monitor check ===
[2026-05-11 15:56:10] Job 'finetune_k562plus10_striped_maskonly_3' is running (ID=4182079, state=RUNNING).
[2026-05-11 15:56:10] WARNING lines in last 100: 0
[2026-05-11 15:56:10] === Monitor check complete ===
[2026-05-11 16:06:10] === Monitor check ===
[2026-05-11 16:06:11] Job 'finetune_k562plus10_striped_maskonly_3' is running (ID=4182079, state=RUNNING).
[2026-05-11 16:06:11] WARNING lines in last 100: 0
[2026-05-11 16:06:11] === Monitor check complete ===
[2026-05-11 16:16:11] === Monitor check ===
[2026-05-11 16:16:11] Job 'finetune_k562plus10_striped_maskonly_3' is running (ID=4182079, state=RUNNING).
[2026-05-11 16:16:11] WARNING lines in last 100: 0
[2026-05-11 16:16:11] === Monitor check complete ===
[2026-05-11 16:26:11] === Monitor check ===
[2026-05-11 16:26:11] Job 'finetune_k562plus10_striped_maskonly_3' is running (ID=4182079, state=RUNNING).
[2026-05-11 16:26:11] WARNING lines in last 100: 0
[2026-05-11 16:26:11] === Monitor check complete ===
[2026-05-11 16:36:11] === Monitor check ===
[2026-05-11 16:36:11] Job 'finetune_k562plus10_striped_maskonly_3' is running (ID=4182079, state=RUNNING).
[2026-05-11 16:36:11] WARNING lines in last 100: 0
[2026-05-11 16:36:11] === Monitor check complete ===
[2026-05-11 16:46:11] === Monitor check ===
[2026-05-11 16:46:13] Job 'finetune_k562plus10_striped_maskonly_3' is running (ID=4182079, state=RUNNING).
[2026-05-11 16:46:13] WARNING lines in last 100: 0
[2026-05-11 16:46:13] === Monitor check complete ===
[2026-05-11 16:56:13] === Monitor check ===
[2026-05-11 16:56:13] Job 'finetune_k562plus10_striped_maskonly_3' is running (ID=4182079, state=RUNNING).
[2026-05-11 16:56:13] WARNING lines in last 100: 0
[2026-05-11 16:56:13] === Monitor check complete ===
[2026-05-11 17:06:13] === Monitor check ===
[2026-05-11 17:06:13] Job 'finetune_k562plus10_striped_maskonly_3' is running (ID=4182079, state=RUNNING).
[2026-05-11 17:06:13] WARNING lines in last 100: 0
[2026-05-11 17:06:13] === Monitor check complete ===
[2026-05-11 17:16:13] === Monitor check ===
[2026-05-11 17:16:14] Job 'finetune_k562plus10_striped_maskonly_3' is running (ID=4182079, state=RUNNING).
[2026-05-11 17:16:14] WARNING lines in last 100: 0
[2026-05-11 17:16:14] === Monitor check complete ===
[2026-05-11 17:26:14] === Monitor check ===
[2026-05-11 17:26:14] Job 'finetune_k562plus10_striped_maskonly_3' is running (ID=4182079, state=RUNNING).
[2026-05-11 17:26:14] WARNING lines in last 100: 0
[2026-05-11 17:26:14] === Monitor check complete ===
[2026-05-11 17:36:14] === Monitor check ===
[2026-05-11 17:36:14] Job 'finetune_k562plus10_striped_maskonly_3' is running (ID=4182079, state=RUNNING).
[2026-05-11 17:36:14] WARNING lines in last 100: 0
[2026-05-11 17:36:14] === Monitor check complete ===
[2026-05-11 17:46:14] === Monitor check ===
[2026-05-11 17:46:15] Job 'finetune_k562plus10_striped_maskonly_3' is running (ID=4182079, state=RUNNING).
[2026-05-11 17:46:15] WARNING lines in last 100: 0
[2026-05-11 17:46:15] === Monitor check complete ===
[2026-05-11 17:56:15] === Monitor check ===
[2026-05-11 17:56:15] Job 'finetune_k562plus10_striped_maskonly_3' is running (ID=4182079, state=RUNNING).
[2026-05-11 17:56:15] WARNING lines in last 100: 0
[2026-05-11 17:56:15] === Monitor check complete ===
[2026-05-11 18:06:15] === Monitor check ===
[2026-05-11 18:06:15] Job 'finetune_k562plus10_striped_maskonly_3' is running (ID=4182079, state=RUNNING).
[2026-05-11 18:06:15] WARNING lines in last 100: 0
[2026-05-11 18:06:15] === Monitor check complete ===
[2026-05-11 18:16:15] === Monitor check ===
[2026-05-11 18:16:16] Job 'finetune_k562plus10_striped_maskonly_3' is running (ID=4182079, state=RUNNING).
[2026-05-11 18:16:16] WARNING lines in last 100: 0
[2026-05-11 18:16:16] === Monitor check complete ===
[2026-05-11 18:26:16] === Monitor check ===
[2026-05-11 18:26:16] Job 'finetune_k562plus10_striped_maskonly_3' is running (ID=4182079, state=RUNNING).
[2026-05-11 18:26:16] WARNING lines in last 100: 0
[2026-05-11 18:26:16] === Monitor check complete ===
[2026-05-11 18:36:16] === Monitor check ===
[2026-05-11 18:36:16] Job 'finetune_k562plus10_striped_maskonly_3' is running (ID=4182079, state=RUNNING).
[2026-05-11 18:36:16] WARNING lines in last 100: 0
[2026-05-11 18:36:16] === Monitor check complete ===
[2026-05-11 18:46:16] === Monitor check ===
[2026-05-11 18:46:16] Job 'finetune_k562plus10_striped_maskonly_3' is running (ID=4182079, state=RUNNING).
[2026-05-11 18:46:16] WARNING lines in last 100: 0
[2026-05-11 18:46:16] === Monitor check complete ===
[2026-05-11 18:56:16] === Monitor check ===
[2026-05-11 18:56:16] Job 'finetune_k562plus10_striped_maskonly_3' is running (ID=4182079, state=RUNNING).
[2026-05-11 18:56:16] WARNING lines in last 100: 0
[2026-05-11 18:56:16] === Monitor check complete ===
[2026-05-11 19:06:16] === Monitor check ===
[2026-05-11 19:06:16] Job 'finetune_k562plus10_striped_maskonly_3' is running (ID=4182079, state=RUNNING).
[2026-05-11 19:06:16] WARNING lines in last 100: 0
[2026-05-11 19:06:16] === Monitor check complete ===
[2026-05-11 19:16:16] === Monitor check ===
[2026-05-11 19:16:16] Job 'finetune_k562plus10_striped_maskonly_3' is running (ID=4182079, state=RUNNING).
[2026-05-11 19:16:16] WARNING lines in last 100: 0
[2026-05-11 19:16:16] === Monitor check complete ===
[2026-05-11 19:26:16] === Monitor check ===
[2026-05-11 19:26:16] Job 'finetune_k562plus10_striped_maskonly_3' is running (ID=4182079, state=RUNNING).
[2026-05-11 19:26:16] WARNING lines in last 100: 0
[2026-05-11 19:26:16] === Monitor check complete ===
[2026-05-11 19:36:16] === Monitor check ===
[2026-05-11 19:36:16] Job 'finetune_k562plus10_striped_maskonly_3' is running (ID=4182079, state=RUNNING).
[2026-05-11 19:36:16] WARNING lines in last 100: 0
[2026-05-11 19:36:16] === Monitor check complete ===
[2026-05-11 19:46:16] === Monitor check ===
[2026-05-11 19:46:17] Job 'finetune_k562plus10_striped_maskonly_3' is running (ID=4182079, state=RUNNING).
[2026-05-11 19:46:17] WARNING lines in last 100: 0
[2026-05-11 19:46:17] === Monitor check complete ===
[2026-05-11 19:56:17] === Monitor check ===
[2026-05-11 19:56:17] Job 'finetune_k562plus10_striped_maskonly_3' is running (ID=4182079, state=RUNNING).
[2026-05-11 19:56:17] WARNING lines in last 100: 0
[2026-05-11 19:56:17] === Monitor check complete ===
[2026-05-11 20:06:17] === Monitor check ===
[2026-05-11 20:06:17] Job 'finetune_k562plus10_striped_maskonly_3' is running (ID=4182079, state=RUNNING).
[2026-05-11 20:06:17] WARNING lines in last 100: 0
[2026-05-11 20:06:17] === Monitor check complete ===
[2026-05-11 20:16:17] === Monitor check ===
[2026-05-11 20:16:17] Job 'finetune_k562plus10_striped_maskonly_3' is running (ID=4182079, state=RUNNING).
[2026-05-11 20:16:17] WARNING lines in last 100: 0
[2026-05-11 20:16:17] === Monitor check complete ===
[2026-05-11 20:26:17] === Monitor check ===
[2026-05-11 20:26:17] Job 'finetune_k562plus10_striped_maskonly_3' is running (ID=4182079, state=RUNNING).
[2026-05-11 20:26:17] WARNING lines in last 100: 0
[2026-05-11 20:26:17] === Monitor check complete ===
[2026-05-11 20:36:17] === Monitor check ===
[2026-05-11 20:36:17] Job 'finetune_k562plus10_striped_maskonly_3' is running (ID=4182079, state=RUNNING).
[2026-05-11 20:36:17] WARNING lines in last 100: 0
[2026-05-11 20:36:17] === Monitor check complete ===
[2026-05-11 20:46:17] === Monitor check ===
[2026-05-11 20:46:17] Job 'finetune_k562plus10_striped_maskonly_3' is running (ID=4182079, state=RUNNING).
[2026-05-11 20:46:17] WARNING lines in last 100: 0
[2026-05-11 20:46:17] === Monitor check complete ===
[2026-05-11 20:56:17] === Monitor check ===
[2026-05-11 20:56:17] Job 'finetune_k562plus10_striped_maskonly_3' is running (ID=4182079, state=RUNNING).
[2026-05-11 20:56:17] WARNING lines in last 100: 0
[2026-05-11 20:56:17] === Monitor check complete ===
[2026-05-11 21:06:17] === Monitor check ===
[2026-05-11 21:06:18] Job 'finetune_k562plus10_striped_maskonly_3' is running (ID=4182079, state=RUNNING).
[2026-05-11 21:06:18] WARNING lines in last 100: 0
[2026-05-11 21:06:18] === Monitor check complete ===
[2026-05-11 21:16:18] === Monitor check ===
[2026-05-11 21:16:18] Job 'finetune_k562plus10_striped_maskonly_3' is running (ID=4182079, state=RUNNING).
[2026-05-11 21:16:18] WARNING lines in last 100: 0
[2026-05-11 21:16:18] === Monitor check complete ===
[2026-05-11 21:26:18] === Monitor check ===
[2026-05-11 21:26:18] Job 'finetune_k562plus10_striped_maskonly_3' is running (ID=4182079, state=RUNNING).
[2026-05-11 21:26:18] WARNING lines in last 100: 0
[2026-05-11 21:26:18] === Monitor check complete ===
[2026-05-11 21:36:18] === Monitor check ===
[2026-05-11 21:36:18] Job 'finetune_k562plus10_striped_maskonly_3' is running (ID=4182079, state=RUNNING).
[2026-05-11 21:36:18] WARNING lines in last 100: 0
[2026-05-11 21:36:18] === Monitor check complete ===
[2026-05-11 21:46:18] === Monitor check ===
[2026-05-11 21:46:18] Job 'finetune_k562plus10_striped_maskonly_3' is running (ID=4182079, state=RUNNING).
[2026-05-11 21:46:18] WARNING lines in last 100: 0
[2026-05-11 21:46:18] === Monitor check complete ===
[2026-05-11 21:56:18] === Monitor check ===
[2026-05-11 21:56:18] Job 'finetune_k562plus10_striped_maskonly_3' is running (ID=4182079, state=RUNNING).
[2026-05-11 21:56:18] WARNING lines in last 100: 0
[2026-05-11 21:56:18] === Monitor check complete ===
[2026-05-11 22:06:18] === Monitor check ===
[2026-05-11 22:06:18] Job 'finetune_k562plus10_striped_maskonly_3' is running (ID=4182079, state=RUNNING).
[2026-05-11 22:06:18] WARNING lines in last 100: 0
[2026-05-11 22:06:18] === Monitor check complete ===
[2026-05-11 22:16:18] === Monitor check ===
[2026-05-11 22:16:18] Job 'finetune_k562plus10_striped_maskonly_3' is running (ID=4182079, state=RUNNING).
[2026-05-11 22:16:18] WARNING lines in last 100: 0
[2026-05-11 22:16:18] === Monitor check complete ===
[2026-05-11 22:26:18] === Monitor check ===
[2026-05-11 22:26:18] Job 'finetune_k562plus10_striped_maskonly_3' is running (ID=4182079, state=RUNNING).
[2026-05-11 22:26:18] WARNING lines in last 100: 0
[2026-05-11 22:26:18] === Monitor check complete ===
[2026-05-11 22:36:18] === Monitor check ===
[2026-05-11 22:36:19] Job 'finetune_k562plus10_striped_maskonly_3' is running (ID=4182079, state=RUNNING).
[2026-05-11 22:36:19] WARNING lines in last 100: 0
[2026-05-11 22:36:19] === Monitor check complete ===
[2026-05-11 22:46:19] === Monitor check ===
[2026-05-11 22:46:19] Job 'finetune_k562plus10_striped_maskonly_3' is running (ID=4182079, state=RUNNING).
[2026-05-11 22:46:19] WARNING lines in last 100: 0
[2026-05-11 22:46:19] === Monitor check complete ===
[2026-05-11 22:56:19] === Monitor check ===
[2026-05-11 22:56:19] Job 'finetune_k562plus10_striped_maskonly_3' is running (ID=4182079, state=RUNNING).
[2026-05-11 22:56:19] WARNING lines in last 100: 0
[2026-05-11 22:56:19] === Monitor check complete ===
[2026-05-11 23:06:19] === Monitor check ===
[2026-05-11 23:06:19] Job 'finetune_k562plus10_striped_maskonly_3' is running (ID=4182079, state=RUNNING).
[2026-05-11 23:06:19] WARNING lines in last 100: 0
[2026-05-11 23:06:19] === Monitor check complete ===
[2026-05-11 23:16:19] === Monitor check ===
[2026-05-11 23:16:19] Job 'finetune_k562plus10_striped_maskonly_3' is running (ID=4182079, state=RUNNING).
[2026-05-11 23:16:19] WARNING lines in last 100: 0
[2026-05-11 23:16:19] === Monitor check complete ===
[2026-05-11 23:26:20] === Monitor check ===
[2026-05-11 23:26:20] Job 'finetune_k562plus10_striped_maskonly_3' is running (ID=4182079, state=RUNNING).
[2026-05-11 23:26:20] WARNING lines in last 100: 0
[2026-05-11 23:26:20] === Monitor check complete ===
[2026-05-11 23:36:20] === Monitor check ===
[2026-05-11 23:36:21] Job 'finetune_k562plus10_striped_maskonly_3' is running (ID=4182079, state=RUNNING).
[2026-05-11 23:36:21] WARNING lines in last 100: 0
[2026-05-11 23:36:21] === Monitor check complete ===
[2026-05-11 23:46:21] === Monitor check ===
[2026-05-11 23:46:21] Job 'finetune_k562plus10_striped_maskonly_3' is running (ID=4182079, state=RUNNING).
[2026-05-11 23:46:21] WARNING lines in last 100: 0
[2026-05-11 23:46:21] === Monitor check complete ===
[2026-05-11 23:56:21] === Monitor check ===
[2026-05-11 23:56:21] Job 'finetune_k562plus10_striped_maskonly_3' is running (ID=4182079, state=RUNNING).
[2026-05-11 23:56:22] WARNING lines in last 100: 0
[2026-05-11 23:56:22] === Monitor check complete ===
[2026-05-12 00:06:22] === Monitor check ===
[2026-05-12 00:06:22] Job 'finetune_k562plus10_striped_maskonly_3' is running (ID=4182079, state=RUNNING).
[2026-05-12 00:06:22] WARNING lines in last 100: 0
[2026-05-12 00:06:22] === Monitor check complete ===
[2026-05-12 00:16:22] === Monitor check ===
[2026-05-12 00:16:22] Job 'finetune_k562plus10_striped_maskonly_3' is running (ID=4182079, state=RUNNING).
[2026-05-12 00:16:22] WARNING lines in last 100: 0
[2026-05-12 00:16:22] === Monitor check complete ===
[2026-05-12 00:26:22] === Monitor check ===
[2026-05-12 00:26:22] Job 'finetune_k562plus10_striped_maskonly_3' is running (ID=4182079, state=RUNNING).
[2026-05-12 00:26:22] WARNING lines in last 100: 0
[2026-05-12 00:26:22] === Monitor check complete ===
[2026-05-12 00:36:22] === Monitor check ===
[2026-05-12 00:36:26] Job 'finetune_k562plus10_striped_maskonly_3' is running (ID=4182079, state=RUNNING).
[2026-05-12 00:36:26] WARNING lines in last 100: 0
[2026-05-12 00:36:26] === Monitor check complete ===
[2026-05-12 00:46:26] === Monitor check ===
[2026-05-12 00:46:26] Job 'finetune_k562plus10_striped_maskonly_3' is running (ID=4182079, state=RUNNING).
[2026-05-12 00:46:26] WARNING lines in last 100: 0
[2026-05-12 00:46:26] === Monitor check complete ===
[2026-05-12 00:56:26] === Monitor check ===
[2026-05-12 00:56:27] Job 'finetune_k562plus10_striped_maskonly_3' is running (ID=4182079, state=RUNNING).
[2026-05-12 00:56:27] WARNING lines in last 100: 0
[2026-05-12 00:56:27] === Monitor check complete ===
[2026-05-12 01:06:27] === Monitor check ===
[2026-05-12 01:06:27] Job 'finetune_k562plus10_striped_maskonly_3' is running (ID=4182079, state=RUNNING).
[2026-05-12 01:06:27] WARNING lines in last 100: 0
[2026-05-12 01:06:27] === Monitor check complete ===
[2026-05-12 01:16:27] === Monitor check ===
[2026-05-12 01:16:28] Job 'finetune_k562plus10_striped_maskonly_3' is running (ID=4182079, state=RUNNING).
[2026-05-12 01:16:28] WARNING lines in last 100: 0
[2026-05-12 01:16:28] === Monitor check complete ===
[2026-05-12 01:26:28] === Monitor check ===
[2026-05-12 01:26:28] Job 'finetune_k562plus10_striped_maskonly_3' is running (ID=4182079, state=RUNNING).
[2026-05-12 01:26:28] WARNING lines in last 100: 0
[2026-05-12 01:26:28] === Monitor check complete ===
[2026-05-12 01:36:28] === Monitor check ===
[2026-05-12 01:36:28] Job 'finetune_k562plus10_striped_maskonly_3' is running (ID=4182079, state=RUNNING).
[2026-05-12 01:36:28] WARNING lines in last 100: 0
[2026-05-12 01:36:28] === Monitor check complete ===
[2026-05-12 01:46:28] === Monitor check ===
[2026-05-12 01:46:28] Job 'finetune_k562plus10_striped_maskonly_3' is running (ID=4182079, state=RUNNING).
[2026-05-12 01:46:28] WARNING lines in last 100: 0
[2026-05-12 01:46:28] === Monitor check complete ===
[2026-05-12 01:56:28] === Monitor check ===
[2026-05-12 01:56:28] Job 'finetune_k562plus10_striped_maskonly_3' is running (ID=4182079, state=RUNNING).
[2026-05-12 01:56:28] WARNING lines in last 100: 0
[2026-05-12 01:56:28] === Monitor check complete ===
[2026-05-12 02:06:28] === Monitor check ===
[2026-05-12 02:06:29] Job 'finetune_k562plus10_striped_maskonly_3' is running (ID=4182079, state=RUNNING).
[2026-05-12 02:06:29] WARNING lines in last 100: 0
[2026-05-12 02:06:29] === Monitor check complete ===
[2026-05-12 02:16:29] === Monitor check ===
[2026-05-12 02:16:29] Job 'finetune_k562plus10_striped_maskonly_3' is running (ID=4182079, state=RUNNING).
[2026-05-12 02:16:29] WARNING lines in last 100: 0
[2026-05-12 02:16:29] === Monitor check complete ===
[2026-05-12 02:26:29] === Monitor check ===
[2026-05-12 02:26:29] Job 'finetune_k562plus10_striped_maskonly_3' is running (ID=4182079, state=RUNNING).
[2026-05-12 02:26:29] WARNING lines in last 100: 0
[2026-05-12 02:26:29] === Monitor check complete ===
[2026-05-12 02:36:29] === Monitor check ===
[2026-05-12 02:36:30] Job 'finetune_k562plus10_striped_maskonly_3' is running (ID=4182079, state=RUNNING).
[2026-05-12 02:36:30] WARNING lines in last 100: 0
[2026-05-12 02:36:30] === Monitor check complete ===
[2026-05-12 02:46:30] === Monitor check ===
[2026-05-12 02:46:30] Job 'finetune_k562plus10_striped_maskonly_3' is running (ID=4182079, state=RUNNING).
[2026-05-12 02:46:30] WARNING lines in last 100: 1
[2026-05-12 02:46:30] === Monitor check complete ===
[2026-05-12 02:56:30] === Monitor check ===
[2026-05-12 02:56:30] Job 'finetune_k562plus10_striped_maskonly_3' is running (ID=4182079, state=RUNNING).
[2026-05-12 02:56:30] WARNING lines in last 100: 1
[2026-05-12 02:56:30] === Monitor check complete ===
[2026-05-12 03:06:30] === Monitor check ===
[2026-05-12 03:06:30] Job 'finetune_k562plus10_striped_maskonly_3' is running (ID=4182079, state=RUNNING).
[2026-05-12 03:06:30] WARNING lines in last 100: 1
[2026-05-12 03:06:30] === Monitor check complete ===
[2026-05-12 03:16:30] === Monitor check ===
[2026-05-12 03:16:30] Job 'finetune_k562plus10_striped_maskonly_3' is not running.
[2026-05-12 03:16:30] Latest output file: /data1/lesliec/sarthak/caduceus/jobs/4182079-finetune_k562plus10_striped_maskonly_3.out
[2026-05-12 03:16:31] Using checkpoint: /data1/lesliec/sarthak/caduceus/outputs/2026-05-11/04-46-02-730737/checkpoints/02-step=18500.ckpt
[2026-05-12 03:16:31] Submitting: seed=2255  ckpt=/data1/lesliec/sarthak/caduceus/outputs/2026-05-11/04-46-02-730737/checkpoints/02-step=18500.ckpt
[2026-05-12 03:16:31] Submitted job 4695402. Incrementing seed to 2256.
[2026-05-12 03:16:31] === Monitor check complete ===
[2026-05-12 03:26:31] === Monitor check ===
[2026-05-12 03:26:31] Job 'finetune_k562plus10_striped_maskonly_3' is running (ID=4695402, state=PENDING).
[2026-05-12 03:26:31] Output file not yet available: /data1/lesliec/sarthak/caduceus/jobs/4695402-finetune_k562plus10_striped_maskonly_3.out
[2026-05-12 03:36:31] === Monitor check ===
[2026-05-12 03:36:31] Job 'finetune_k562plus10_striped_maskonly_3' is running (ID=4695402, state=PENDING).
[2026-05-12 03:36:31] Output file not yet available: /data1/lesliec/sarthak/caduceus/jobs/4695402-finetune_k562plus10_striped_maskonly_3.out
[2026-05-12 03:46:31] === Monitor check ===
[2026-05-12 03:46:31] Job 'finetune_k562plus10_striped_maskonly_3' is running (ID=4695402, state=RUNNING).
[2026-05-12 03:46:31] WARNING lines in last 100: 0
[2026-05-12 03:46:31] === Monitor check complete ===
[2026-05-12 03:56:31] === Monitor check ===
[2026-05-12 03:56:32] Job 'finetune_k562plus10_striped_maskonly_3' is running (ID=4695402, state=RUNNING).
[2026-05-12 03:56:32] WARNING lines in last 100: 0
[2026-05-12 03:56:32] === Monitor check complete ===
[2026-05-12 04:06:32] === Monitor check ===
[2026-05-12 04:06:32] Job 'finetune_k562plus10_striped_maskonly_3' is running (ID=4695402, state=RUNNING).
[2026-05-12 04:06:32] WARNING lines in last 100: 0
[2026-05-12 04:06:32] === Monitor check complete ===
[2026-05-12 04:16:32] === Monitor check ===
[2026-05-12 04:16:32] Job 'finetune_k562plus10_striped_maskonly_3' is running (ID=4695402, state=RUNNING).
[2026-05-12 04:16:32] WARNING lines in last 100: 0
[2026-05-12 04:16:32] === Monitor check complete ===
[2026-05-12 04:26:32] === Monitor check ===
[2026-05-12 04:26:32] Job 'finetune_k562plus10_striped_maskonly_3' is running (ID=4695402, state=RUNNING).
[2026-05-12 04:26:32] WARNING lines in last 100: 0
[2026-05-12 04:26:32] === Monitor check complete ===
[2026-05-12 04:36:32] === Monitor check ===
[2026-05-12 04:36:32] Job 'finetune_k562plus10_striped_maskonly_3' is running (ID=4695402, state=RUNNING).
[2026-05-12 04:36:32] WARNING lines in last 100: 0
[2026-05-12 04:36:32] === Monitor check complete ===
[2026-05-12 04:46:32] === Monitor check ===
[2026-05-12 04:46:33] Job 'finetune_k562plus10_striped_maskonly_3' is running (ID=4695402, state=RUNNING).
[2026-05-12 04:46:33] WARNING lines in last 100: 0
[2026-05-12 04:46:33] === Monitor check complete ===
[2026-05-12 04:56:33] === Monitor check ===
[2026-05-12 04:56:33] Job 'finetune_k562plus10_striped_maskonly_3' is running (ID=4695402, state=RUNNING).
[2026-05-12 04:56:33] WARNING lines in last 100: 0
[2026-05-12 04:56:33] === Monitor check complete ===
[2026-05-12 05:06:33] === Monitor check ===
[2026-05-12 05:06:33] Job 'finetune_k562plus10_striped_maskonly_3' is running (ID=4695402, state=RUNNING).
[2026-05-12 05:06:33] WARNING lines in last 100: 0
[2026-05-12 05:06:33] === Monitor check complete ===
[2026-05-12 05:16:33] === Monitor check ===
[2026-05-12 05:16:33] Job 'finetune_k562plus10_striped_maskonly_3' is running (ID=4695402, state=RUNNING).
[2026-05-12 05:16:33] WARNING lines in last 100: 0
[2026-05-12 05:16:33] === Monitor check complete ===
[2026-05-12 05:26:33] === Monitor check ===
[2026-05-12 05:26:33] Job 'finetune_k562plus10_striped_maskonly_3' is running (ID=4695402, state=RUNNING).
[2026-05-12 05:26:33] WARNING lines in last 100: 0
[2026-05-12 05:26:33] === Monitor check complete ===
[2026-05-12 05:36:33] === Monitor check ===
[2026-05-12 05:36:33] Job 'finetune_k562plus10_striped_maskonly_3' is running (ID=4695402, state=RUNNING).
[2026-05-12 05:36:33] WARNING lines in last 100: 0
[2026-05-12 05:36:33] === Monitor check complete ===
[2026-05-12 05:46:33] === Monitor check ===
[2026-05-12 05:46:33] Job 'finetune_k562plus10_striped_maskonly_3' is running (ID=4695402, state=RUNNING).
[2026-05-12 05:46:33] WARNING lines in last 100: 0
[2026-05-12 05:46:33] === Monitor check complete ===
[2026-05-12 05:56:33] === Monitor check ===
[2026-05-12 05:56:33] Job 'finetune_k562plus10_striped_maskonly_3' is not running.
[2026-05-12 05:56:33] Latest output file: /data1/lesliec/sarthak/caduceus/jobs/4695402-finetune_k562plus10_striped_maskonly_3.out
[2026-05-12 05:56:33] Using checkpoint: /data1/lesliec/sarthak/caduceus/outputs/2026-05-11/04-46-02-730737/checkpoints/02-step=18500.ckpt
[2026-05-12 05:56:33] Submitting: seed=2256  ckpt=/data1/lesliec/sarthak/caduceus/outputs/2026-05-11/04-46-02-730737/checkpoints/02-step=18500.ckpt
[2026-05-12 05:56:34] Submitted job 4764237. Incrementing seed to 2257.
[2026-05-12 05:56:34] === Monitor check complete ===
[2026-05-12 06:06:34] === Monitor check ===
[2026-05-12 06:06:34] Job 'finetune_k562plus10_striped_maskonly_3' is running (ID=4764237, state=PENDING).
[2026-05-12 06:06:34] Output file not yet available: /data1/lesliec/sarthak/caduceus/jobs/4764237-finetune_k562plus10_striped_maskonly_3.out
[2026-05-12 06:16:34] === Monitor check ===
[2026-05-12 06:16:34] Job 'finetune_k562plus10_striped_maskonly_3' is running (ID=4764237, state=RUNNING).
[2026-05-12 06:16:34] WARNING lines in last 100: 0
[2026-05-12 06:16:34] === Monitor check complete ===
[2026-05-12 06:26:34] === Monitor check ===
[2026-05-12 06:26:34] Job 'finetune_k562plus10_striped_maskonly_3' is running (ID=4764237, state=RUNNING).
[2026-05-12 06:26:34] WARNING lines in last 100: 0
[2026-05-12 06:26:34] === Monitor check complete ===
[2026-05-12 06:36:34] === Monitor check ===
[2026-05-12 06:36:34] Job 'finetune_k562plus10_striped_maskonly_3' is running (ID=4764237, state=RUNNING).
[2026-05-12 06:36:34] WARNING lines in last 100: 0
[2026-05-12 06:36:34] === Monitor check complete ===
[2026-05-12 06:46:34] === Monitor check ===
[2026-05-12 06:46:34] Job 'finetune_k562plus10_striped_maskonly_3' is running (ID=4764237, state=RUNNING).
[2026-05-12 06:46:35] WARNING lines in last 100: 0
[2026-05-12 06:46:35] === Monitor check complete ===
[2026-05-12 06:56:35] === Monitor check ===
[2026-05-12 06:56:35] Job 'finetune_k562plus10_striped_maskonly_3' is running (ID=4764237, state=RUNNING).
[2026-05-12 06:56:35] WARNING lines in last 100: 0
[2026-05-12 06:56:35] === Monitor check complete ===
[2026-05-12 07:06:35] === Monitor check ===
[2026-05-12 07:06:35] Job 'finetune_k562plus10_striped_maskonly_3' is running (ID=4764237, state=RUNNING).
[2026-05-12 07:06:35] WARNING lines in last 100: 0
[2026-05-12 07:06:35] === Monitor check complete ===
[2026-05-12 07:16:35] === Monitor check ===
[2026-05-12 07:16:35] Job 'finetune_k562plus10_striped_maskonly_3' is running (ID=4764237, state=RUNNING).
[2026-05-12 07:16:35] WARNING lines in last 100: 0
[2026-05-12 07:16:35] === Monitor check complete ===
[2026-05-12 07:26:35] === Monitor check ===
[2026-05-12 07:26:35] Job 'finetune_k562plus10_striped_maskonly_3' is running (ID=4764237, state=RUNNING).
[2026-05-12 07:26:35] WARNING lines in last 100: 0
[2026-05-12 07:26:35] === Monitor check complete ===
[2026-05-12 07:36:35] === Monitor check ===
[2026-05-12 07:36:36] Job 'finetune_k562plus10_striped_maskonly_3' is running (ID=4764237, state=RUNNING).
[2026-05-12 07:36:36] WARNING lines in last 100: 0
[2026-05-12 07:36:36] === Monitor check complete ===
[2026-05-12 07:46:36] === Monitor check ===
[2026-05-12 07:46:36] Job 'finetune_k562plus10_striped_maskonly_3' is running (ID=4764237, state=RUNNING).
[2026-05-12 07:46:36] WARNING lines in last 100: 0
[2026-05-12 07:46:36] === Monitor check complete ===
[2026-05-12 07:56:36] === Monitor check ===
[2026-05-12 07:56:37] Job 'finetune_k562plus10_striped_maskonly_3' is running (ID=4764237, state=RUNNING).
[2026-05-12 07:56:37] WARNING lines in last 100: 0
[2026-05-12 07:56:37] === Monitor check complete ===
[2026-05-12 08:06:37] === Monitor check ===
[2026-05-12 08:06:37] Job 'finetune_k562plus10_striped_maskonly_3' is running (ID=4764237, state=RUNNING).
[2026-05-12 08:06:37] WARNING lines in last 100: 0
[2026-05-12 08:06:37] === Monitor check complete ===
[2026-05-12 08:16:37] === Monitor check ===
[2026-05-12 08:16:37] Job 'finetune_k562plus10_striped_maskonly_3' is running (ID=4764237, state=RUNNING).
[2026-05-12 08:16:37] WARNING lines in last 100: 0
[2026-05-12 08:16:37] === Monitor check complete ===
[2026-05-12 08:26:37] === Monitor check ===
[2026-05-12 08:26:37] Job 'finetune_k562plus10_striped_maskonly_3' is running (ID=4764237, state=RUNNING).
[2026-05-12 08:26:37] WARNING lines in last 100: 0
[2026-05-12 08:26:37] === Monitor check complete ===
[2026-05-12 08:36:37] === Monitor check ===
[2026-05-12 08:36:38] Job 'finetune_k562plus10_striped_maskonly_3' is running (ID=4764237, state=RUNNING).
[2026-05-12 08:36:38] WARNING lines in last 100: 0
[2026-05-12 08:36:38] === Monitor check complete ===
[2026-05-12 08:46:38] === Monitor check ===
[2026-05-12 08:46:38] Job 'finetune_k562plus10_striped_maskonly_3' is running (ID=4764237, state=RUNNING).
[2026-05-12 08:46:38] WARNING lines in last 100: 0
[2026-05-12 08:46:38] === Monitor check complete ===
[2026-05-12 08:56:38] === Monitor check ===
[2026-05-12 08:56:38] Job 'finetune_k562plus10_striped_maskonly_3' is running (ID=4764237, state=RUNNING).
[2026-05-12 08:56:38] WARNING lines in last 100: 1
[2026-05-12 08:56:38] === Monitor check complete ===
[2026-05-12 09:06:38] === Monitor check ===
[2026-05-12 09:06:38] Job 'finetune_k562plus10_striped_maskonly_3' is running (ID=4764237, state=RUNNING).
[2026-05-12 09:06:38] WARNING lines in last 100: 1
[2026-05-12 09:06:38] === Monitor check complete ===
[2026-05-12 09:16:38] === Monitor check ===
[2026-05-12 09:16:38] Job 'finetune_k562plus10_striped_maskonly_3' is running (ID=4764237, state=RUNNING).
[2026-05-12 09:16:38] WARNING lines in last 100: 1
[2026-05-12 09:16:38] === Monitor check complete ===
[2026-05-12 09:26:39] === Monitor check ===
[2026-05-12 09:26:39] Job 'finetune_k562plus10_striped_maskonly_3' is not running.
[2026-05-12 09:26:39] Latest output file: /data1/lesliec/sarthak/caduceus/jobs/4764237-finetune_k562plus10_striped_maskonly_3.out
[2026-05-12 09:26:39] Using checkpoint: /data1/lesliec/sarthak/caduceus/outputs/2026-05-11/04-46-02-730737/checkpoints/02-step=18500.ckpt
[2026-05-12 09:26:39] Submitting: seed=2257  ckpt=/data1/lesliec/sarthak/caduceus/outputs/2026-05-11/04-46-02-730737/checkpoints/02-step=18500.ckpt
[2026-05-12 09:26:39] Submitted job 4857621. Incrementing seed to 2258.
[2026-05-12 09:26:39] === Monitor check complete ===
[2026-05-12 09:36:39] === Monitor check ===
[2026-05-12 09:36:39] Job 'finetune_k562plus10_striped_maskonly_3' is running (ID=4857621, state=RUNNING).
[2026-05-12 09:36:39] WARNING lines in last 100: 0
[2026-05-12 09:36:39] === Monitor check complete ===
[2026-05-12 09:46:39] === Monitor check ===
[2026-05-12 09:46:39] Job 'finetune_k562plus10_striped_maskonly_3' is running (ID=4857621, state=RUNNING).
[2026-05-12 09:46:39] WARNING lines in last 100: 0
[2026-05-12 09:46:39] === Monitor check complete ===
[2026-05-12 09:56:39] === Monitor check ===
[2026-05-12 09:56:42] Job 'finetune_k562plus10_striped_maskonly_3' is running (ID=4857621, state=RUNNING).
[2026-05-12 09:56:42] WARNING lines in last 100: 0
[2026-05-12 09:56:42] === Monitor check complete ===
[2026-05-12 10:06:42] === Monitor check ===
[2026-05-12 10:06:42] Job 'finetune_k562plus10_striped_maskonly_3' is running (ID=4857621, state=RUNNING).
[2026-05-12 10:06:42] WARNING lines in last 100: 0
[2026-05-12 10:06:42] === Monitor check complete ===
[2026-05-12 10:16:42] === Monitor check ===
[2026-05-12 10:16:43] Job 'finetune_k562plus10_striped_maskonly_3' is running (ID=4857621, state=RUNNING).
[2026-05-12 10:16:43] WARNING lines in last 100: 0
[2026-05-12 10:16:43] === Monitor check complete ===
[2026-05-12 10:26:43] === Monitor check ===
[2026-05-12 10:26:45] Job 'finetune_k562plus10_striped_maskonly_3' is running (ID=4857621, state=RUNNING).
[2026-05-12 10:26:45] WARNING lines in last 100: 0
[2026-05-12 10:26:45] === Monitor check complete ===
[2026-05-12 10:36:45] === Monitor check ===
[2026-05-12 10:36:46] Job 'finetune_k562plus10_striped_maskonly_3' is running (ID=4857621, state=RUNNING).
[2026-05-12 10:36:46] WARNING lines in last 100: 0
[2026-05-12 10:36:46] === Monitor check complete ===
[2026-05-12 10:46:46] === Monitor check ===
[2026-05-12 10:46:46] Job 'finetune_k562plus10_striped_maskonly_3' is running (ID=4857621, state=RUNNING).
[2026-05-12 10:46:46] WARNING lines in last 100: 0
[2026-05-12 10:46:46] === Monitor check complete ===
[2026-05-12 10:56:46] === Monitor check ===
[2026-05-12 10:56:46] Job 'finetune_k562plus10_striped_maskonly_3' is running (ID=4857621, state=RUNNING).
[2026-05-12 10:56:46] WARNING lines in last 100: 0
[2026-05-12 10:56:46] === Monitor check complete ===
[2026-05-12 11:06:46] === Monitor check ===
[2026-05-12 11:07:00] Job 'finetune_k562plus10_striped_maskonly_3' is running (ID=4857621, state=RUNNING).
[2026-05-12 11:07:00] WARNING lines in last 100: 0
[2026-05-12 11:07:00] === Monitor check complete ===
[2026-05-12 11:17:00] === Monitor check ===
[2026-05-12 11:17:06] Job 'finetune_k562plus10_striped_maskonly_3' is running (ID=4857621, state=RUNNING).
[2026-05-12 11:17:06] WARNING lines in last 100: 0
[2026-05-12 11:17:06] === Monitor check complete ===
[2026-05-12 11:27:06] === Monitor check ===
[2026-05-12 11:27:06] Job 'finetune_k562plus10_striped_maskonly_3' is running (ID=4857621, state=RUNNING).
[2026-05-12 11:27:06] WARNING lines in last 100: 0
[2026-05-12 11:27:06] === Monitor check complete ===
[2026-05-12 11:37:06] === Monitor check ===
[2026-05-12 11:37:15] Job 'finetune_k562plus10_striped_maskonly_3' is running (ID=4857621, state=RUNNING).
[2026-05-12 11:37:15] WARNING lines in last 100: 0
[2026-05-12 11:37:15] === Monitor check complete ===
[2026-05-12 11:47:15] === Monitor check ===
[2026-05-12 11:47:21] Job 'finetune_k562plus10_striped_maskonly_3' is running (ID=4857621, state=RUNNING).
[2026-05-12 11:47:21] WARNING lines in last 100: 0
[2026-05-12 11:47:21] === Monitor check complete ===
[2026-05-12 11:57:21] === Monitor check ===
[2026-05-12 11:57:21] Job 'finetune_k562plus10_striped_maskonly_3' is running (ID=4857621, state=RUNNING).
[2026-05-12 11:57:21] WARNING lines in last 100: 2
[2026-05-12 11:57:21] === Monitor check complete ===
[2026-05-12 12:07:21] === Monitor check ===
[2026-05-12 12:07:21] Job 'finetune_k562plus10_striped_maskonly_3' is running (ID=4857621, state=RUNNING).
[2026-05-12 12:07:21] WARNING lines in last 100: 1
[2026-05-12 12:07:21] === Monitor check complete ===
[2026-05-12 12:17:21] === Monitor check ===
[2026-05-12 12:17:31] Job 'finetune_k562plus10_striped_maskonly_3' is running (ID=4857621, state=RUNNING).
[2026-05-12 12:17:31] WARNING lines in last 100: 1
[2026-05-12 12:17:31] === Monitor check complete ===
[2026-05-12 12:27:31] === Monitor check ===
[2026-05-12 12:28:02] Job 'finetune_k562plus10_striped_maskonly_3' is not running.
[2026-05-12 12:28:02] Latest output file: /data1/lesliec/sarthak/caduceus/jobs/4857621-finetune_k562plus10_striped_maskonly_3.out
[2026-05-12 12:28:02] Using checkpoint: /data1/lesliec/sarthak/caduceus/outputs/2026-05-11/04-46-02-730737/checkpoints/02-step=18500.ckpt
[2026-05-12 12:28:02] Submitting: seed=2258  ckpt=/data1/lesliec/sarthak/caduceus/outputs/2026-05-11/04-46-02-730737/checkpoints/02-step=18500.ckpt
[2026-05-12 12:28:16] Submitted job 4965666. Incrementing seed to 2259.
[2026-05-12 12:28:16] === Monitor check complete ===
[2026-05-12 12:38:16] === Monitor check ===
[2026-05-12 12:38:16] Job 'finetune_k562plus10_striped_maskonly_3' is running (ID=4965666, state=RUNNING).
[2026-05-12 12:38:16] WARNING lines in last 100: 0
[2026-05-12 12:38:16] === Monitor check complete ===
[2026-05-12 12:48:16] === Monitor check ===
[2026-05-12 12:48:16] Job 'finetune_k562plus10_striped_maskonly_3' is running (ID=4965666, state=RUNNING).
[2026-05-12 12:48:16] WARNING lines in last 100: 0
[2026-05-12 12:48:16] === Monitor check complete ===
[2026-05-12 12:58:16] === Monitor check ===
[2026-05-12 12:58:30] Job 'finetune_k562plus10_striped_maskonly_3' is running (ID=4965666, state=RUNNING).
[2026-05-12 12:58:30] WARNING lines in last 100: 0
[2026-05-12 12:58:30] === Monitor check complete ===
[2026-05-12 13:08:30] === Monitor check ===
[2026-05-12 13:08:30] Job 'finetune_k562plus10_striped_maskonly_3' is running (ID=4965666, state=RUNNING).
[2026-05-12 13:08:30] WARNING lines in last 100: 0
[2026-05-12 13:08:30] === Monitor check complete ===
[2026-05-12 13:18:30] === Monitor check ===
[2026-05-12 13:18:30] Job 'finetune_k562plus10_striped_maskonly_3' is running (ID=4965666, state=RUNNING).
[2026-05-12 13:18:30] WARNING lines in last 100: 0
[2026-05-12 13:18:30] === Monitor check complete ===
[2026-05-12 13:28:30] === Monitor check ===
[2026-05-12 13:28:44] Job 'finetune_k562plus10_striped_maskonly_3' is running (ID=4965666, state=RUNNING).
[2026-05-12 13:28:44] WARNING lines in last 100: 0
[2026-05-12 13:28:44] === Monitor check complete ===
[2026-05-12 13:38:44] === Monitor check ===
[2026-05-12 13:38:44] Job 'finetune_k562plus10_striped_maskonly_3' is running (ID=4965666, state=RUNNING).
[2026-05-12 13:38:44] WARNING lines in last 100: 0
[2026-05-12 13:38:44] === Monitor check complete ===
[2026-05-12 13:48:44] === Monitor check ===
[2026-05-12 13:48:45] Job 'finetune_k562plus10_striped_maskonly_3' is running (ID=4965666, state=RUNNING).
[2026-05-12 13:48:45] WARNING lines in last 100: 0
[2026-05-12 13:48:45] === Monitor check complete ===
[2026-05-12 13:58:45] === Monitor check ===
[2026-05-12 13:58:45] Job 'finetune_k562plus10_striped_maskonly_3' is running (ID=4965666, state=RUNNING).
[2026-05-12 13:58:45] WARNING lines in last 100: 0
[2026-05-12 13:58:45] === Monitor check complete ===
[2026-05-12 14:08:45] === Monitor check ===
[2026-05-12 14:08:45] Job 'finetune_k562plus10_striped_maskonly_3' is running (ID=4965666, state=RUNNING).
[2026-05-12 14:08:45] WARNING lines in last 100: 0
[2026-05-12 14:08:45] === Monitor check complete ===
[2026-05-12 14:18:45] === Monitor check ===
[2026-05-12 14:18:49] Job 'finetune_k562plus10_striped_maskonly_3' is running (ID=4965666, state=RUNNING).
[2026-05-12 14:18:49] WARNING lines in last 100: 0
[2026-05-12 14:18:49] === Monitor check complete ===
[2026-05-12 14:28:49] === Monitor check ===
[2026-05-12 14:28:49] Job 'finetune_k562plus10_striped_maskonly_3' is running (ID=4965666, state=RUNNING).
[2026-05-12 14:28:49] WARNING lines in last 100: 0
[2026-05-12 14:28:49] === Monitor check complete ===
[2026-05-12 14:38:49] === Monitor check ===
[2026-05-12 14:38:49] Job 'finetune_k562plus10_striped_maskonly_3' is running (ID=4965666, state=RUNNING).
[2026-05-12 14:38:49] WARNING lines in last 100: 0
[2026-05-12 14:38:49] === Monitor check complete ===
[2026-05-12 14:48:49] === Monitor check ===
[2026-05-12 14:48:55] Job 'finetune_k562plus10_striped_maskonly_3' is running (ID=4965666, state=RUNNING).
[2026-05-12 14:48:55] WARNING lines in last 100: 0
[2026-05-12 14:48:55] === Monitor check complete ===
[2026-05-12 14:58:55] === Monitor check ===
[2026-05-12 14:58:55] Job 'finetune_k562plus10_striped_maskonly_3' is running (ID=4965666, state=RUNNING).
[2026-05-12 14:58:55] WARNING lines in last 100: 0
[2026-05-12 14:58:55] === Monitor check complete ===
[2026-05-12 15:08:55] === Monitor check ===
[2026-05-12 15:08:55] Job 'finetune_k562plus10_striped_maskonly_3' is running (ID=4965666, state=RUNNING).
[2026-05-12 15:08:55] WARNING lines in last 100: 0
[2026-05-12 15:08:55] === Monitor check complete ===
[2026-05-12 15:18:55] === Monitor check ===
[2026-05-12 15:18:59] Job 'finetune_k562plus10_striped_maskonly_3' is running (ID=4965666, state=RUNNING).
[2026-05-12 15:18:59] WARNING lines in last 100: 0
[2026-05-12 15:18:59] === Monitor check complete ===
[2026-05-12 15:28:59] === Monitor check ===
[2026-05-12 15:28:59] Job 'finetune_k562plus10_striped_maskonly_3' is running (ID=4965666, state=RUNNING).
[2026-05-12 15:28:59] WARNING lines in last 100: 0
[2026-05-12 15:28:59] === Monitor check complete ===
[2026-05-12 15:38:59] === Monitor check ===
[2026-05-12 15:38:59] Job 'finetune_k562plus10_striped_maskonly_3' is running (ID=4965666, state=RUNNING).
[2026-05-12 15:38:59] WARNING lines in last 100: 0
[2026-05-12 15:38:59] === Monitor check complete ===
[2026-05-12 15:48:59] === Monitor check ===
[2026-05-12 15:49:13] Job 'finetune_k562plus10_striped_maskonly_3' is running (ID=4965666, state=RUNNING).
[2026-05-12 15:49:13] WARNING lines in last 100: 0
[2026-05-12 15:49:13] === Monitor check complete ===
[2026-05-12 15:59:13] === Monitor check ===
[2026-05-12 15:59:14] Job 'finetune_k562plus10_striped_maskonly_3' is running (ID=4965666, state=RUNNING).
[2026-05-12 15:59:14] WARNING lines in last 100: 0
[2026-05-12 15:59:14] === Monitor check complete ===
[2026-05-12 16:09:14] === Monitor check ===
[2026-05-12 16:09:14] Job 'finetune_k562plus10_striped_maskonly_3' is running (ID=4965666, state=RUNNING).
[2026-05-12 16:09:14] WARNING lines in last 100: 0
[2026-05-12 16:09:14] === Monitor check complete ===
[2026-05-12 16:19:14] === Monitor check ===
[2026-05-12 16:19:14] Job 'finetune_k562plus10_striped_maskonly_3' is running (ID=4965666, state=RUNNING).
[2026-05-12 16:19:14] WARNING lines in last 100: 0
[2026-05-12 16:19:14] === Monitor check complete ===
[2026-05-12 16:29:14] === Monitor check ===
[2026-05-12 16:29:15] Job 'finetune_k562plus10_striped_maskonly_3' is running (ID=4965666, state=RUNNING).
[2026-05-12 16:29:15] WARNING lines in last 100: 0
[2026-05-12 16:29:15] === Monitor check complete ===
[2026-05-12 16:39:15] === Monitor check ===
[2026-05-12 16:39:15] Job 'finetune_k562plus10_striped_maskonly_3' is running (ID=4965666, state=RUNNING).
[2026-05-12 16:39:15] WARNING lines in last 100: 0
[2026-05-12 16:39:15] === Monitor check complete ===
[2026-05-12 16:49:15] === Monitor check ===
[2026-05-12 16:49:15] Job 'finetune_k562plus10_striped_maskonly_3' is running (ID=4965666, state=RUNNING).
[2026-05-12 16:49:15] WARNING lines in last 100: 0
[2026-05-12 16:49:15] === Monitor check complete ===
[2026-05-12 16:59:15] === Monitor check ===
[2026-05-12 16:59:15] Job 'finetune_k562plus10_striped_maskonly_3' is running (ID=4965666, state=RUNNING).
[2026-05-12 16:59:15] WARNING lines in last 100: 0
[2026-05-12 16:59:15] === Monitor check complete ===
[2026-05-12 17:09:15] === Monitor check ===
[2026-05-12 17:09:15] Job 'finetune_k562plus10_striped_maskonly_3' is running (ID=4965666, state=RUNNING).
[2026-05-12 17:09:15] WARNING lines in last 100: 0
[2026-05-12 17:09:15] === Monitor check complete ===
[2026-05-12 17:19:15] === Monitor check ===
[2026-05-12 17:19:16] Job 'finetune_k562plus10_striped_maskonly_3' is running (ID=4965666, state=RUNNING).
[2026-05-12 17:19:16] WARNING lines in last 100: 0
[2026-05-12 17:19:16] === Monitor check complete ===
[2026-05-12 17:29:16] === Monitor check ===
[2026-05-12 17:29:16] Job 'finetune_k562plus10_striped_maskonly_3' is running (ID=4965666, state=RUNNING).
[2026-05-12 17:29:16] WARNING lines in last 100: 0
[2026-05-12 17:29:16] === Monitor check complete ===
[2026-05-12 17:39:16] === Monitor check ===
[2026-05-12 17:39:16] Job 'finetune_k562plus10_striped_maskonly_3' is running (ID=4965666, state=RUNNING).
[2026-05-12 17:39:16] WARNING lines in last 100: 0
[2026-05-12 17:39:16] === Monitor check complete ===
[2026-05-12 17:49:16] === Monitor check ===
[2026-05-12 17:49:17] Job 'finetune_k562plus10_striped_maskonly_3' is running (ID=4965666, state=RUNNING).
[2026-05-12 17:49:17] WARNING lines in last 100: 0
[2026-05-12 17:49:17] === Monitor check complete ===
[2026-05-12 17:59:17] === Monitor check ===
[2026-05-12 17:59:17] Job 'finetune_k562plus10_striped_maskonly_3' is running (ID=4965666, state=RUNNING).
[2026-05-12 17:59:17] WARNING lines in last 100: 0
[2026-05-12 17:59:17] === Monitor check complete ===
[2026-05-12 18:09:17] === Monitor check ===
[2026-05-12 18:09:17] Job 'finetune_k562plus10_striped_maskonly_3' is running (ID=4965666, state=RUNNING).
[2026-05-12 18:09:17] WARNING lines in last 100: 1
[2026-05-12 18:09:17] === Monitor check complete ===
[2026-05-12 18:19:17] === Monitor check ===
[2026-05-12 18:19:17] Job 'finetune_k562plus10_striped_maskonly_3' is running (ID=4965666, state=RUNNING).
[2026-05-12 18:19:17] WARNING lines in last 100: 1
[2026-05-12 18:19:17] === Monitor check complete ===
[2026-05-12 18:29:17] === Monitor check ===
[2026-05-12 18:29:18] Job 'finetune_k562plus10_striped_maskonly_3' is running (ID=4965666, state=RUNNING).
[2026-05-12 18:29:18] WARNING lines in last 100: 1
[2026-05-12 18:29:18] === Monitor check complete ===
[2026-05-12 18:39:18] === Monitor check ===
[2026-05-12 18:39:18] Job 'finetune_k562plus10_striped_maskonly_3' is not running.
[2026-05-12 18:39:18] Latest output file: /data1/lesliec/sarthak/caduceus/jobs/4965666-finetune_k562plus10_striped_maskonly_3.out
[2026-05-12 18:39:18] Using checkpoint: /data1/lesliec/sarthak/caduceus/outputs/2026-05-12/12-28-38-263528/checkpoints/02-step=18750.ckpt
[2026-05-12 18:39:18] Submitting: seed=2259  ckpt=/data1/lesliec/sarthak/caduceus/outputs/2026-05-12/12-28-38-263528/checkpoints/02-step=18750.ckpt
[2026-05-12 18:39:18] Submitted job 5084800. Incrementing seed to 2260.
[2026-05-12 18:39:18] === Monitor check complete ===
[2026-05-12 18:49:18] === Monitor check ===
[2026-05-12 18:49:18] Job 'finetune_k562plus10_striped_maskonly_3' is running (ID=5084800, state=PENDING).
[2026-05-12 18:49:18] Output file not yet available: /data1/lesliec/sarthak/caduceus/jobs/5084800-finetune_k562plus10_striped_maskonly_3.out
[2026-05-12 18:59:18] === Monitor check ===
[2026-05-12 18:59:18] Job 'finetune_k562plus10_striped_maskonly_3' is running (ID=5084800, state=PENDING).
[2026-05-12 18:59:18] Output file not yet available: /data1/lesliec/sarthak/caduceus/jobs/5084800-finetune_k562plus10_striped_maskonly_3.out
[2026-05-12 19:09:18] === Monitor check ===
[2026-05-12 19:09:18] Job 'finetune_k562plus10_striped_maskonly_3' is running (ID=5084800, state=PENDING).
[2026-05-12 19:09:18] Output file not yet available: /data1/lesliec/sarthak/caduceus/jobs/5084800-finetune_k562plus10_striped_maskonly_3.out
[2026-05-12 19:19:18] === Monitor check ===
[2026-05-12 19:19:19] Job 'finetune_k562plus10_striped_maskonly_3' is running (ID=5084800, state=RUNNING).
[2026-05-12 19:19:19] WARNING lines in last 100: 0
[2026-05-12 19:19:19] === Monitor check complete ===
[2026-05-12 19:29:19] === Monitor check ===
[2026-05-12 19:29:19] Job 'finetune_k562plus10_striped_maskonly_3' is running (ID=5084800, state=RUNNING).
[2026-05-12 19:29:19] WARNING lines in last 100: 0
[2026-05-12 19:29:19] === Monitor check complete ===
[2026-05-12 19:39:19] === Monitor check ===
[2026-05-12 19:39:19] Job 'finetune_k562plus10_striped_maskonly_3' is running (ID=5084800, state=RUNNING).
[2026-05-12 19:39:19] WARNING lines in last 100: 0
[2026-05-12 19:39:19] === Monitor check complete ===
[2026-05-12 19:49:19] === Monitor check ===
[2026-05-12 19:49:19] Job 'finetune_k562plus10_striped_maskonly_3' is running (ID=5084800, state=RUNNING).
[2026-05-12 19:49:19] WARNING lines in last 100: 0
[2026-05-12 19:49:19] === Monitor check complete ===
[2026-05-12 19:59:19] === Monitor check ===
[2026-05-12 19:59:20] Job 'finetune_k562plus10_striped_maskonly_3' is running (ID=5084800, state=RUNNING).
[2026-05-12 19:59:20] WARNING lines in last 100: 0
[2026-05-12 19:59:20] === Monitor check complete ===
[2026-05-12 20:09:20] === Monitor check ===
[2026-05-12 20:09:20] Job 'finetune_k562plus10_striped_maskonly_3' is running (ID=5084800, state=RUNNING).
[2026-05-12 20:09:20] WARNING lines in last 100: 0
[2026-05-12 20:09:20] === Monitor check complete ===
[2026-05-12 20:19:20] === Monitor check ===
[2026-05-12 20:19:21] Job 'finetune_k562plus10_striped_maskonly_3' is running (ID=5084800, state=RUNNING).
[2026-05-12 20:19:21] WARNING lines in last 100: 0
[2026-05-12 20:19:21] === Monitor check complete ===
[2026-05-12 20:29:21] === Monitor check ===
[2026-05-12 20:29:21] Job 'finetune_k562plus10_striped_maskonly_3' is running (ID=5084800, state=RUNNING).
[2026-05-12 20:29:21] WARNING lines in last 100: 0
[2026-05-12 20:29:21] === Monitor check complete ===
[2026-05-12 20:39:21] === Monitor check ===
[2026-05-12 20:39:21] Job 'finetune_k562plus10_striped_maskonly_3' is running (ID=5084800, state=RUNNING).
[2026-05-12 20:39:21] WARNING lines in last 100: 0
[2026-05-12 20:39:21] === Monitor check complete ===
[2026-05-12 20:49:21] === Monitor check ===
[2026-05-12 20:49:22] Job 'finetune_k562plus10_striped_maskonly_3' is running (ID=5084800, state=RUNNING).
[2026-05-12 20:49:22] WARNING lines in last 100: 0
[2026-05-12 20:49:22] === Monitor check complete ===
[2026-05-12 20:59:22] === Monitor check ===
[2026-05-12 20:59:22] Job 'finetune_k562plus10_striped_maskonly_3' is running (ID=5084800, state=RUNNING).
[2026-05-12 20:59:22] WARNING lines in last 100: 0
[2026-05-12 20:59:22] === Monitor check complete ===
[2026-05-12 21:09:22] === Monitor check ===
[2026-05-12 21:09:22] Job 'finetune_k562plus10_striped_maskonly_3' is running (ID=5084800, state=RUNNING).
[2026-05-12 21:09:22] WARNING lines in last 100: 0
[2026-05-12 21:09:22] === Monitor check complete ===
[2026-05-12 21:19:22] === Monitor check ===
[2026-05-12 21:19:22] Job 'finetune_k562plus10_striped_maskonly_3' is running (ID=5084800, state=RUNNING).
[2026-05-12 21:19:22] WARNING lines in last 100: 0
[2026-05-12 21:19:22] === Monitor check complete ===
[2026-05-12 21:29:22] === Monitor check ===
[2026-05-12 21:29:23] Job 'finetune_k562plus10_striped_maskonly_3' is running (ID=5084800, state=RUNNING).
[2026-05-12 21:29:23] WARNING lines in last 100: 0
[2026-05-12 21:29:23] === Monitor check complete ===
[2026-05-12 21:39:23] === Monitor check ===
[2026-05-12 21:39:23] Job 'finetune_k562plus10_striped_maskonly_3' is running (ID=5084800, state=RUNNING).
[2026-05-12 21:39:23] WARNING lines in last 100: 0
[2026-05-12 21:39:23] === Monitor check complete ===
[2026-05-12 21:49:23] === Monitor check ===
[2026-05-12 21:49:24] Job 'finetune_k562plus10_striped_maskonly_3' is running (ID=5084800, state=RUNNING).
[2026-05-12 21:49:24] WARNING lines in last 100: 0
[2026-05-12 21:49:24] === Monitor check complete ===
[2026-05-12 21:59:24] === Monitor check ===
[2026-05-12 21:59:24] Job 'finetune_k562plus10_striped_maskonly_3' is running (ID=5084800, state=RUNNING).
[2026-05-12 21:59:24] WARNING lines in last 100: 0
[2026-05-12 21:59:24] === Monitor check complete ===
[2026-05-12 22:09:24] === Monitor check ===
[2026-05-12 22:09:24] Job 'finetune_k562plus10_striped_maskonly_3' is running (ID=5084800, state=RUNNING).
[2026-05-12 22:09:24] WARNING lines in last 100: 0
[2026-05-12 22:09:24] === Monitor check complete ===
[2026-05-12 22:19:24] === Monitor check ===
[2026-05-12 22:19:24] Job 'finetune_k562plus10_striped_maskonly_3' is running (ID=5084800, state=RUNNING).
[2026-05-12 22:19:24] WARNING lines in last 100: 0
[2026-05-12 22:19:24] === Monitor check complete ===
[2026-05-12 22:29:24] === Monitor check ===
[2026-05-12 22:29:27] Job 'finetune_k562plus10_striped_maskonly_3' is running (ID=5084800, state=RUNNING).
[2026-05-12 22:29:27] WARNING lines in last 100: 0
[2026-05-12 22:29:27] === Monitor check complete ===
[2026-05-12 22:39:27] === Monitor check ===
[2026-05-12 22:39:27] Job 'finetune_k562plus10_striped_maskonly_3' is running (ID=5084800, state=RUNNING).
[2026-05-12 22:39:27] WARNING lines in last 100: 0
[2026-05-12 22:39:27] === Monitor check complete ===
[2026-05-12 22:49:27] === Monitor check ===
[2026-05-12 22:49:27] Job 'finetune_k562plus10_striped_maskonly_3' is running (ID=5084800, state=RUNNING).
[2026-05-12 22:49:27] WARNING lines in last 100: 0
[2026-05-12 22:49:27] === Monitor check complete ===
[2026-05-12 22:59:27] === Monitor check ===
[2026-05-12 22:59:27] Job 'finetune_k562plus10_striped_maskonly_3' is running (ID=5084800, state=RUNNING).
[2026-05-12 22:59:27] WARNING lines in last 100: 0
[2026-05-12 22:59:27] === Monitor check complete ===
[2026-05-12 23:09:27] === Monitor check ===
[2026-05-12 23:09:28] Job 'finetune_k562plus10_striped_maskonly_3' is running (ID=5084800, state=RUNNING).
[2026-05-12 23:09:28] WARNING lines in last 100: 0
[2026-05-12 23:09:28] === Monitor check complete ===
[2026-05-12 23:19:28] === Monitor check ===
[2026-05-12 23:19:28] Job 'finetune_k562plus10_striped_maskonly_3' is running (ID=5084800, state=RUNNING).
[2026-05-12 23:19:28] WARNING lines in last 100: 0
[2026-05-12 23:19:28] === Monitor check complete ===
[2026-05-12 23:29:28] === Monitor check ===
[2026-05-12 23:29:29] Job 'finetune_k562plus10_striped_maskonly_3' is running (ID=5084800, state=RUNNING).
[2026-05-12 23:29:29] WARNING lines in last 100: 0
[2026-05-12 23:29:29] === Monitor check complete ===
[2026-05-12 23:39:29] === Monitor check ===
[2026-05-12 23:39:29] Job 'finetune_k562plus10_striped_maskonly_3' is running (ID=5084800, state=RUNNING).
[2026-05-12 23:39:29] WARNING lines in last 100: 0
[2026-05-12 23:39:29] === Monitor check complete ===
[2026-05-12 23:49:29] === Monitor check ===
[2026-05-12 23:49:29] Job 'finetune_k562plus10_striped_maskonly_3' is running (ID=5084800, state=RUNNING).
[2026-05-12 23:49:29] WARNING lines in last 100: 1
[2026-05-12 23:49:29] === Monitor check complete ===
[2026-05-12 23:59:29] === Monitor check ===
[2026-05-12 23:59:29] Job 'finetune_k562plus10_striped_maskonly_3' is running (ID=5084800, state=RUNNING).
[2026-05-12 23:59:29] WARNING lines in last 100: 1
[2026-05-12 23:59:29] === Monitor check complete ===
[2026-05-13 00:09:29] === Monitor check ===
[2026-05-13 00:09:29] Job 'finetune_k562plus10_striped_maskonly_3' is running (ID=5084800, state=RUNNING).
[2026-05-13 00:09:29] WARNING lines in last 100: 1
[2026-05-13 00:09:29] === Monitor check complete ===
[2026-05-13 00:19:29] === Monitor check ===
[2026-05-13 00:19:29] Job 'finetune_k562plus10_striped_maskonly_3' is not running.
[2026-05-13 00:19:29] Latest output file: /data1/lesliec/sarthak/caduceus/jobs/5084800-finetune_k562plus10_striped_maskonly_3.out
[2026-05-13 00:19:29] Using checkpoint: /data1/lesliec/sarthak/caduceus/outputs/2026-05-12/12-28-38-263528/checkpoints/02-step=18750.ckpt
[2026-05-13 00:19:29] Submitting: seed=2260  ckpt=/data1/lesliec/sarthak/caduceus/outputs/2026-05-12/12-28-38-263528/checkpoints/02-step=18750.ckpt
[2026-05-13 00:19:30] Submitted job 5188251. Incrementing seed to 2261.
[2026-05-13 00:19:30] === Monitor check complete ===
[2026-05-13 00:29:30] === Monitor check ===
[2026-05-13 00:29:31] Job 'finetune_k562plus10_striped_maskonly_3' is running (ID=5188251, state=RUNNING).
[2026-05-13 00:29:31] WARNING lines in last 100: 0
[2026-05-13 00:29:31] === Monitor check complete ===
[2026-05-13 00:39:31] === Monitor check ===
[2026-05-13 00:39:31] Job 'finetune_k562plus10_striped_maskonly_3' is running (ID=5188251, state=RUNNING).
[2026-05-13 00:39:31] WARNING lines in last 100: 0
[2026-05-13 00:39:31] === Monitor check complete ===
[2026-05-13 00:49:31] === Monitor check ===
[2026-05-13 00:49:31] Job 'finetune_k562plus10_striped_maskonly_3' is running (ID=5188251, state=RUNNING).
[2026-05-13 00:49:31] WARNING lines in last 100: 0
[2026-05-13 00:49:31] === Monitor check complete ===
[2026-05-13 00:59:31] === Monitor check ===
[2026-05-13 00:59:31] Job 'finetune_k562plus10_striped_maskonly_3' is running (ID=5188251, state=RUNNING).
[2026-05-13 00:59:31] WARNING lines in last 100: 0
[2026-05-13 00:59:31] === Monitor check complete ===
[2026-05-13 01:09:31] === Monitor check ===
[2026-05-13 01:09:31] Job 'finetune_k562plus10_striped_maskonly_3' is running (ID=5188251, state=RUNNING).
[2026-05-13 01:09:31] WARNING lines in last 100: 1
[2026-05-13 01:09:31] === Monitor check complete ===
[2026-05-13 01:19:31] === Monitor check ===
[2026-05-13 01:19:31] Job 'finetune_k562plus10_striped_maskonly_3' is running (ID=5188251, state=RUNNING).
[2026-05-13 01:19:31] WARNING lines in last 100: 1
[2026-05-13 01:19:31] === Monitor check complete ===
[2026-05-13 01:29:31] === Monitor check ===
[2026-05-13 01:29:43] Job 'finetune_k562plus10_striped_maskonly_3' is running (ID=5188251, state=RUNNING).
[2026-05-13 01:29:43] WARNING lines in last 100: 1
[2026-05-13 01:29:43] === Monitor check complete ===
[2026-05-13 01:39:43] === Monitor check ===
[2026-05-13 01:39:43] Job 'finetune_k562plus10_striped_maskonly_3' is not running.
[2026-05-13 01:39:43] Latest output file: /data1/lesliec/sarthak/caduceus/jobs/5188251-finetune_k562plus10_striped_maskonly_3.out
[2026-05-13 01:39:43] Using checkpoint: /data1/lesliec/sarthak/caduceus/outputs/2026-05-12/12-28-38-263528/checkpoints/02-step=18750.ckpt
[2026-05-13 01:39:43] Submitting: seed=2261  ckpt=/data1/lesliec/sarthak/caduceus/outputs/2026-05-12/12-28-38-263528/checkpoints/02-step=18750.ckpt
[2026-05-13 01:39:43] Submitted job 5212830. Incrementing seed to 2262.
[2026-05-13 01:39:43] === Monitor check complete ===
[2026-05-13 01:49:43] === Monitor check ===
[2026-05-13 01:49:43] Job 'finetune_k562plus10_striped_maskonly_3' is running (ID=5212830, state=RUNNING).
[2026-05-13 01:49:43] WARNING lines in last 100: 0
[2026-05-13 01:49:43] === Monitor check complete ===
[2026-05-13 01:59:43] === Monitor check ===
[2026-05-13 01:59:44] Job 'finetune_k562plus10_striped_maskonly_3' is running (ID=5212830, state=RUNNING).
[2026-05-13 01:59:44] WARNING lines in last 100: 0
[2026-05-13 01:59:44] === Monitor check complete ===
[2026-05-13 02:09:44] === Monitor check ===
[2026-05-13 02:09:44] Job 'finetune_k562plus10_striped_maskonly_3' is running (ID=5212830, state=RUNNING).
[2026-05-13 02:09:44] WARNING lines in last 100: 0
[2026-05-13 02:09:44] === Monitor check complete ===
[2026-05-13 02:19:44] === Monitor check ===
[2026-05-13 02:19:44] Job 'finetune_k562plus10_striped_maskonly_3' is running (ID=5212830, state=RUNNING).
[2026-05-13 02:19:44] WARNING lines in last 100: 0
[2026-05-13 02:19:44] === Monitor check complete ===
[2026-05-13 02:29:44] === Monitor check ===
[2026-05-13 02:29:44] Job 'finetune_k562plus10_striped_maskonly_3' is running (ID=5212830, state=RUNNING).
[2026-05-13 02:29:44] WARNING lines in last 100: 0
[2026-05-13 02:29:44] === Monitor check complete ===
[2026-05-13 02:39:44] === Monitor check ===
[2026-05-13 02:39:44] Job 'finetune_k562plus10_striped_maskonly_3' is running (ID=5212830, state=RUNNING).
[2026-05-13 02:39:44] WARNING lines in last 100: 0
[2026-05-13 02:39:44] === Monitor check complete ===
[2026-05-13 02:49:44] === Monitor check ===
[2026-05-13 02:49:44] Job 'finetune_k562plus10_striped_maskonly_3' is running (ID=5212830, state=RUNNING).
[2026-05-13 02:49:44] WARNING lines in last 100: 0
[2026-05-13 02:49:44] === Monitor check complete ===
[2026-05-13 02:59:44] === Monitor check ===
[2026-05-13 02:59:44] Job 'finetune_k562plus10_striped_maskonly_3' is running (ID=5212830, state=RUNNING).
[2026-05-13 02:59:44] WARNING lines in last 100: 0
[2026-05-13 02:59:44] === Monitor check complete ===
[2026-05-13 03:09:44] === Monitor check ===
[2026-05-13 03:09:44] Job 'finetune_k562plus10_striped_maskonly_3' is running (ID=5212830, state=RUNNING).
[2026-05-13 03:09:44] WARNING lines in last 100: 0
[2026-05-13 03:09:44] === Monitor check complete ===
[2026-05-13 03:19:44] === Monitor check ===
[2026-05-13 03:19:44] Job 'finetune_k562plus10_striped_maskonly_3' is running (ID=5212830, state=RUNNING).
[2026-05-13 03:19:44] WARNING lines in last 100: 0
[2026-05-13 03:19:44] === Monitor check complete ===
[2026-05-13 03:29:44] === Monitor check ===
[2026-05-13 03:29:44] Job 'finetune_k562plus10_striped_maskonly_3' is running (ID=5212830, state=RUNNING).
[2026-05-13 03:29:44] WARNING lines in last 100: 0
[2026-05-13 03:29:44] === Monitor check complete ===
[2026-05-13 03:39:44] === Monitor check ===
[2026-05-13 03:39:44] Job 'finetune_k562plus10_striped_maskonly_3' is running (ID=5212830, state=RUNNING).
[2026-05-13 03:39:45] WARNING lines in last 100: 0
[2026-05-13 03:39:45] === Monitor check complete ===
[2026-05-13 03:49:45] === Monitor check ===
[2026-05-13 03:49:45] Job 'finetune_k562plus10_striped_maskonly_3' is running (ID=5212830, state=RUNNING).
[2026-05-13 03:49:45] WARNING lines in last 100: 0
[2026-05-13 03:49:45] === Monitor check complete ===
[2026-05-13 03:59:45] === Monitor check ===
[2026-05-13 03:59:45] Job 'finetune_k562plus10_striped_maskonly_3' is running (ID=5212830, state=RUNNING).
[2026-05-13 03:59:45] WARNING lines in last 100: 0
[2026-05-13 03:59:45] === Monitor check complete ===
[2026-05-13 04:09:45] === Monitor check ===
[2026-05-13 04:09:45] Job 'finetune_k562plus10_striped_maskonly_3' is running (ID=5212830, state=RUNNING).
[2026-05-13 04:09:45] WARNING lines in last 100: 0
[2026-05-13 04:09:45] === Monitor check complete ===
[2026-05-13 04:19:45] === Monitor check ===
[2026-05-13 04:19:45] Job 'finetune_k562plus10_striped_maskonly_3' is running (ID=5212830, state=RUNNING).
[2026-05-13 04:19:45] WARNING lines in last 100: 0
[2026-05-13 04:19:45] === Monitor check complete ===
[2026-05-13 04:29:45] === Monitor check ===
[2026-05-13 04:29:45] Job 'finetune_k562plus10_striped_maskonly_3' is running (ID=5212830, state=RUNNING).
[2026-05-13 04:29:45] WARNING lines in last 100: 0
[2026-05-13 04:29:45] === Monitor check complete ===
[2026-05-13 04:39:45] === Monitor check ===
[2026-05-13 04:39:45] Job 'finetune_k562plus10_striped_maskonly_3' is running (ID=5212830, state=RUNNING).
[2026-05-13 04:39:45] WARNING lines in last 100: 0
[2026-05-13 04:39:45] === Monitor check complete ===
[2026-05-13 04:49:45] === Monitor check ===
[2026-05-13 04:49:45] Job 'finetune_k562plus10_striped_maskonly_3' is running (ID=5212830, state=RUNNING).
[2026-05-13 04:49:45] WARNING lines in last 100: 0
[2026-05-13 04:49:45] === Monitor check complete ===
[2026-05-13 04:59:45] === Monitor check ===
[2026-05-13 04:59:45] Job 'finetune_k562plus10_striped_maskonly_3' is running (ID=5212830, state=RUNNING).
[2026-05-13 04:59:45] WARNING lines in last 100: 0
[2026-05-13 04:59:45] === Monitor check complete ===
[2026-05-13 05:09:45] === Monitor check ===
[2026-05-13 05:09:46] Job 'finetune_k562plus10_striped_maskonly_3' is not running.
[2026-05-13 05:09:46] Latest output file: /data1/lesliec/sarthak/caduceus/jobs/5212830-finetune_k562plus10_striped_maskonly_3.out
[2026-05-13 05:09:46] Using checkpoint: /data1/lesliec/sarthak/caduceus/outputs/2026-05-12/12-28-38-263528/checkpoints/02-step=18750.ckpt
[2026-05-13 05:09:46] Submitting: seed=2262  ckpt=/data1/lesliec/sarthak/caduceus/outputs/2026-05-12/12-28-38-263528/checkpoints/02-step=18750.ckpt
[2026-05-13 05:09:46] Submitted job 5275727. Incrementing seed to 2263.
[2026-05-13 05:09:46] === Monitor check complete ===
[2026-05-13 05:19:46] === Monitor check ===
[2026-05-13 05:19:46] Job 'finetune_k562plus10_striped_maskonly_3' is running (ID=5275727, state=RUNNING).
[2026-05-13 05:19:46] WARNING lines in last 100: 0
[2026-05-13 05:19:46] === Monitor check complete ===
[2026-05-13 05:29:46] === Monitor check ===
[2026-05-13 05:29:46] Job 'finetune_k562plus10_striped_maskonly_3' is running (ID=5275727, state=RUNNING).
[2026-05-13 05:29:46] WARNING lines in last 100: 0
[2026-05-13 05:29:46] === Monitor check complete ===
[2026-05-13 05:39:46] === Monitor check ===
[2026-05-13 05:39:46] Job 'finetune_k562plus10_striped_maskonly_3' is running (ID=5275727, state=RUNNING).
[2026-05-13 05:39:46] WARNING lines in last 100: 0
[2026-05-13 05:39:46] === Monitor check complete ===
[2026-05-13 05:49:46] === Monitor check ===
[2026-05-13 05:49:46] Job 'finetune_k562plus10_striped_maskonly_3' is running (ID=5275727, state=RUNNING).
[2026-05-13 05:49:46] WARNING lines in last 100: 0
[2026-05-13 05:49:46] === Monitor check complete ===
[2026-05-13 05:59:46] === Monitor check ===
[2026-05-13 05:59:46] Job 'finetune_k562plus10_striped_maskonly_3' is running (ID=5275727, state=RUNNING).
[2026-05-13 05:59:46] WARNING lines in last 100: 0
[2026-05-13 05:59:46] === Monitor check complete ===
[2026-05-13 06:09:46] === Monitor check ===
[2026-05-13 06:09:46] Job 'finetune_k562plus10_striped_maskonly_3' is running (ID=5275727, state=RUNNING).
[2026-05-13 06:09:46] WARNING lines in last 100: 0
[2026-05-13 06:09:46] === Monitor check complete ===
[2026-05-13 06:19:46] === Monitor check ===
[2026-05-13 06:19:47] Job 'finetune_k562plus10_striped_maskonly_3' is running (ID=5275727, state=RUNNING).
[2026-05-13 06:19:47] WARNING lines in last 100: 0
[2026-05-13 06:19:47] === Monitor check complete ===
[2026-05-13 06:29:47] === Monitor check ===
[2026-05-13 06:29:47] Job 'finetune_k562plus10_striped_maskonly_3' is running (ID=5275727, state=RUNNING).
[2026-05-13 06:29:47] WARNING lines in last 100: 0
[2026-05-13 06:29:47] === Monitor check complete ===
[2026-05-13 06:39:47] === Monitor check ===
[2026-05-13 06:39:47] Job 'finetune_k562plus10_striped_maskonly_3' is running (ID=5275727, state=RUNNING).
[2026-05-13 06:39:47] WARNING lines in last 100: 0
[2026-05-13 06:39:47] === Monitor check complete ===
[2026-05-13 06:49:47] === Monitor check ===
[2026-05-13 06:49:47] Job 'finetune_k562plus10_striped_maskonly_3' is running (ID=5275727, state=RUNNING).
[2026-05-13 06:49:47] WARNING lines in last 100: 0
[2026-05-13 06:49:47] === Monitor check complete ===
[2026-05-13 06:59:47] === Monitor check ===
[2026-05-13 06:59:47] Job 'finetune_k562plus10_striped_maskonly_3' is running (ID=5275727, state=RUNNING).
[2026-05-13 06:59:47] WARNING lines in last 100: 0
[2026-05-13 06:59:47] === Monitor check complete ===
[2026-05-13 07:09:47] === Monitor check ===
[2026-05-13 07:09:47] Job 'finetune_k562plus10_striped_maskonly_3' is running (ID=5275727, state=RUNNING).
[2026-05-13 07:09:47] WARNING lines in last 100: 0
[2026-05-13 07:09:47] === Monitor check complete ===
[2026-05-13 07:19:47] === Monitor check ===
[2026-05-13 07:19:47] Job 'finetune_k562plus10_striped_maskonly_3' is running (ID=5275727, state=RUNNING).
[2026-05-13 07:19:47] WARNING lines in last 100: 0
[2026-05-13 07:19:47] === Monitor check complete ===
[2026-05-13 07:29:47] === Monitor check ===
[2026-05-13 07:29:47] Job 'finetune_k562plus10_striped_maskonly_3' is running (ID=5275727, state=RUNNING).
[2026-05-13 07:29:47] WARNING lines in last 100: 0
[2026-05-13 07:29:47] === Monitor check complete ===
[2026-05-13 07:39:47] === Monitor check ===
[2026-05-13 07:39:47] Job 'finetune_k562plus10_striped_maskonly_3' is running (ID=5275727, state=RUNNING).
[2026-05-13 07:39:47] WARNING lines in last 100: 0
[2026-05-13 07:39:47] === Monitor check complete ===
[2026-05-13 07:49:47] === Monitor check ===
[2026-05-13 07:49:47] Job 'finetune_k562plus10_striped_maskonly_3' is running (ID=5275727, state=RUNNING).
[2026-05-13 07:49:47] WARNING lines in last 100: 0
[2026-05-13 07:49:47] === Monitor check complete ===
[2026-05-13 07:59:47] === Monitor check ===
[2026-05-13 07:59:47] Job 'finetune_k562plus10_striped_maskonly_3' is running (ID=5275727, state=RUNNING).
[2026-05-13 07:59:47] WARNING lines in last 100: 0
[2026-05-13 07:59:47] === Monitor check complete ===
[2026-05-13 08:09:47] === Monitor check ===
[2026-05-13 08:09:48] Job 'finetune_k562plus10_striped_maskonly_3' is running (ID=5275727, state=RUNNING).
[2026-05-13 08:09:48] WARNING lines in last 100: 0
[2026-05-13 08:09:48] === Monitor check complete ===
[2026-05-13 08:19:48] === Monitor check ===
[2026-05-13 08:19:48] Job 'finetune_k562plus10_striped_maskonly_3' is running (ID=5275727, state=RUNNING).
[2026-05-13 08:19:48] WARNING lines in last 100: 0
[2026-05-13 08:19:48] === Monitor check complete ===
[2026-05-13 08:29:48] === Monitor check ===
[2026-05-13 08:29:48] Job 'finetune_k562plus10_striped_maskonly_3' is running (ID=5275727, state=RUNNING).
[2026-05-13 08:29:48] WARNING lines in last 100: 0
[2026-05-13 08:29:48] === Monitor check complete ===
[2026-05-13 08:39:48] === Monitor check ===
[2026-05-13 08:39:48] Job 'finetune_k562plus10_striped_maskonly_3' is running (ID=5275727, state=RUNNING).
[2026-05-13 08:39:48] WARNING lines in last 100: 0
[2026-05-13 08:39:48] === Monitor check complete ===
[2026-05-13 08:49:48] === Monitor check ===
[2026-05-13 08:49:48] Job 'finetune_k562plus10_striped_maskonly_3' is running (ID=5275727, state=RUNNING).
[2026-05-13 08:49:48] WARNING lines in last 100: 0
[2026-05-13 08:49:48] === Monitor check complete ===
[2026-05-13 08:59:48] === Monitor check ===
[2026-05-13 08:59:48] Job 'finetune_k562plus10_striped_maskonly_3' is running (ID=5275727, state=RUNNING).
[2026-05-13 08:59:48] WARNING lines in last 100: 0
[2026-05-13 08:59:48] === Monitor check complete ===
[2026-05-13 09:09:48] === Monitor check ===
[2026-05-13 09:09:48] Job 'finetune_k562plus10_striped_maskonly_3' is running (ID=5275727, state=RUNNING).
[2026-05-13 09:09:48] WARNING lines in last 100: 0
[2026-05-13 09:09:48] === Monitor check complete ===
[2026-05-13 09:19:48] === Monitor check ===
[2026-05-13 09:19:48] Job 'finetune_k562plus10_striped_maskonly_3' is running (ID=5275727, state=RUNNING).
[2026-05-13 09:19:48] WARNING lines in last 100: 0
[2026-05-13 09:19:48] === Monitor check complete ===
[2026-05-13 09:29:48] === Monitor check ===
[2026-05-13 09:29:49] Job 'finetune_k562plus10_striped_maskonly_3' is running (ID=5275727, state=RUNNING).
[2026-05-13 09:29:49] WARNING lines in last 100: 0
[2026-05-13 09:29:49] === Monitor check complete ===
[2026-05-13 09:39:49] === Monitor check ===
[2026-05-13 09:39:49] Job 'finetune_k562plus10_striped_maskonly_3' is running (ID=5275727, state=RUNNING).
[2026-05-13 09:39:49] WARNING lines in last 100: 0
[2026-05-13 09:39:49] === Monitor check complete ===
[2026-05-13 09:49:49] === Monitor check ===
[2026-05-13 09:49:49] Job 'finetune_k562plus10_striped_maskonly_3' is running (ID=5275727, state=RUNNING).
[2026-05-13 09:49:49] WARNING lines in last 100: 0
[2026-05-13 09:49:49] === Monitor check complete ===
[2026-05-13 09:59:49] === Monitor check ===
[2026-05-13 09:59:49] Job 'finetune_k562plus10_striped_maskonly_3' is running (ID=5275727, state=RUNNING).
[2026-05-13 09:59:49] WARNING lines in last 100: 0
[2026-05-13 09:59:49] === Monitor check complete ===
[2026-05-13 10:09:49] === Monitor check ===
[2026-05-13 10:09:49] Job 'finetune_k562plus10_striped_maskonly_3' is running (ID=5275727, state=RUNNING).
[2026-05-13 10:09:49] WARNING lines in last 100: 0
[2026-05-13 10:09:49] === Monitor check complete ===
[2026-05-13 10:19:49] === Monitor check ===
[2026-05-13 10:19:49] Job 'finetune_k562plus10_striped_maskonly_3' is running (ID=5275727, state=RUNNING).
[2026-05-13 10:19:49] WARNING lines in last 100: 0
[2026-05-13 10:19:49] === Monitor check complete ===
[2026-05-13 10:29:49] === Monitor check ===
[2026-05-13 10:29:49] Job 'finetune_k562plus10_striped_maskonly_3' is running (ID=5275727, state=RUNNING).
[2026-05-13 10:29:50] WARNING lines in last 100: 0
[2026-05-13 10:29:50] === Monitor check complete ===
[2026-05-13 10:39:50] === Monitor check ===
[2026-05-13 10:39:50] Job 'finetune_k562plus10_striped_maskonly_3' is running (ID=5275727, state=RUNNING).
[2026-05-13 10:39:50] WARNING lines in last 100: 0
[2026-05-13 10:39:50] === Monitor check complete ===
[2026-05-13 10:49:50] === Monitor check ===
[2026-05-13 10:49:50] Job 'finetune_k562plus10_striped_maskonly_3' is running (ID=5275727, state=RUNNING).
[2026-05-13 10:49:50] WARNING lines in last 100: 0
[2026-05-13 10:49:50] === Monitor check complete ===
[2026-05-13 10:59:50] === Monitor check ===
[2026-05-13 10:59:50] Job 'finetune_k562plus10_striped_maskonly_3' is not running.
[2026-05-13 10:59:50] Latest output file: /data1/lesliec/sarthak/caduceus/jobs/5275727-finetune_k562plus10_striped_maskonly_3.out
[2026-05-13 10:59:50] Using checkpoint: /data1/lesliec/sarthak/caduceus/outputs/2026-05-13/05-11-15-381874/checkpoints/02-step=19000.ckpt
[2026-05-13 10:59:50] Submitting: seed=2263  ckpt=/data1/lesliec/sarthak/caduceus/outputs/2026-05-13/05-11-15-381874/checkpoints/02-step=19000.ckpt
[2026-05-13 10:59:50] Submitted job 5390111. Incrementing seed to 2264.
[2026-05-13 10:59:50] === Monitor check complete ===
[2026-05-13 11:09:50] === Monitor check ===
[2026-05-13 11:09:50] Job 'finetune_k562plus10_striped_maskonly_3' is running (ID=5390111, state=RUNNING).
[2026-05-13 11:09:50] WARNING lines in last 100: 0
[2026-05-13 11:09:50] === Monitor check complete ===
[2026-05-13 11:19:50] === Monitor check ===
[2026-05-13 11:19:51] Job 'finetune_k562plus10_striped_maskonly_3' is running (ID=5390111, state=RUNNING).
[2026-05-13 11:19:51] WARNING lines in last 100: 0
[2026-05-13 11:19:51] === Monitor check complete ===
[2026-05-13 11:29:51] === Monitor check ===
[2026-05-13 11:29:51] Job 'finetune_k562plus10_striped_maskonly_3' is running (ID=5390111, state=RUNNING).
[2026-05-13 11:29:51] WARNING lines in last 100: 0
[2026-05-13 11:29:51] === Monitor check complete ===
[2026-05-13 11:39:51] === Monitor check ===
[2026-05-13 11:39:51] Job 'finetune_k562plus10_striped_maskonly_3' is running (ID=5390111, state=RUNNING).
[2026-05-13 11:39:51] WARNING lines in last 100: 0
[2026-05-13 11:39:51] === Monitor check complete ===
[2026-05-13 11:49:51] === Monitor check ===
[2026-05-13 11:49:51] Job 'finetune_k562plus10_striped_maskonly_3' is running (ID=5390111, state=RUNNING).
[2026-05-13 11:49:51] WARNING lines in last 100: 1
[2026-05-13 11:49:51] === Monitor check complete ===
[2026-05-13 11:59:51] === Monitor check ===
[2026-05-13 11:59:51] Job 'finetune_k562plus10_striped_maskonly_3' is running (ID=5390111, state=RUNNING).
[2026-05-13 11:59:51] WARNING lines in last 100: 1
[2026-05-13 11:59:51] === Monitor check complete ===
[2026-05-13 12:09:51] === Monitor check ===
[2026-05-13 12:09:51] Job 'finetune_k562plus10_striped_maskonly_3' is running (ID=5390111, state=RUNNING).
[2026-05-13 12:09:51] WARNING lines in last 100: 1
[2026-05-13 12:09:51] === Monitor check complete ===
[2026-05-13 12:19:51] === Monitor check ===
[2026-05-13 12:19:52] Job 'finetune_k562plus10_striped_maskonly_3' is not running.
[2026-05-13 12:19:52] Latest output file: /data1/lesliec/sarthak/caduceus/jobs/5390111-finetune_k562plus10_striped_maskonly_3.out
[2026-05-13 12:19:52] Using checkpoint: /data1/lesliec/sarthak/caduceus/outputs/2026-05-13/05-11-15-381874/checkpoints/02-step=19000.ckpt
[2026-05-13 12:19:52] Submitting: seed=2264  ckpt=/data1/lesliec/sarthak/caduceus/outputs/2026-05-13/05-11-15-381874/checkpoints/02-step=19000.ckpt
[2026-05-13 12:19:52] Submitted job 5408561. Incrementing seed to 2265.
[2026-05-13 12:19:52] === Monitor check complete ===
[2026-05-13 12:29:52] === Monitor check ===
[2026-05-13 12:29:52] Job 'finetune_k562plus10_striped_maskonly_3' is running (ID=5408561, state=RUNNING).
[2026-05-13 12:29:52] WARNING lines in last 100: 0
[2026-05-13 12:29:52] === Monitor check complete ===
[2026-05-13 12:39:52] === Monitor check ===
[2026-05-13 12:39:52] Job 'finetune_k562plus10_striped_maskonly_3' is running (ID=5408561, state=RUNNING).
[2026-05-13 12:39:52] WARNING lines in last 100: 0
[2026-05-13 12:39:52] === Monitor check complete ===
[2026-05-13 12:49:52] === Monitor check ===
[2026-05-13 12:49:52] Job 'finetune_k562plus10_striped_maskonly_3' is running (ID=5408561, state=RUNNING).
[2026-05-13 12:49:53] WARNING lines in last 100: 0
[2026-05-13 12:49:53] === Monitor check complete ===
[2026-05-13 12:59:53] === Monitor check ===
[2026-05-13 12:59:53] Job 'finetune_k562plus10_striped_maskonly_3' is running (ID=5408561, state=RUNNING).
[2026-05-13 12:59:53] WARNING lines in last 100: 0
[2026-05-13 12:59:53] === Monitor check complete ===
[2026-05-13 13:09:53] === Monitor check ===
[2026-05-13 13:09:53] Job 'finetune_k562plus10_striped_maskonly_3' is running (ID=5408561, state=RUNNING).
[2026-05-13 13:09:53] WARNING lines in last 100: 0
[2026-05-13 13:09:53] === Monitor check complete ===
[2026-05-13 13:19:53] === Monitor check ===
[2026-05-13 13:19:53] Job 'finetune_k562plus10_striped_maskonly_3' is running (ID=5408561, state=RUNNING).
[2026-05-13 13:19:53] WARNING lines in last 100: 0
[2026-05-13 13:19:53] === Monitor check complete ===
[2026-05-13 13:29:53] === Monitor check ===
[2026-05-13 13:29:53] Job 'finetune_k562plus10_striped_maskonly_3' is running (ID=5408561, state=RUNNING).
[2026-05-13 13:29:53] WARNING lines in last 100: 0
[2026-05-13 13:29:53] === Monitor check complete ===
[2026-05-13 13:39:53] === Monitor check ===
[2026-05-13 13:39:53] Job 'finetune_k562plus10_striped_maskonly_3' is running (ID=5408561, state=RUNNING).
[2026-05-13 13:39:53] WARNING lines in last 100: 0
[2026-05-13 13:39:53] === Monitor check complete ===
[2026-05-13 13:49:53] === Monitor check ===
[2026-05-13 13:49:53] Job 'finetune_k562plus10_striped_maskonly_3' is running (ID=5408561, state=RUNNING).
[2026-05-13 13:49:53] WARNING lines in last 100: 0
[2026-05-13 13:49:53] === Monitor check complete ===
[2026-05-13 13:59:53] === Monitor check ===
[2026-05-13 13:59:53] Job 'finetune_k562plus10_striped_maskonly_3' is running (ID=5408561, state=RUNNING).
[2026-05-13 13:59:53] WARNING lines in last 100: 0
[2026-05-13 13:59:53] === Monitor check complete ===
[2026-05-13 14:09:53] === Monitor check ===
[2026-05-13 14:09:54] Job 'finetune_k562plus10_striped_maskonly_3' is running (ID=5408561, state=RUNNING).
[2026-05-13 14:09:54] WARNING lines in last 100: 0
[2026-05-13 14:09:54] === Monitor check complete ===
[2026-05-13 14:19:54] === Monitor check ===
[2026-05-13 14:19:54] Job 'finetune_k562plus10_striped_maskonly_3' is running (ID=5408561, state=RUNNING).
[2026-05-13 14:19:54] WARNING lines in last 100: 0
[2026-05-13 14:19:54] === Monitor check complete ===
[2026-05-13 14:29:54] === Monitor check ===
[2026-05-13 14:29:54] Job 'finetune_k562plus10_striped_maskonly_3' is running (ID=5408561, state=RUNNING).
[2026-05-13 14:29:54] WARNING lines in last 100: 0
[2026-05-13 14:29:54] === Monitor check complete ===
[2026-05-13 14:39:54] === Monitor check ===
[2026-05-13 14:39:54] Job 'finetune_k562plus10_striped_maskonly_3' is running (ID=5408561, state=RUNNING).
[2026-05-13 14:39:54] WARNING lines in last 100: 0
[2026-05-13 14:39:54] === Monitor check complete ===
[2026-05-13 14:49:54] === Monitor check ===
[2026-05-13 14:49:54] Job 'finetune_k562plus10_striped_maskonly_3' is running (ID=5408561, state=RUNNING).
[2026-05-13 14:49:55] WARNING lines in last 100: 0
[2026-05-13 14:49:55] === Monitor check complete ===
[2026-05-13 14:59:55] === Monitor check ===
[2026-05-13 14:59:55] Job 'finetune_k562plus10_striped_maskonly_3' is running (ID=5408561, state=RUNNING).
[2026-05-13 14:59:55] WARNING lines in last 100: 0
[2026-05-13 14:59:55] === Monitor check complete ===
[2026-05-13 15:09:55] === Monitor check ===
[2026-05-13 15:09:55] Job 'finetune_k562plus10_striped_maskonly_3' is running (ID=5408561, state=RUNNING).
[2026-05-13 15:09:55] WARNING lines in last 100: 0
[2026-05-13 15:09:55] === Monitor check complete ===
[2026-05-13 15:19:55] === Monitor check ===
[2026-05-13 15:19:55] Job 'finetune_k562plus10_striped_maskonly_3' is running (ID=5408561, state=RUNNING).
[2026-05-13 15:19:55] WARNING lines in last 100: 0
[2026-05-13 15:19:55] === Monitor check complete ===
[2026-05-13 15:29:55] === Monitor check ===
[2026-05-13 15:29:55] Job 'finetune_k562plus10_striped_maskonly_3' is running (ID=5408561, state=RUNNING).
[2026-05-13 15:29:56] WARNING lines in last 100: 0
[2026-05-13 15:29:56] === Monitor check complete ===
[2026-05-13 15:39:56] === Monitor check ===
[2026-05-13 15:39:56] Job 'finetune_k562plus10_striped_maskonly_3' is running (ID=5408561, state=RUNNING).
[2026-05-13 15:39:56] WARNING lines in last 100: 0
[2026-05-13 15:39:56] === Monitor check complete ===
[2026-05-13 15:49:56] === Monitor check ===
[2026-05-13 15:49:56] Job 'finetune_k562plus10_striped_maskonly_3' is running (ID=5408561, state=RUNNING).
[2026-05-13 15:49:56] WARNING lines in last 100: 0
[2026-05-13 15:49:56] === Monitor check complete ===
[2026-05-13 15:59:56] === Monitor check ===
[2026-05-13 15:59:57] Job 'finetune_k562plus10_striped_maskonly_3' is running (ID=5408561, state=RUNNING).
[2026-05-13 15:59:57] WARNING lines in last 100: 0
[2026-05-13 15:59:57] === Monitor check complete ===
[2026-05-13 16:09:57] === Monitor check ===
[2026-05-13 16:09:58] Job 'finetune_k562plus10_striped_maskonly_3' is running (ID=5408561, state=RUNNING).
[2026-05-13 16:09:58] WARNING lines in last 100: 0
[2026-05-13 16:09:58] === Monitor check complete ===
[2026-05-13 16:19:58] === Monitor check ===
[2026-05-13 16:19:58] Job 'finetune_k562plus10_striped_maskonly_3' is running (ID=5408561, state=RUNNING).
[2026-05-13 16:19:58] WARNING lines in last 100: 0
[2026-05-13 16:19:58] === Monitor check complete ===
[2026-05-13 16:29:58] === Monitor check ===
[2026-05-13 16:29:58] Job 'finetune_k562plus10_striped_maskonly_3' is running (ID=5408561, state=RUNNING).
[2026-05-13 16:29:58] WARNING lines in last 100: 0
[2026-05-13 16:29:58] === Monitor check complete ===
[2026-05-13 16:39:58] === Monitor check ===
[2026-05-13 16:39:58] Job 'finetune_k562plus10_striped_maskonly_3' is running (ID=5408561, state=RUNNING).
[2026-05-13 16:39:58] WARNING lines in last 100: 0
[2026-05-13 16:39:58] === Monitor check complete ===
[2026-05-13 16:49:58] === Monitor check ===
[2026-05-13 16:49:58] Job 'finetune_k562plus10_striped_maskonly_3' is running (ID=5408561, state=RUNNING).
[2026-05-13 16:49:58] WARNING lines in last 100: 0
[2026-05-13 16:49:58] === Monitor check complete ===
[2026-05-13 16:59:58] === Monitor check ===
[2026-05-13 16:59:58] Job 'finetune_k562plus10_striped_maskonly_3' is running (ID=5408561, state=RUNNING).
[2026-05-13 16:59:58] WARNING lines in last 100: 0
[2026-05-13 16:59:58] === Monitor check complete ===
[2026-05-13 17:09:58] === Monitor check ===
[2026-05-13 17:09:58] Job 'finetune_k562plus10_striped_maskonly_3' is running (ID=5408561, state=RUNNING).
[2026-05-13 17:09:59] WARNING lines in last 100: 0
[2026-05-13 17:09:59] === Monitor check complete ===
[2026-05-13 17:19:59] === Monitor check ===
[2026-05-13 17:19:59] Job 'finetune_k562plus10_striped_maskonly_3' is running (ID=5408561, state=RUNNING).
[2026-05-13 17:19:59] WARNING lines in last 100: 0
[2026-05-13 17:19:59] === Monitor check complete ===
[2026-05-13 17:29:59] === Monitor check ===
[2026-05-13 17:29:59] Job 'finetune_k562plus10_striped_maskonly_3' is running (ID=5408561, state=RUNNING).
[2026-05-13 17:29:59] WARNING lines in last 100: 0
[2026-05-13 17:29:59] === Monitor check complete ===
[2026-05-13 17:39:59] === Monitor check ===
[2026-05-13 17:39:59] Job 'finetune_k562plus10_striped_maskonly_3' is running (ID=5408561, state=RUNNING).
[2026-05-13 17:39:59] WARNING lines in last 100: 0
[2026-05-13 17:39:59] === Monitor check complete ===
[2026-05-13 17:49:59] === Monitor check ===
[2026-05-13 17:50:00] Job 'finetune_k562plus10_striped_maskonly_3' is running (ID=5408561, state=RUNNING).
[2026-05-13 17:50:00] WARNING lines in last 100: 0
[2026-05-13 17:50:00] === Monitor check complete ===
[2026-05-13 18:00:00] === Monitor check ===
[2026-05-13 18:00:00] Job 'finetune_k562plus10_striped_maskonly_3' is running (ID=5408561, state=RUNNING).
[2026-05-13 18:00:00] WARNING lines in last 100: 0
[2026-05-13 18:00:00] === Monitor check complete ===
[2026-05-13 18:10:00] === Monitor check ===
[2026-05-13 18:10:00] Job 'finetune_k562plus10_striped_maskonly_3' is running (ID=5408561, state=RUNNING).
[2026-05-13 18:10:00] WARNING lines in last 100: 0
[2026-05-13 18:10:00] === Monitor check complete ===
[2026-05-13 18:20:00] === Monitor check ===
[2026-05-13 18:20:00] Job 'finetune_k562plus10_striped_maskonly_3' is running (ID=5408561, state=RUNNING).
[2026-05-13 18:20:00] WARNING lines in last 100: 0
[2026-05-13 18:20:00] === Monitor check complete ===
[2026-05-13 18:30:00] === Monitor check ===
[2026-05-13 18:30:00] Job 'finetune_k562plus10_striped_maskonly_3' is running (ID=5408561, state=RUNNING).
[2026-05-13 18:30:00] WARNING lines in last 100: 0
[2026-05-13 18:30:00] === Monitor check complete ===
[2026-05-13 18:40:01] === Monitor check ===
[2026-05-13 18:40:01] Job 'finetune_k562plus10_striped_maskonly_3' is running (ID=5408561, state=RUNNING).
[2026-05-13 18:40:01] WARNING lines in last 100: 0
[2026-05-13 18:40:01] === Monitor check complete ===
[2026-05-13 18:50:01] === Monitor check ===
[2026-05-13 18:50:01] Job 'finetune_k562plus10_striped_maskonly_3' is running (ID=5408561, state=RUNNING).
[2026-05-13 18:50:01] WARNING lines in last 100: 0
[2026-05-13 18:50:01] === Monitor check complete ===
[2026-05-13 19:00:01] === Monitor check ===
[2026-05-13 19:00:01] Job 'finetune_k562plus10_striped_maskonly_3' is running (ID=5408561, state=RUNNING).
[2026-05-13 19:00:01] WARNING lines in last 100: 0
[2026-05-13 19:00:01] === Monitor check complete ===
