[2026-05-06 19:56:54] Monitor SLURM job started (PID=2318330). Will check every 10 minutes.
[2026-05-06 19:56:54] Initialized state: seed=2222
[2026-05-06 19:56:54] === Monitor check ===
[2026-05-06 19:56:54] Job 'finetune_k562plus10_transformer' is running (ID=2756691, state=RUNNING).
[2026-05-06 19:56:54] WARNING lines in last 100: 0
[2026-05-06 19:56:54] === Monitor check complete ===
[2026-05-06 20:06:54] === Monitor check ===
[2026-05-06 20:06:55] Job 'finetune_k562plus10_transformer' is running (ID=2756691, state=RUNNING).
[2026-05-06 20:06:55] WARNING lines in last 100: 0
[2026-05-06 20:06:55] === Monitor check complete ===
[2026-05-06 20:16:55] === Monitor check ===
[2026-05-06 20:16:55] Job 'finetune_k562plus10_transformer' is running (ID=2756691, state=RUNNING).
[2026-05-06 20:16:55] WARNING lines in last 100: 0
[2026-05-06 20:16:55] === Monitor check complete ===
[2026-05-06 20:26:55] === Monitor check ===
[2026-05-06 20:26:56] Job 'finetune_k562plus10_transformer' is running (ID=2756691, state=RUNNING).
[2026-05-06 20:26:56] WARNING lines in last 100: 0
[2026-05-06 20:26:56] === Monitor check complete ===
[2026-05-06 20:36:56] === Monitor check ===
[2026-05-06 20:36:56] Job 'finetune_k562plus10_transformer' is running (ID=2756691, state=RUNNING).
[2026-05-06 20:36:56] WARNING lines in last 100: 0
[2026-05-06 20:36:56] === Monitor check complete ===
[2026-05-06 20:46:56] === Monitor check ===
[2026-05-06 20:46:56] Job 'finetune_k562plus10_transformer' is running (ID=2756691, state=RUNNING).
[2026-05-06 20:46:56] WARNING lines in last 100: 0
[2026-05-06 20:46:56] === Monitor check complete ===
[2026-05-06 20:56:56] === Monitor check ===
[2026-05-06 20:56:56] Job 'finetune_k562plus10_transformer' is running (ID=2756691, state=RUNNING).
[2026-05-06 20:56:57] WARNING lines in last 100: 0
[2026-05-06 20:56:57] === Monitor check complete ===
[2026-05-06 21:06:57] === Monitor check ===
[2026-05-06 21:06:57] Job 'finetune_k562plus10_transformer' is running (ID=2756691, state=RUNNING).
[2026-05-06 21:06:57] WARNING lines in last 100: 0
[2026-05-06 21:06:57] === Monitor check complete ===
[2026-05-06 21:16:57] === Monitor check ===
[2026-05-06 21:16:57] Job 'finetune_k562plus10_transformer' is running (ID=2756691, state=RUNNING).
[2026-05-06 21:16:57] WARNING lines in last 100: 0
[2026-05-06 21:16:57] === Monitor check complete ===
[2026-05-06 21:26:57] === Monitor check ===
[2026-05-06 21:26:57] Job 'finetune_k562plus10_transformer' is running (ID=2756691, state=RUNNING).
[2026-05-06 21:26:57] WARNING lines in last 100: 0
[2026-05-06 21:26:57] === Monitor check complete ===
[2026-05-06 21:36:57] === Monitor check ===
[2026-05-06 21:36:57] Job 'finetune_k562plus10_transformer' is running (ID=2756691, state=RUNNING).
[2026-05-06 21:36:57] WARNING lines in last 100: 0
[2026-05-06 21:36:57] === Monitor check complete ===
[2026-05-06 21:46:57] === Monitor check ===
[2026-05-06 21:46:58] Job 'finetune_k562plus10_transformer' is running (ID=2756691, state=RUNNING).
[2026-05-06 21:46:58] WARNING lines in last 100: 0
[2026-05-06 21:46:58] === Monitor check complete ===
[2026-05-06 21:56:58] === Monitor check ===
[2026-05-06 21:56:58] Job 'finetune_k562plus10_transformer' is running (ID=2756691, state=RUNNING).
[2026-05-06 21:56:58] WARNING lines in last 100: 0
[2026-05-06 21:56:58] === Monitor check complete ===
[2026-05-06 22:06:58] === Monitor check ===
[2026-05-06 22:06:58] Job 'finetune_k562plus10_transformer' is running (ID=2756691, state=RUNNING).
[2026-05-06 22:06:58] WARNING lines in last 100: 0
[2026-05-06 22:06:58] === Monitor check complete ===
[2026-05-06 22:16:58] === Monitor check ===
[2026-05-06 22:16:58] Job 'finetune_k562plus10_transformer' is running (ID=2756691, state=RUNNING).
[2026-05-06 22:16:58] WARNING lines in last 100: 0
[2026-05-06 22:16:58] === Monitor check complete ===
[2026-05-06 22:26:58] === Monitor check ===
[2026-05-06 22:26:58] Job 'finetune_k562plus10_transformer' is running (ID=2756691, state=RUNNING).
[2026-05-06 22:26:58] WARNING lines in last 100: 0
[2026-05-06 22:26:58] === Monitor check complete ===
[2026-05-06 22:36:58] === Monitor check ===
[2026-05-06 22:36:58] Job 'finetune_k562plus10_transformer' is running (ID=2756691, state=RUNNING).
[2026-05-06 22:36:58] WARNING lines in last 100: 0
[2026-05-06 22:36:58] === Monitor check complete ===
[2026-05-06 22:46:58] === Monitor check ===
[2026-05-06 22:46:58] Job 'finetune_k562plus10_transformer' is running (ID=2756691, state=RUNNING).
[2026-05-06 22:46:58] WARNING lines in last 100: 0
[2026-05-06 22:46:58] === Monitor check complete ===
[2026-05-06 22:56:58] === Monitor check ===
[2026-05-06 22:56:58] Job 'finetune_k562plus10_transformer' is running (ID=2756691, state=RUNNING).
[2026-05-06 22:56:58] WARNING lines in last 100: 0
[2026-05-06 22:56:58] === Monitor check complete ===
[2026-05-06 23:06:58] === Monitor check ===
[2026-05-06 23:06:58] Job 'finetune_k562plus10_transformer' is running (ID=2756691, state=RUNNING).
[2026-05-06 23:06:58] WARNING lines in last 100: 0
[2026-05-06 23:06:58] === Monitor check complete ===
[2026-05-06 23:16:58] === Monitor check ===
[2026-05-06 23:16:59] Job 'finetune_k562plus10_transformer' is running (ID=2756691, state=RUNNING).
[2026-05-06 23:16:59] WARNING lines in last 100: 0
[2026-05-06 23:16:59] === Monitor check complete ===
[2026-05-06 23:26:59] === Monitor check ===
[2026-05-06 23:26:59] Job 'finetune_k562plus10_transformer' is running (ID=2756691, state=RUNNING).
[2026-05-06 23:26:59] WARNING lines in last 100: 0
[2026-05-06 23:26:59] === Monitor check complete ===
[2026-05-06 23:36:59] === Monitor check ===
[2026-05-06 23:36:59] Job 'finetune_k562plus10_transformer' is running (ID=2756691, state=RUNNING).
[2026-05-06 23:36:59] WARNING lines in last 100: 0
[2026-05-06 23:36:59] === Monitor check complete ===
[2026-05-06 23:46:59] === Monitor check ===
[2026-05-06 23:46:59] Job 'finetune_k562plus10_transformer' is running (ID=2756691, state=RUNNING).
[2026-05-06 23:46:59] WARNING lines in last 100: 0
[2026-05-06 23:46:59] === Monitor check complete ===
[2026-05-06 23:56:59] === Monitor check ===
[2026-05-06 23:56:59] Job 'finetune_k562plus10_transformer' is running (ID=2756691, state=RUNNING).
[2026-05-06 23:56:59] WARNING lines in last 100: 0
[2026-05-06 23:56:59] === Monitor check complete ===
[2026-05-07 00:06:59] === Monitor check ===
[2026-05-07 00:06:59] Job 'finetune_k562plus10_transformer' is running (ID=2756691, state=RUNNING).
[2026-05-07 00:06:59] WARNING lines in last 100: 0
[2026-05-07 00:06:59] === Monitor check complete ===
[2026-05-07 00:16:59] === Monitor check ===
[2026-05-07 00:16:59] Job 'finetune_k562plus10_transformer' is running (ID=2756691, state=RUNNING).
[2026-05-07 00:16:59] WARNING lines in last 100: 0
[2026-05-07 00:16:59] === Monitor check complete ===
[2026-05-07 00:26:59] === Monitor check ===
[2026-05-07 00:26:59] Job 'finetune_k562plus10_transformer' is running (ID=2756691, state=RUNNING).
[2026-05-07 00:27:00] WARNING lines in last 100: 0
[2026-05-07 00:27:00] === Monitor check complete ===
[2026-05-07 00:37:00] === Monitor check ===
[2026-05-07 00:37:00] Job 'finetune_k562plus10_transformer' is running (ID=2756691, state=RUNNING).
[2026-05-07 00:37:00] WARNING lines in last 100: 0
[2026-05-07 00:37:00] === Monitor check complete ===
[2026-05-07 00:47:00] === Monitor check ===
[2026-05-07 00:47:00] Job 'finetune_k562plus10_transformer' is running (ID=2756691, state=RUNNING).
[2026-05-07 00:47:00] WARNING lines in last 100: 0
[2026-05-07 00:47:00] === Monitor check complete ===
[2026-05-07 00:57:00] === Monitor check ===
[2026-05-07 00:57:00] Job 'finetune_k562plus10_transformer' is running (ID=2756691, state=RUNNING).
[2026-05-07 00:57:00] WARNING lines in last 100: 0
[2026-05-07 00:57:00] === Monitor check complete ===
[2026-05-07 01:07:00] === Monitor check ===
[2026-05-07 01:07:00] Job 'finetune_k562plus10_transformer' is running (ID=2756691, state=RUNNING).
[2026-05-07 01:07:00] WARNING lines in last 100: 0
[2026-05-07 01:07:00] === Monitor check complete ===
[2026-05-07 01:17:00] === Monitor check ===
[2026-05-07 01:17:00] Job 'finetune_k562plus10_transformer' is running (ID=2756691, state=RUNNING).
[2026-05-07 01:17:00] WARNING lines in last 100: 0
[2026-05-07 01:17:00] === Monitor check complete ===
[2026-05-07 01:27:00] === Monitor check ===
[2026-05-07 01:27:01] Job 'finetune_k562plus10_transformer' is running (ID=2756691, state=RUNNING).
[2026-05-07 01:27:01] WARNING lines in last 100: 0
[2026-05-07 01:27:01] === Monitor check complete ===
[2026-05-07 01:37:01] === Monitor check ===
[2026-05-07 01:37:01] Job 'finetune_k562plus10_transformer' is running (ID=2756691, state=RUNNING).
[2026-05-07 01:37:01] WARNING lines in last 100: 0
[2026-05-07 01:37:01] === Monitor check complete ===
[2026-05-07 01:47:01] === Monitor check ===
[2026-05-07 01:47:01] Job 'finetune_k562plus10_transformer' is running (ID=2756691, state=RUNNING).
[2026-05-07 01:47:01] WARNING lines in last 100: 0
[2026-05-07 01:47:01] === Monitor check complete ===
[2026-05-07 01:57:01] === Monitor check ===
[2026-05-07 01:57:01] Job 'finetune_k562plus10_transformer' is running (ID=2756691, state=RUNNING).
[2026-05-07 01:57:01] WARNING lines in last 100: 0
[2026-05-07 01:57:01] === Monitor check complete ===
[2026-05-07 02:07:01] === Monitor check ===
[2026-05-07 02:07:01] Job 'finetune_k562plus10_transformer' is running (ID=2756691, state=RUNNING).
[2026-05-07 02:07:01] WARNING lines in last 100: 0
[2026-05-07 02:07:01] === Monitor check complete ===
[2026-05-07 02:17:01] === Monitor check ===
[2026-05-07 02:17:01] Job 'finetune_k562plus10_transformer' is running (ID=2756691, state=RUNNING).
[2026-05-07 02:17:02] WARNING lines in last 100: 0
[2026-05-07 02:17:02] === Monitor check complete ===
[2026-05-07 02:27:02] === Monitor check ===
[2026-05-07 02:27:02] Job 'finetune_k562plus10_transformer' is running (ID=2756691, state=RUNNING).
[2026-05-07 02:27:02] WARNING lines in last 100: 0
[2026-05-07 02:27:02] === Monitor check complete ===
[2026-05-07 02:37:02] === Monitor check ===
[2026-05-07 02:37:02] Job 'finetune_k562plus10_transformer' is running (ID=2756691, state=RUNNING).
[2026-05-07 02:37:02] WARNING lines in last 100: 0
[2026-05-07 02:37:02] === Monitor check complete ===
[2026-05-07 02:47:02] === Monitor check ===
[2026-05-07 02:47:02] Job 'finetune_k562plus10_transformer' is running (ID=2756691, state=RUNNING).
[2026-05-07 02:47:02] WARNING lines in last 100: 0
[2026-05-07 02:47:02] === Monitor check complete ===
[2026-05-07 02:57:02] === Monitor check ===
[2026-05-07 02:57:02] Job 'finetune_k562plus10_transformer' is running (ID=2756691, state=RUNNING).
[2026-05-07 02:57:02] WARNING lines in last 100: 0
[2026-05-07 02:57:02] === Monitor check complete ===
[2026-05-07 03:07:02] === Monitor check ===
[2026-05-07 03:07:02] Job 'finetune_k562plus10_transformer' is running (ID=2756691, state=RUNNING).
[2026-05-07 03:07:03] WARNING lines in last 100: 0
[2026-05-07 03:07:03] === Monitor check complete ===
[2026-05-07 03:17:03] === Monitor check ===
[2026-05-07 03:17:03] Job 'finetune_k562plus10_transformer' is running (ID=2756691, state=RUNNING).
[2026-05-07 03:17:03] WARNING lines in last 100: 0
[2026-05-07 03:17:03] === Monitor check complete ===
[2026-05-07 03:27:03] === Monitor check ===
[2026-05-07 03:27:03] Job 'finetune_k562plus10_transformer' is running (ID=2756691, state=RUNNING).
[2026-05-07 03:27:03] WARNING lines in last 100: 0
[2026-05-07 03:27:03] === Monitor check complete ===
[2026-05-07 03:37:03] === Monitor check ===
[2026-05-07 03:37:03] Job 'finetune_k562plus10_transformer' is running (ID=2756691, state=RUNNING).
[2026-05-07 03:37:03] WARNING lines in last 100: 0
[2026-05-07 03:37:03] === Monitor check complete ===
[2026-05-07 03:47:03] === Monitor check ===
[2026-05-07 03:47:03] Job 'finetune_k562plus10_transformer' is running (ID=2756691, state=RUNNING).
[2026-05-07 03:47:03] WARNING lines in last 100: 0
[2026-05-07 03:47:03] === Monitor check complete ===
[2026-05-07 03:57:03] === Monitor check ===
[2026-05-07 03:57:03] Job 'finetune_k562plus10_transformer' is running (ID=2756691, state=RUNNING).
[2026-05-07 03:57:03] WARNING lines in last 100: 0
[2026-05-07 03:57:03] === Monitor check complete ===
[2026-05-07 04:07:03] === Monitor check ===
[2026-05-07 04:07:03] Job 'finetune_k562plus10_transformer' is running (ID=2756691, state=RUNNING).
[2026-05-07 04:07:04] WARNING lines in last 100: 0
[2026-05-07 04:07:04] === Monitor check complete ===
[2026-05-07 04:17:04] === Monitor check ===
[2026-05-07 04:17:04] Job 'finetune_k562plus10_transformer' is running (ID=2756691, state=RUNNING).
[2026-05-07 04:17:04] WARNING lines in last 100: 0
[2026-05-07 04:17:04] === Monitor check complete ===
[2026-05-07 04:27:04] === Monitor check ===
[2026-05-07 04:27:04] Job 'finetune_k562plus10_transformer' is running (ID=2756691, state=RUNNING).
[2026-05-07 04:27:04] WARNING lines in last 100: 0
[2026-05-07 04:27:04] === Monitor check complete ===
[2026-05-07 04:37:04] === Monitor check ===
[2026-05-07 04:37:04] Job 'finetune_k562plus10_transformer' is running (ID=2756691, state=RUNNING).
[2026-05-07 04:37:04] WARNING lines in last 100: 0
[2026-05-07 04:37:04] === Monitor check complete ===
[2026-05-07 04:47:04] === Monitor check ===
[2026-05-07 04:47:04] Job 'finetune_k562plus10_transformer' is running (ID=2756691, state=RUNNING).
[2026-05-07 04:47:04] WARNING lines in last 100: 0
[2026-05-07 04:47:04] === Monitor check complete ===
[2026-05-07 04:57:04] === Monitor check ===
[2026-05-07 04:57:05] Job 'finetune_k562plus10_transformer' is running (ID=2756691, state=RUNNING).
[2026-05-07 04:57:05] WARNING lines in last 100: 0
[2026-05-07 04:57:05] === Monitor check complete ===
[2026-05-07 05:07:05] === Monitor check ===
[2026-05-07 05:07:05] Job 'finetune_k562plus10_transformer' is running (ID=2756691, state=RUNNING).
[2026-05-07 05:07:05] WARNING lines in last 100: 0
[2026-05-07 05:07:05] === Monitor check complete ===
[2026-05-07 05:17:05] === Monitor check ===
[2026-05-07 05:17:05] Job 'finetune_k562plus10_transformer' is running (ID=2756691, state=RUNNING).
[2026-05-07 05:17:05] WARNING lines in last 100: 0
[2026-05-07 05:17:05] === Monitor check complete ===
[2026-05-07 05:27:05] === Monitor check ===
[2026-05-07 05:27:05] Job 'finetune_k562plus10_transformer' is running (ID=2756691, state=RUNNING).
[2026-05-07 05:27:05] WARNING lines in last 100: 0
[2026-05-07 05:27:05] === Monitor check complete ===
[2026-05-07 05:37:05] === Monitor check ===
[2026-05-07 05:37:05] Job 'finetune_k562plus10_transformer' is running (ID=2756691, state=RUNNING).
[2026-05-07 05:37:05] WARNING lines in last 100: 0
[2026-05-07 05:37:05] === Monitor check complete ===
[2026-05-07 05:47:05] === Monitor check ===
[2026-05-07 05:47:06] Job 'finetune_k562plus10_transformer' is running (ID=2756691, state=RUNNING).
[2026-05-07 05:47:06] WARNING lines in last 100: 0
[2026-05-07 05:47:06] === Monitor check complete ===
[2026-05-07 05:57:06] === Monitor check ===
[2026-05-07 05:57:06] Job 'finetune_k562plus10_transformer' is running (ID=2756691, state=RUNNING).
[2026-05-07 05:57:06] WARNING lines in last 100: 0
[2026-05-07 05:57:06] === Monitor check complete ===
[2026-05-07 06:07:06] === Monitor check ===
[2026-05-07 06:07:06] Job 'finetune_k562plus10_transformer' is running (ID=2756691, state=RUNNING).
[2026-05-07 06:07:06] WARNING lines in last 100: 0
[2026-05-07 06:07:06] === Monitor check complete ===
[2026-05-07 06:17:06] === Monitor check ===
[2026-05-07 06:17:06] Job 'finetune_k562plus10_transformer' is running (ID=2756691, state=RUNNING).
[2026-05-07 06:17:06] WARNING lines in last 100: 0
[2026-05-07 06:17:06] === Monitor check complete ===
[2026-05-07 06:27:06] === Monitor check ===
[2026-05-07 06:27:06] Job 'finetune_k562plus10_transformer' is running (ID=2756691, state=RUNNING).
[2026-05-07 06:27:06] WARNING lines in last 100: 0
[2026-05-07 06:27:06] === Monitor check complete ===
[2026-05-07 06:37:06] === Monitor check ===
[2026-05-07 06:37:06] Job 'finetune_k562plus10_transformer' is running (ID=2756691, state=RUNNING).
[2026-05-07 06:37:07] WARNING lines in last 100: 0
[2026-05-07 06:37:07] === Monitor check complete ===
[2026-05-07 06:47:07] === Monitor check ===
[2026-05-07 06:47:07] Job 'finetune_k562plus10_transformer' is running (ID=2756691, state=RUNNING).
[2026-05-07 06:47:07] WARNING lines in last 100: 0
[2026-05-07 06:47:07] === Monitor check complete ===
[2026-05-07 06:57:07] === Monitor check ===
[2026-05-07 06:57:07] Job 'finetune_k562plus10_transformer' is running (ID=2756691, state=RUNNING).
[2026-05-07 06:57:07] WARNING lines in last 100: 0
[2026-05-07 06:57:07] === Monitor check complete ===
[2026-05-07 07:07:07] === Monitor check ===
[2026-05-07 07:07:07] Job 'finetune_k562plus10_transformer' is running (ID=2756691, state=RUNNING).
[2026-05-07 07:07:07] WARNING lines in last 100: 0
[2026-05-07 07:07:07] === Monitor check complete ===
[2026-05-07 07:17:07] === Monitor check ===
[2026-05-07 07:17:07] Job 'finetune_k562plus10_transformer' is running (ID=2756691, state=RUNNING).
[2026-05-07 07:17:08] WARNING lines in last 100: 0
[2026-05-07 07:17:08] === Monitor check complete ===
[2026-05-07 07:27:08] === Monitor check ===
[2026-05-07 07:27:08] Job 'finetune_k562plus10_transformer' is running (ID=2756691, state=RUNNING).
[2026-05-07 07:27:08] WARNING lines in last 100: 0
[2026-05-07 07:27:08] === Monitor check complete ===
[2026-05-07 07:37:08] === Monitor check ===
[2026-05-07 07:37:08] Job 'finetune_k562plus10_transformer' is running (ID=2756691, state=RUNNING).
[2026-05-07 07:37:08] WARNING lines in last 100: 0
[2026-05-07 07:37:08] === Monitor check complete ===
[2026-05-07 07:47:08] === Monitor check ===
[2026-05-07 07:47:08] Job 'finetune_k562plus10_transformer' is running (ID=2756691, state=RUNNING).
[2026-05-07 07:47:08] WARNING lines in last 100: 0
[2026-05-07 07:47:08] === Monitor check complete ===
[2026-05-07 07:57:08] === Monitor check ===
[2026-05-07 07:57:08] Job 'finetune_k562plus10_transformer' is running (ID=2756691, state=RUNNING).
[2026-05-07 07:57:09] WARNING lines in last 100: 0
[2026-05-07 07:57:09] === Monitor check complete ===
[2026-05-07 08:07:09] === Monitor check ===
[2026-05-07 08:07:09] Job 'finetune_k562plus10_transformer' is running (ID=2756691, state=RUNNING).
[2026-05-07 08:07:09] WARNING lines in last 100: 0
[2026-05-07 08:07:09] === Monitor check complete ===
[2026-05-07 08:17:09] === Monitor check ===
[2026-05-07 08:17:09] Job 'finetune_k562plus10_transformer' is running (ID=2756691, state=RUNNING).
[2026-05-07 08:17:09] WARNING lines in last 100: 0
[2026-05-07 08:17:09] === Monitor check complete ===
[2026-05-07 08:27:09] === Monitor check ===
[2026-05-07 08:27:09] Job 'finetune_k562plus10_transformer' is running (ID=2756691, state=RUNNING).
[2026-05-07 08:27:09] WARNING lines in last 100: 0
[2026-05-07 08:27:09] === Monitor check complete ===
[2026-05-07 08:37:09] === Monitor check ===
[2026-05-07 08:37:09] Job 'finetune_k562plus10_transformer' is running (ID=2756691, state=RUNNING).
[2026-05-07 08:37:10] WARNING lines in last 100: 0
[2026-05-07 08:37:10] === Monitor check complete ===
[2026-05-07 08:47:10] === Monitor check ===
[2026-05-07 08:47:10] Job 'finetune_k562plus10_transformer' is running (ID=2756691, state=RUNNING).
[2026-05-07 08:47:10] WARNING lines in last 100: 0
[2026-05-07 08:47:10] === Monitor check complete ===
[2026-05-07 08:57:10] === Monitor check ===
[2026-05-07 08:57:10] Job 'finetune_k562plus10_transformer' is running (ID=2756691, state=RUNNING).
[2026-05-07 08:57:10] WARNING lines in last 100: 0
[2026-05-07 08:57:10] === Monitor check complete ===
[2026-05-07 09:07:10] === Monitor check ===
[2026-05-07 09:07:10] Job 'finetune_k562plus10_transformer' is running (ID=2756691, state=RUNNING).
[2026-05-07 09:07:10] WARNING lines in last 100: 0
[2026-05-07 09:07:10] === Monitor check complete ===
[2026-05-07 09:17:10] === Monitor check ===
[2026-05-07 09:17:10] Job 'finetune_k562plus10_transformer' is running (ID=2756691, state=RUNNING).
[2026-05-07 09:17:11] WARNING lines in last 100: 0
[2026-05-07 09:17:11] === Monitor check complete ===
[2026-05-07 09:27:11] === Monitor check ===
[2026-05-07 09:27:11] Job 'finetune_k562plus10_transformer' is running (ID=2756691, state=RUNNING).
[2026-05-07 09:27:11] WARNING lines in last 100: 0
[2026-05-07 09:27:11] === Monitor check complete ===
[2026-05-07 09:37:11] === Monitor check ===
[2026-05-07 09:37:11] Job 'finetune_k562plus10_transformer' is running (ID=2756691, state=RUNNING).
[2026-05-07 09:37:11] WARNING lines in last 100: 0
[2026-05-07 09:37:11] === Monitor check complete ===
[2026-05-07 09:47:11] === Monitor check ===
[2026-05-07 09:47:11] Job 'finetune_k562plus10_transformer' is running (ID=2756691, state=RUNNING).
[2026-05-07 09:47:11] WARNING lines in last 100: 0
[2026-05-07 09:47:11] === Monitor check complete ===
[2026-05-07 09:57:11] === Monitor check ===
[2026-05-07 09:57:12] Job 'finetune_k562plus10_transformer' is running (ID=2756691, state=RUNNING).
[2026-05-07 09:57:12] WARNING lines in last 100: 0
[2026-05-07 09:57:12] === Monitor check complete ===
[2026-05-07 10:07:12] === Monitor check ===
[2026-05-07 10:07:12] Job 'finetune_k562plus10_transformer' is running (ID=2756691, state=RUNNING).
[2026-05-07 10:07:12] WARNING lines in last 100: 0
[2026-05-07 10:07:12] === Monitor check complete ===
[2026-05-07 10:17:12] === Monitor check ===
[2026-05-07 10:17:12] Job 'finetune_k562plus10_transformer' is running (ID=2756691, state=RUNNING).
[2026-05-07 10:17:12] WARNING lines in last 100: 0
[2026-05-07 10:17:12] === Monitor check complete ===
[2026-05-07 10:27:12] === Monitor check ===
[2026-05-07 10:27:12] Job 'finetune_k562plus10_transformer' is running (ID=2756691, state=RUNNING).
[2026-05-07 10:27:13] WARNING lines in last 100: 0
[2026-05-07 10:27:13] === Monitor check complete ===
[2026-05-07 10:37:13] === Monitor check ===
[2026-05-07 10:37:13] Job 'finetune_k562plus10_transformer' is running (ID=2756691, state=RUNNING).
[2026-05-07 10:37:13] WARNING lines in last 100: 0
[2026-05-07 10:37:13] === Monitor check complete ===
[2026-05-07 10:47:13] === Monitor check ===
[2026-05-07 10:47:13] Job 'finetune_k562plus10_transformer' is running (ID=2756691, state=RUNNING).
[2026-05-07 10:47:13] WARNING lines in last 100: 0
[2026-05-07 10:47:13] === Monitor check complete ===
[2026-05-07 10:57:13] === Monitor check ===
[2026-05-07 10:57:13] Job 'finetune_k562plus10_transformer' is running (ID=2756691, state=RUNNING).
[2026-05-07 10:57:13] WARNING lines in last 100: 0
[2026-05-07 10:57:14] === Monitor check complete ===
[2026-05-07 11:07:14] === Monitor check ===
[2026-05-07 11:07:14] Job 'finetune_k562plus10_transformer' is running (ID=2756691, state=RUNNING).
[2026-05-07 11:07:14] WARNING lines in last 100: 0
[2026-05-07 11:07:14] === Monitor check complete ===
[2026-05-07 11:17:14] === Monitor check ===
[2026-05-07 11:17:14] Job 'finetune_k562plus10_transformer' is running (ID=2756691, state=RUNNING).
[2026-05-07 11:17:14] WARNING lines in last 100: 0
[2026-05-07 11:17:14] === Monitor check complete ===
[2026-05-07 11:27:14] === Monitor check ===
[2026-05-07 11:27:14] Job 'finetune_k562plus10_transformer' is running (ID=2756691, state=RUNNING).
[2026-05-07 11:27:14] WARNING lines in last 100: 0
[2026-05-07 11:27:14] === Monitor check complete ===
[2026-05-07 11:37:14] === Monitor check ===
[2026-05-07 11:37:14] Job 'finetune_k562plus10_transformer' is running (ID=2756691, state=RUNNING).
[2026-05-07 11:37:15] WARNING lines in last 100: 0
[2026-05-07 11:37:15] === Monitor check complete ===
[2026-05-07 11:47:15] === Monitor check ===
[2026-05-07 11:47:15] Job 'finetune_k562plus10_transformer' is running (ID=2756691, state=RUNNING).
[2026-05-07 11:47:15] WARNING lines in last 100: 0
[2026-05-07 11:47:15] === Monitor check complete ===
[2026-05-07 11:57:15] === Monitor check ===
[2026-05-07 11:57:15] Job 'finetune_k562plus10_transformer' is running (ID=2756691, state=RUNNING).
[2026-05-07 11:57:15] WARNING lines in last 100: 0
[2026-05-07 11:57:15] === Monitor check complete ===
[2026-05-07 12:07:15] === Monitor check ===
[2026-05-07 12:07:16] Job 'finetune_k562plus10_transformer' is running (ID=2756691, state=RUNNING).
[2026-05-07 12:07:16] WARNING lines in last 100: 0
[2026-05-07 12:07:16] === Monitor check complete ===
[2026-05-07 12:17:16] === Monitor check ===
[2026-05-07 12:17:16] Job 'finetune_k562plus10_transformer' is running (ID=2756691, state=RUNNING).
[2026-05-07 12:17:17] WARNING lines in last 100: 0
[2026-05-07 12:17:17] === Monitor check complete ===
[2026-05-07 12:27:17] === Monitor check ===
[2026-05-07 12:27:17] Job 'finetune_k562plus10_transformer' is running (ID=2756691, state=RUNNING).
[2026-05-07 12:27:17] WARNING lines in last 100: 0
[2026-05-07 12:27:17] === Monitor check complete ===
[2026-05-07 12:37:17] === Monitor check ===
[2026-05-07 12:37:17] Job 'finetune_k562plus10_transformer' is running (ID=2756691, state=RUNNING).
[2026-05-07 12:37:18] WARNING lines in last 100: 0
[2026-05-07 12:37:18] === Monitor check complete ===
[2026-05-07 12:47:18] === Monitor check ===
[2026-05-07 12:47:18] Job 'finetune_k562plus10_transformer' is running (ID=2756691, state=RUNNING).
[2026-05-07 12:47:18] WARNING lines in last 100: 0
[2026-05-07 12:47:18] === Monitor check complete ===
[2026-05-07 12:57:18] === Monitor check ===
[2026-05-07 12:57:18] Job 'finetune_k562plus10_transformer' is running (ID=2756691, state=RUNNING).
[2026-05-07 12:57:18] WARNING lines in last 100: 0
[2026-05-07 12:57:18] === Monitor check complete ===
[2026-05-07 13:07:18] === Monitor check ===
[2026-05-07 13:07:18] Job 'finetune_k562plus10_transformer' is running (ID=2756691, state=RUNNING).
[2026-05-07 13:07:19] WARNING lines in last 100: 0
[2026-05-07 13:07:19] === Monitor check complete ===
[2026-05-07 13:17:19] === Monitor check ===
[2026-05-07 13:17:19] Job 'finetune_k562plus10_transformer' is running (ID=2756691, state=RUNNING).
[2026-05-07 13:17:19] WARNING lines in last 100: 0
[2026-05-07 13:17:19] === Monitor check complete ===
[2026-05-07 13:27:19] === Monitor check ===
[2026-05-07 13:27:19] Job 'finetune_k562plus10_transformer' is running (ID=2756691, state=RUNNING).
[2026-05-07 13:27:19] WARNING lines in last 100: 0
[2026-05-07 13:27:19] === Monitor check complete ===
[2026-05-07 13:37:19] === Monitor check ===
[2026-05-07 13:37:19] Job 'finetune_k562plus10_transformer' is running (ID=2756691, state=RUNNING).
[2026-05-07 13:37:20] WARNING lines in last 100: 0
[2026-05-07 13:37:20] === Monitor check complete ===
[2026-05-07 13:47:20] === Monitor check ===
[2026-05-07 13:47:20] Job 'finetune_k562plus10_transformer' is running (ID=2756691, state=RUNNING).
[2026-05-07 13:47:20] WARNING lines in last 100: 0
[2026-05-07 13:47:20] === Monitor check complete ===
[2026-05-07 13:57:20] === Monitor check ===
[2026-05-07 13:57:20] Job 'finetune_k562plus10_transformer' is running (ID=2756691, state=RUNNING).
[2026-05-07 13:57:21] WARNING lines in last 100: 0
[2026-05-07 13:57:21] === Monitor check complete ===
[2026-05-07 14:07:21] === Monitor check ===
[2026-05-07 14:07:21] Job 'finetune_k562plus10_transformer' is running (ID=2756691, state=RUNNING).
[2026-05-07 14:07:21] WARNING lines in last 100: 0
[2026-05-07 14:07:21] === Monitor check complete ===
[2026-05-07 14:17:21] === Monitor check ===
[2026-05-07 14:17:21] Job 'finetune_k562plus10_transformer' is running (ID=2756691, state=RUNNING).
[2026-05-07 14:17:21] WARNING lines in last 100: 0
[2026-05-07 14:17:21] === Monitor check complete ===
[2026-05-07 14:27:21] === Monitor check ===
[2026-05-07 14:27:21] Job 'finetune_k562plus10_transformer' is running (ID=2756691, state=RUNNING).
[2026-05-07 14:27:22] WARNING lines in last 100: 0
[2026-05-07 14:27:22] === Monitor check complete ===
[2026-05-07 14:37:22] === Monitor check ===
[2026-05-07 14:37:22] Job 'finetune_k562plus10_transformer' is running (ID=2756691, state=RUNNING).
[2026-05-07 14:37:22] WARNING lines in last 100: 0
[2026-05-07 14:37:22] === Monitor check complete ===
[2026-05-07 14:47:22] === Monitor check ===
[2026-05-07 14:47:22] Job 'finetune_k562plus10_transformer' is running (ID=2756691, state=RUNNING).
[2026-05-07 14:47:22] WARNING lines in last 100: 0
[2026-05-07 14:47:22] === Monitor check complete ===
[2026-05-07 14:57:22] === Monitor check ===
[2026-05-07 14:57:23] Job 'finetune_k562plus10_transformer' is running (ID=2756691, state=RUNNING).
[2026-05-07 14:57:23] WARNING lines in last 100: 0
[2026-05-07 14:57:23] === Monitor check complete ===
[2026-05-07 15:07:23] === Monitor check ===
[2026-05-07 15:07:23] Job 'finetune_k562plus10_transformer' is running (ID=2756691, state=RUNNING).
[2026-05-07 15:07:23] WARNING lines in last 100: 0
[2026-05-07 15:07:23] === Monitor check complete ===
[2026-05-07 15:17:23] === Monitor check ===
[2026-05-07 15:17:23] Job 'finetune_k562plus10_transformer' is running (ID=2756691, state=RUNNING).
[2026-05-07 15:17:24] WARNING lines in last 100: 0
[2026-05-07 15:17:24] === Monitor check complete ===
[2026-05-07 15:27:24] === Monitor check ===
[2026-05-07 15:27:24] Job 'finetune_k562plus10_transformer' is running (ID=2756691, state=RUNNING).
[2026-05-07 15:27:24] WARNING lines in last 100: 0
[2026-05-07 15:27:24] === Monitor check complete ===
[2026-05-07 15:37:24] === Monitor check ===
[2026-05-07 15:37:24] Job 'finetune_k562plus10_transformer' is running (ID=2756691, state=RUNNING).
[2026-05-07 15:37:25] WARNING lines in last 100: 0
[2026-05-07 15:37:25] === Monitor check complete ===
[2026-05-07 15:47:25] === Monitor check ===
[2026-05-07 15:47:25] Job 'finetune_k562plus10_transformer' is running (ID=2756691, state=RUNNING).
[2026-05-07 15:47:25] WARNING lines in last 100: 0
[2026-05-07 15:47:25] === Monitor check complete ===
[2026-05-07 15:57:25] === Monitor check ===
[2026-05-07 15:57:25] Job 'finetune_k562plus10_transformer' is running (ID=2756691, state=RUNNING).
[2026-05-07 15:57:25] WARNING lines in last 100: 0
[2026-05-07 15:57:25] === Monitor check complete ===
[2026-05-07 16:07:25] === Monitor check ===
[2026-05-07 16:07:25] Job 'finetune_k562plus10_transformer' is running (ID=2756691, state=RUNNING).
[2026-05-07 16:07:26] WARNING lines in last 100: 0
[2026-05-07 16:07:26] === Monitor check complete ===
[2026-05-07 16:17:26] === Monitor check ===
[2026-05-07 16:17:26] Job 'finetune_k562plus10_transformer' is running (ID=2756691, state=RUNNING).
[2026-05-07 16:17:26] WARNING lines in last 100: 0
[2026-05-07 16:17:26] === Monitor check complete ===
[2026-05-07 16:27:26] === Monitor check ===
[2026-05-07 16:27:26] Job 'finetune_k562plus10_transformer' is running (ID=2756691, state=RUNNING).
[2026-05-07 16:27:27] WARNING lines in last 100: 0
[2026-05-07 16:27:27] === Monitor check complete ===
[2026-05-07 16:37:27] === Monitor check ===
[2026-05-07 16:37:27] Job 'finetune_k562plus10_transformer' is running (ID=2756691, state=RUNNING).
[2026-05-07 16:37:27] WARNING lines in last 100: 0
[2026-05-07 16:37:27] === Monitor check complete ===
[2026-05-07 16:47:27] === Monitor check ===
[2026-05-07 16:47:27] Job 'finetune_k562plus10_transformer' is running (ID=2756691, state=RUNNING).
[2026-05-07 16:47:27] WARNING lines in last 100: 0
[2026-05-07 16:47:27] === Monitor check complete ===
[2026-05-07 16:57:27] === Monitor check ===
[2026-05-07 16:57:27] Job 'finetune_k562plus10_transformer' is running (ID=2756691, state=RUNNING).
[2026-05-07 16:57:28] WARNING lines in last 100: 0
[2026-05-07 16:57:28] === Monitor check complete ===
[2026-05-07 17:07:28] === Monitor check ===
[2026-05-07 17:07:28] Job 'finetune_k562plus10_transformer' is running (ID=2756691, state=RUNNING).
[2026-05-07 17:07:28] WARNING lines in last 100: 0
[2026-05-07 17:07:28] === Monitor check complete ===
[2026-05-07 17:17:28] === Monitor check ===
[2026-05-07 17:17:28] Job 'finetune_k562plus10_transformer' is running (ID=2756691, state=RUNNING).
[2026-05-07 17:17:29] WARNING lines in last 100: 0
[2026-05-07 17:17:29] === Monitor check complete ===
[2026-05-07 17:27:29] === Monitor check ===
[2026-05-07 17:27:29] Job 'finetune_k562plus10_transformer' is running (ID=2756691, state=RUNNING).
[2026-05-07 17:27:29] WARNING lines in last 100: 0
[2026-05-07 17:27:29] === Monitor check complete ===
[2026-05-07 17:37:29] === Monitor check ===
[2026-05-07 17:37:29] Job 'finetune_k562plus10_transformer' is running (ID=2756691, state=RUNNING).
[2026-05-07 17:37:30] WARNING lines in last 100: 0
[2026-05-07 17:37:30] === Monitor check complete ===
[2026-05-07 17:47:30] === Monitor check ===
[2026-05-07 17:47:30] Job 'finetune_k562plus10_transformer' is running (ID=2756691, state=RUNNING).
[2026-05-07 17:47:30] WARNING lines in last 100: 0
[2026-05-07 17:47:30] === Monitor check complete ===
[2026-05-07 17:57:30] === Monitor check ===
[2026-05-07 17:57:30] Job 'finetune_k562plus10_transformer' is running (ID=2756691, state=RUNNING).
[2026-05-07 17:57:31] WARNING lines in last 100: 0
[2026-05-07 17:57:31] === Monitor check complete ===
[2026-05-07 18:07:31] === Monitor check ===
[2026-05-07 18:07:31] Job 'finetune_k562plus10_transformer' is running (ID=2756691, state=RUNNING).
[2026-05-07 18:07:31] WARNING lines in last 100: 0
[2026-05-07 18:07:31] === Monitor check complete ===
[2026-05-07 18:17:31] === Monitor check ===
[2026-05-07 18:17:31] Job 'finetune_k562plus10_transformer' is running (ID=2756691, state=RUNNING).
[2026-05-07 18:17:32] WARNING lines in last 100: 0
[2026-05-07 18:17:32] === Monitor check complete ===
[2026-05-07 18:27:32] === Monitor check ===
[2026-05-07 18:27:32] Job 'finetune_k562plus10_transformer' is running (ID=2756691, state=RUNNING).
[2026-05-07 18:27:32] WARNING lines in last 100: 0
[2026-05-07 18:27:32] === Monitor check complete ===
[2026-05-07 18:37:32] === Monitor check ===
[2026-05-07 18:37:32] Job 'finetune_k562plus10_transformer' is running (ID=2756691, state=RUNNING).
[2026-05-07 18:37:32] WARNING lines in last 100: 0
[2026-05-07 18:37:32] === Monitor check complete ===
[2026-05-07 18:47:33] === Monitor check ===
[2026-05-07 18:47:33] Job 'finetune_k562plus10_transformer' is running (ID=2756691, state=RUNNING).
[2026-05-07 18:47:33] WARNING lines in last 100: 0
[2026-05-07 18:47:33] === Monitor check complete ===
[2026-05-07 18:57:33] === Monitor check ===
[2026-05-07 18:57:33] Job 'finetune_k562plus10_transformer' is running (ID=2756691, state=RUNNING).
[2026-05-07 18:57:33] WARNING lines in last 100: 0
[2026-05-07 18:57:33] === Monitor check complete ===
[2026-05-07 19:07:33] === Monitor check ===
[2026-05-07 19:07:34] Job 'finetune_k562plus10_transformer' is running (ID=2756691, state=RUNNING).
[2026-05-07 19:07:34] WARNING lines in last 100: 0
[2026-05-07 19:07:34] === Monitor check complete ===
[2026-05-07 19:17:34] === Monitor check ===
[2026-05-07 19:17:34] Job 'finetune_k562plus10_transformer' is running (ID=2756691, state=RUNNING).
[2026-05-07 19:17:34] WARNING lines in last 100: 0
[2026-05-07 19:17:34] === Monitor check complete ===
[2026-05-07 19:27:34] === Monitor check ===
[2026-05-07 19:27:34] Job 'finetune_k562plus10_transformer' is running (ID=2756691, state=RUNNING).
[2026-05-07 19:27:35] WARNING lines in last 100: 0
[2026-05-07 19:27:35] === Monitor check complete ===
[2026-05-07 19:37:35] === Monitor check ===
[2026-05-07 19:37:35] Job 'finetune_k562plus10_transformer' is running (ID=2756691, state=RUNNING).
[2026-05-07 19:37:35] WARNING lines in last 100: 0
[2026-05-07 19:37:35] === Monitor check complete ===
[2026-05-07 19:47:36] === Monitor check ===
[2026-05-07 19:47:36] Job 'finetune_k562plus10_transformer' is running (ID=2756691, state=RUNNING).
[2026-05-07 19:47:36] WARNING lines in last 100: 0
[2026-05-07 19:47:36] === Monitor check complete ===
[2026-05-07 19:57:36] === Monitor check ===
[2026-05-07 19:57:36] Job 'finetune_k562plus10_transformer' is running (ID=2756691, state=RUNNING).
[2026-05-07 19:57:36] WARNING lines in last 100: 0
[2026-05-07 19:57:36] === Monitor check complete ===
[2026-05-07 20:07:36] === Monitor check ===
[2026-05-07 20:07:36] Job 'finetune_k562plus10_transformer' is running (ID=2756691, state=RUNNING).
[2026-05-07 20:07:37] WARNING lines in last 100: 0
[2026-05-07 20:07:37] === Monitor check complete ===
[2026-05-07 20:17:37] === Monitor check ===
[2026-05-07 20:17:37] Job 'finetune_k562plus10_transformer' is running (ID=2756691, state=RUNNING).
[2026-05-07 20:17:37] WARNING lines in last 100: 0
[2026-05-07 20:17:37] === Monitor check complete ===
[2026-05-07 20:27:37] === Monitor check ===
[2026-05-07 20:27:37] Job 'finetune_k562plus10_transformer' is running (ID=2756691, state=RUNNING).
[2026-05-07 20:27:38] WARNING lines in last 100: 0
[2026-05-07 20:27:38] === Monitor check complete ===
[2026-05-07 20:37:38] === Monitor check ===
[2026-05-07 20:37:38] Job 'finetune_k562plus10_transformer' is running (ID=2756691, state=RUNNING).
[2026-05-07 20:37:38] WARNING lines in last 100: 0
[2026-05-07 20:37:38] === Monitor check complete ===
[2026-05-07 20:47:38] === Monitor check ===
[2026-05-07 20:47:38] Job 'finetune_k562plus10_transformer' is running (ID=2756691, state=RUNNING).
[2026-05-07 20:47:39] WARNING lines in last 100: 0
[2026-05-07 20:47:39] === Monitor check complete ===
[2026-05-07 20:57:39] === Monitor check ===
[2026-05-07 20:57:39] Job 'finetune_k562plus10_transformer' is running (ID=2756691, state=RUNNING).
[2026-05-07 20:57:39] WARNING lines in last 100: 0
[2026-05-07 20:57:39] === Monitor check complete ===
[2026-05-07 21:07:39] === Monitor check ===
[2026-05-07 21:07:39] Job 'finetune_k562plus10_transformer' is running (ID=2756691, state=RUNNING).
[2026-05-07 21:07:40] WARNING lines in last 100: 0
[2026-05-07 21:07:40] === Monitor check complete ===
[2026-05-07 21:17:40] === Monitor check ===
[2026-05-07 21:17:40] Job 'finetune_k562plus10_transformer' is running (ID=2756691, state=RUNNING).
[2026-05-07 21:17:40] WARNING lines in last 100: 0
[2026-05-07 21:17:40] === Monitor check complete ===
[2026-05-07 21:27:40] === Monitor check ===
[2026-05-07 21:27:40] Job 'finetune_k562plus10_transformer' is running (ID=2756691, state=RUNNING).
[2026-05-07 21:27:41] WARNING lines in last 100: 0
[2026-05-07 21:27:41] === Monitor check complete ===
[2026-05-07 21:37:41] === Monitor check ===
[2026-05-07 21:37:41] Job 'finetune_k562plus10_transformer' is running (ID=2756691, state=RUNNING).
[2026-05-07 21:37:41] WARNING lines in last 100: 0
[2026-05-07 21:37:41] === Monitor check complete ===
[2026-05-07 21:47:41] === Monitor check ===
[2026-05-07 21:47:41] Job 'finetune_k562plus10_transformer' is running (ID=2756691, state=RUNNING).
[2026-05-07 21:47:42] WARNING lines in last 100: 0
[2026-05-07 21:47:42] === Monitor check complete ===
[2026-05-07 21:57:42] === Monitor check ===
[2026-05-07 21:57:42] Job 'finetune_k562plus10_transformer' is running (ID=2756691, state=RUNNING).
[2026-05-07 21:57:42] WARNING lines in last 100: 0
[2026-05-07 21:57:42] === Monitor check complete ===
[2026-05-07 22:07:42] === Monitor check ===
[2026-05-07 22:07:42] Job 'finetune_k562plus10_transformer' is running (ID=2756691, state=RUNNING).
[2026-05-07 22:07:43] WARNING lines in last 100: 0
[2026-05-07 22:07:43] === Monitor check complete ===
[2026-05-07 22:17:43] === Monitor check ===
[2026-05-07 22:17:43] Job 'finetune_k562plus10_transformer' is running (ID=2756691, state=RUNNING).
[2026-05-07 22:17:45] WARNING lines in last 100: 0
[2026-05-07 22:17:45] === Monitor check complete ===
[2026-05-07 22:27:45] === Monitor check ===
[2026-05-07 22:27:45] Job 'finetune_k562plus10_transformer' is running (ID=2756691, state=RUNNING).
[2026-05-07 22:27:45] WARNING lines in last 100: 0
[2026-05-07 22:27:45] === Monitor check complete ===
[2026-05-07 22:37:45] === Monitor check ===
[2026-05-07 22:37:45] Job 'finetune_k562plus10_transformer' is running (ID=2756691, state=RUNNING).
[2026-05-07 22:37:46] WARNING lines in last 100: 0
[2026-05-07 22:37:46] === Monitor check complete ===
[2026-05-07 22:47:46] === Monitor check ===
[2026-05-07 22:47:46] Job 'finetune_k562plus10_transformer' is running (ID=2756691, state=RUNNING).
[2026-05-07 22:47:47] WARNING lines in last 100: 0
[2026-05-07 22:47:47] === Monitor check complete ===
[2026-05-07 22:57:47] === Monitor check ===
[2026-05-07 22:57:47] Job 'finetune_k562plus10_transformer' is running (ID=2756691, state=RUNNING).
[2026-05-07 22:57:47] WARNING lines in last 100: 0
[2026-05-07 22:57:47] === Monitor check complete ===
[2026-05-07 23:07:47] === Monitor check ===
[2026-05-07 23:07:47] Job 'finetune_k562plus10_transformer' is running (ID=2756691, state=RUNNING).
[2026-05-07 23:07:48] WARNING lines in last 100: 0
[2026-05-07 23:07:48] === Monitor check complete ===
[2026-05-07 23:17:48] === Monitor check ===
[2026-05-07 23:17:48] Job 'finetune_k562plus10_transformer' is running (ID=2756691, state=RUNNING).
[2026-05-07 23:17:48] WARNING lines in last 100: 0
[2026-05-07 23:17:48] === Monitor check complete ===
[2026-05-07 23:27:48] === Monitor check ===
[2026-05-07 23:27:48] Job 'finetune_k562plus10_transformer' is running (ID=2756691, state=RUNNING).
[2026-05-07 23:27:49] WARNING lines in last 100: 0
[2026-05-07 23:27:49] === Monitor check complete ===
[2026-05-07 23:37:49] === Monitor check ===
[2026-05-07 23:37:49] Job 'finetune_k562plus10_transformer' is running (ID=2756691, state=RUNNING).
[2026-05-07 23:37:49] WARNING lines in last 100: 0
[2026-05-07 23:37:49] === Monitor check complete ===
[2026-05-07 23:47:49] === Monitor check ===
[2026-05-07 23:47:49] Job 'finetune_k562plus10_transformer' is running (ID=2756691, state=RUNNING).
[2026-05-07 23:47:50] WARNING lines in last 100: 0
[2026-05-07 23:47:50] === Monitor check complete ===
[2026-05-07 23:57:50] === Monitor check ===
[2026-05-07 23:57:50] Job 'finetune_k562plus10_transformer' is running (ID=2756691, state=RUNNING).
[2026-05-07 23:57:51] WARNING lines in last 100: 0
[2026-05-07 23:57:51] === Monitor check complete ===
[2026-05-08 00:07:51] === Monitor check ===
[2026-05-08 00:07:51] Job 'finetune_k562plus10_transformer' is running (ID=2756691, state=RUNNING).
[2026-05-08 00:07:51] WARNING lines in last 100: 0
[2026-05-08 00:07:51] === Monitor check complete ===
[2026-05-08 00:17:51] === Monitor check ===
[2026-05-08 00:17:51] Job 'finetune_k562plus10_transformer' is running (ID=2756691, state=RUNNING).
[2026-05-08 00:17:52] WARNING lines in last 100: 0
[2026-05-08 00:17:52] === Monitor check complete ===
[2026-05-08 00:27:52] === Monitor check ===
[2026-05-08 00:27:52] Job 'finetune_k562plus10_transformer' is running (ID=2756691, state=RUNNING).
[2026-05-08 00:27:52] WARNING lines in last 100: 0
[2026-05-08 00:27:52] === Monitor check complete ===
[2026-05-08 00:37:52] === Monitor check ===
[2026-05-08 00:37:52] Job 'finetune_k562plus10_transformer' is running (ID=2756691, state=RUNNING).
[2026-05-08 00:37:53] WARNING lines in last 100: 0
[2026-05-08 00:37:53] === Monitor check complete ===
[2026-05-08 00:47:53] === Monitor check ===
[2026-05-08 00:47:53] Job 'finetune_k562plus10_transformer' is running (ID=2756691, state=RUNNING).
[2026-05-08 00:47:54] WARNING lines in last 100: 0
[2026-05-08 00:47:54] === Monitor check complete ===
[2026-05-08 00:57:54] === Monitor check ===
[2026-05-08 00:57:54] Job 'finetune_k562plus10_transformer' is running (ID=2756691, state=RUNNING).
[2026-05-08 00:57:54] WARNING lines in last 100: 0
[2026-05-08 00:57:54] === Monitor check complete ===
[2026-05-08 01:07:54] === Monitor check ===
[2026-05-08 01:07:54] Job 'finetune_k562plus10_transformer' is running (ID=2756691, state=RUNNING).
[2026-05-08 01:07:55] WARNING lines in last 100: 0
[2026-05-08 01:07:55] === Monitor check complete ===
[2026-05-08 01:17:55] === Monitor check ===
[2026-05-08 01:17:55] Job 'finetune_k562plus10_transformer' is running (ID=2756691, state=RUNNING).
[2026-05-08 01:17:56] WARNING lines in last 100: 0
[2026-05-08 01:17:56] === Monitor check complete ===
[2026-05-08 01:27:56] === Monitor check ===
[2026-05-08 01:27:56] Job 'finetune_k562plus10_transformer' is running (ID=2756691, state=RUNNING).
[2026-05-08 01:27:56] WARNING lines in last 100: 0
[2026-05-08 01:27:56] === Monitor check complete ===
[2026-05-08 01:37:56] === Monitor check ===
[2026-05-08 01:37:56] Job 'finetune_k562plus10_transformer' is running (ID=2756691, state=RUNNING).
[2026-05-08 01:37:57] WARNING lines in last 100: 0
[2026-05-08 01:37:57] === Monitor check complete ===
[2026-05-08 01:47:57] === Monitor check ===
[2026-05-08 01:47:57] Job 'finetune_k562plus10_transformer' is running (ID=2756691, state=RUNNING).
[2026-05-08 01:47:58] WARNING lines in last 100: 0
[2026-05-08 01:47:58] === Monitor check complete ===
[2026-05-08 01:57:58] === Monitor check ===
[2026-05-08 01:57:58] Job 'finetune_k562plus10_transformer' is running (ID=2756691, state=RUNNING).
[2026-05-08 01:57:59] WARNING lines in last 100: 0
[2026-05-08 01:57:59] === Monitor check complete ===
[2026-05-08 02:07:59] === Monitor check ===
[2026-05-08 02:07:59] Job 'finetune_k562plus10_transformer' is running (ID=2756691, state=RUNNING).
[2026-05-08 02:07:59] WARNING lines in last 100: 0
[2026-05-08 02:07:59] === Monitor check complete ===
[2026-05-08 02:17:59] === Monitor check ===
[2026-05-08 02:17:59] Job 'finetune_k562plus10_transformer' is running (ID=2756691, state=RUNNING).
[2026-05-08 02:18:00] WARNING lines in last 100: 0
[2026-05-08 02:18:00] === Monitor check complete ===
[2026-05-08 02:28:00] === Monitor check ===
[2026-05-08 02:28:00] Job 'finetune_k562plus10_transformer' is running (ID=2756691, state=RUNNING).
[2026-05-08 02:28:01] WARNING lines in last 100: 0
[2026-05-08 02:28:01] === Monitor check complete ===
[2026-05-08 02:38:01] === Monitor check ===
[2026-05-08 02:38:01] Job 'finetune_k562plus10_transformer' is running (ID=2756691, state=RUNNING).
[2026-05-08 02:38:01] WARNING lines in last 100: 0
[2026-05-08 02:38:01] === Monitor check complete ===
[2026-05-08 02:48:01] === Monitor check ===
[2026-05-08 02:48:01] Job 'finetune_k562plus10_transformer' is running (ID=2756691, state=RUNNING).
[2026-05-08 02:48:02] WARNING lines in last 100: 0
[2026-05-08 02:48:02] === Monitor check complete ===
[2026-05-08 02:58:02] === Monitor check ===
[2026-05-08 02:58:02] Job 'finetune_k562plus10_transformer' is running (ID=2756691, state=RUNNING).
[2026-05-08 02:58:03] WARNING lines in last 100: 0
[2026-05-08 02:58:03] === Monitor check complete ===
[2026-05-08 03:08:03] === Monitor check ===
[2026-05-08 03:08:03] Job 'finetune_k562plus10_transformer' is running (ID=2756691, state=RUNNING).
[2026-05-08 03:08:03] WARNING lines in last 100: 0
[2026-05-08 03:08:03] === Monitor check complete ===
[2026-05-08 03:18:03] === Monitor check ===
[2026-05-08 03:18:03] Job 'finetune_k562plus10_transformer' is running (ID=2756691, state=RUNNING).
[2026-05-08 03:18:04] WARNING lines in last 100: 0
[2026-05-08 03:18:04] === Monitor check complete ===
[2026-05-08 03:28:04] === Monitor check ===
[2026-05-08 03:28:04] Job 'finetune_k562plus10_transformer' is running (ID=2756691, state=RUNNING).
[2026-05-08 03:28:05] WARNING lines in last 100: 0
[2026-05-08 03:28:05] === Monitor check complete ===
[2026-05-08 03:38:05] === Monitor check ===
[2026-05-08 03:38:05] Job 'finetune_k562plus10_transformer' is running (ID=2756691, state=RUNNING).
[2026-05-08 03:38:05] WARNING lines in last 100: 0
[2026-05-08 03:38:05] === Monitor check complete ===
[2026-05-08 03:48:05] === Monitor check ===
[2026-05-08 03:48:05] Job 'finetune_k562plus10_transformer' is running (ID=2756691, state=RUNNING).
[2026-05-08 03:48:06] WARNING lines in last 100: 0
[2026-05-08 03:48:06] === Monitor check complete ===
[2026-05-08 03:58:06] === Monitor check ===
[2026-05-08 03:58:06] Job 'finetune_k562plus10_transformer' is running (ID=2756691, state=RUNNING).
[2026-05-08 03:58:06] WARNING lines in last 100: 0
[2026-05-08 03:58:06] === Monitor check complete ===
[2026-05-08 04:08:06] === Monitor check ===
[2026-05-08 04:08:07] Job 'finetune_k562plus10_transformer' is running (ID=2756691, state=RUNNING).
[2026-05-08 04:08:07] WARNING lines in last 100: 0
[2026-05-08 04:08:07] === Monitor check complete ===
[2026-05-08 04:18:07] === Monitor check ===
[2026-05-08 04:18:07] Job 'finetune_k562plus10_transformer' is running (ID=2756691, state=RUNNING).
[2026-05-08 04:18:08] WARNING lines in last 100: 0
[2026-05-08 04:18:08] === Monitor check complete ===
[2026-05-08 04:28:08] === Monitor check ===
[2026-05-08 04:28:08] Job 'finetune_k562plus10_transformer' is running (ID=2756691, state=RUNNING).
[2026-05-08 04:28:08] WARNING lines in last 100: 0
[2026-05-08 04:28:08] === Monitor check complete ===
[2026-05-08 04:38:08] === Monitor check ===
[2026-05-08 04:38:08] Job 'finetune_k562plus10_transformer' is running (ID=2756691, state=RUNNING).
[2026-05-08 04:38:09] WARNING lines in last 100: 0
[2026-05-08 04:38:09] === Monitor check complete ===
[2026-05-08 04:48:09] === Monitor check ===
[2026-05-08 04:48:09] Job 'finetune_k562plus10_transformer' is running (ID=2756691, state=RUNNING).
[2026-05-08 04:48:10] WARNING lines in last 100: 0
[2026-05-08 04:48:10] === Monitor check complete ===
[2026-05-08 04:58:10] === Monitor check ===
[2026-05-08 04:58:10] Job 'finetune_k562plus10_transformer' is running (ID=2756691, state=RUNNING).
[2026-05-08 04:58:10] WARNING lines in last 100: 0
[2026-05-08 04:58:10] === Monitor check complete ===
[2026-05-08 05:08:10] === Monitor check ===
[2026-05-08 05:08:10] Job 'finetune_k562plus10_transformer' is running (ID=2756691, state=RUNNING).
[2026-05-08 05:08:11] WARNING lines in last 100: 0
[2026-05-08 05:08:11] === Monitor check complete ===
[2026-05-08 05:18:11] === Monitor check ===
[2026-05-08 05:18:11] Job 'finetune_k562plus10_transformer' is running (ID=2756691, state=RUNNING).
[2026-05-08 05:18:12] WARNING lines in last 100: 0
[2026-05-08 05:18:12] === Monitor check complete ===
[2026-05-08 05:28:12] === Monitor check ===
[2026-05-08 05:28:12] Job 'finetune_k562plus10_transformer' is running (ID=2756691, state=RUNNING).
[2026-05-08 05:28:13] WARNING lines in last 100: 0
[2026-05-08 05:28:13] === Monitor check complete ===
[2026-05-08 05:38:13] === Monitor check ===
[2026-05-08 05:38:13] Job 'finetune_k562plus10_transformer' is running (ID=2756691, state=RUNNING).
[2026-05-08 05:38:13] WARNING lines in last 100: 0
[2026-05-08 05:38:13] === Monitor check complete ===
[2026-05-08 05:48:13] === Monitor check ===
[2026-05-08 05:48:13] Job 'finetune_k562plus10_transformer' is running (ID=2756691, state=RUNNING).
[2026-05-08 05:48:14] WARNING lines in last 100: 0
[2026-05-08 05:48:14] === Monitor check complete ===
[2026-05-08 05:58:14] === Monitor check ===
[2026-05-08 05:58:14] Job 'finetune_k562plus10_transformer' is running (ID=2756691, state=RUNNING).
[2026-05-08 05:58:15] WARNING lines in last 100: 0
[2026-05-08 05:58:15] === Monitor check complete ===
[2026-05-08 06:08:15] === Monitor check ===
[2026-05-08 06:08:15] Job 'finetune_k562plus10_transformer' is running (ID=2756691, state=RUNNING).
[2026-05-08 06:08:15] WARNING lines in last 100: 0
[2026-05-08 06:08:15] === Monitor check complete ===
[2026-05-08 06:18:15] === Monitor check ===
[2026-05-08 06:18:15] Job 'finetune_k562plus10_transformer' is running (ID=2756691, state=RUNNING).
[2026-05-08 06:18:16] WARNING lines in last 100: 0
[2026-05-08 06:18:16] === Monitor check complete ===
[2026-05-08 06:28:16] === Monitor check ===
[2026-05-08 06:28:16] Job 'finetune_k562plus10_transformer' is running (ID=2756691, state=RUNNING).
[2026-05-08 06:28:17] WARNING lines in last 100: 0
[2026-05-08 06:28:17] === Monitor check complete ===
[2026-05-08 06:38:17] === Monitor check ===
[2026-05-08 06:38:17] Job 'finetune_k562plus10_transformer' is running (ID=2756691, state=RUNNING).
[2026-05-08 06:38:17] WARNING lines in last 100: 0
[2026-05-08 06:38:17] === Monitor check complete ===
[2026-05-08 06:48:17] === Monitor check ===
[2026-05-08 06:48:18] Job 'finetune_k562plus10_transformer' is running (ID=2756691, state=RUNNING).
[2026-05-08 06:48:18] WARNING lines in last 100: 0
[2026-05-08 06:48:18] === Monitor check complete ===
[2026-05-08 06:58:18] === Monitor check ===
[2026-05-08 06:58:18] Job 'finetune_k562plus10_transformer' is running (ID=2756691, state=RUNNING).
[2026-05-08 06:58:19] WARNING lines in last 100: 0
[2026-05-08 06:58:19] === Monitor check complete ===
[2026-05-08 07:08:19] === Monitor check ===
[2026-05-08 07:08:19] Job 'finetune_k562plus10_transformer' is running (ID=2756691, state=RUNNING).
[2026-05-08 07:08:19] WARNING lines in last 100: 0
[2026-05-08 07:08:19] === Monitor check complete ===
[2026-05-08 07:18:20] === Monitor check ===
[2026-05-08 07:18:20] Job 'finetune_k562plus10_transformer' is running (ID=2756691, state=RUNNING).
[2026-05-08 07:18:20] WARNING lines in last 100: 0
[2026-05-08 07:18:20] === Monitor check complete ===
[2026-05-08 07:28:20] === Monitor check ===
[2026-05-08 07:28:20] Job 'finetune_k562plus10_transformer' is running (ID=2756691, state=RUNNING).
[2026-05-08 07:28:21] WARNING lines in last 100: 0
[2026-05-08 07:28:21] === Monitor check complete ===
[2026-05-08 07:38:21] === Monitor check ===
[2026-05-08 07:38:21] Job 'finetune_k562plus10_transformer' is running (ID=2756691, state=RUNNING).
[2026-05-08 07:38:22] WARNING lines in last 100: 0
[2026-05-08 07:38:22] === Monitor check complete ===
[2026-05-08 07:48:22] === Monitor check ===
[2026-05-08 07:48:22] Job 'finetune_k562plus10_transformer' is running (ID=2756691, state=RUNNING).
[2026-05-08 07:48:23] WARNING lines in last 100: 0
[2026-05-08 07:48:23] === Monitor check complete ===
[2026-05-08 07:58:23] === Monitor check ===
[2026-05-08 07:58:23] Job 'finetune_k562plus10_transformer' is running (ID=2756691, state=RUNNING).
[2026-05-08 07:58:23] WARNING lines in last 100: 0
[2026-05-08 07:58:23] === Monitor check complete ===
[2026-05-08 08:08:23] === Monitor check ===
[2026-05-08 08:08:23] Job 'finetune_k562plus10_transformer' is running (ID=2756691, state=RUNNING).
[2026-05-08 08:08:24] WARNING lines in last 100: 0
[2026-05-08 08:08:24] === Monitor check complete ===
[2026-05-08 08:18:24] === Monitor check ===
[2026-05-08 08:18:24] Job 'finetune_k562plus10_transformer' is running (ID=2756691, state=RUNNING).
[2026-05-08 08:18:25] WARNING lines in last 100: 0
[2026-05-08 08:18:25] === Monitor check complete ===
[2026-05-08 08:28:25] === Monitor check ===
[2026-05-08 08:28:25] Job 'finetune_k562plus10_transformer' is running (ID=2756691, state=RUNNING).
[2026-05-08 08:28:26] WARNING lines in last 100: 0
[2026-05-08 08:28:26] === Monitor check complete ===
[2026-05-08 08:38:26] === Monitor check ===
[2026-05-08 08:38:26] Job 'finetune_k562plus10_transformer' is running (ID=2756691, state=RUNNING).
[2026-05-08 08:38:26] WARNING lines in last 100: 0
[2026-05-08 08:38:26] === Monitor check complete ===
[2026-05-08 08:48:26] === Monitor check ===
[2026-05-08 08:48:27] Job 'finetune_k562plus10_transformer' is running (ID=2756691, state=RUNNING).
[2026-05-08 08:48:27] WARNING lines in last 100: 0
[2026-05-08 08:48:27] === Monitor check complete ===
[2026-05-08 08:58:27] === Monitor check ===
[2026-05-08 08:58:27] Job 'finetune_k562plus10_transformer' is running (ID=2756691, state=RUNNING).
[2026-05-08 08:58:28] WARNING lines in last 100: 0
[2026-05-08 08:58:28] === Monitor check complete ===
[2026-05-08 09:08:28] === Monitor check ===
[2026-05-08 09:08:28] Job 'finetune_k562plus10_transformer' is running (ID=2756691, state=RUNNING).
[2026-05-08 09:08:29] WARNING lines in last 100: 0
[2026-05-08 09:08:29] === Monitor check complete ===
[2026-05-08 09:18:29] === Monitor check ===
[2026-05-08 09:18:29] Job 'finetune_k562plus10_transformer' is running (ID=2756691, state=RUNNING).
[2026-05-08 09:18:30] WARNING lines in last 100: 0
[2026-05-08 09:18:30] === Monitor check complete ===
[2026-05-08 09:28:30] === Monitor check ===
[2026-05-08 09:28:30] Job 'finetune_k562plus10_transformer' is running (ID=2756691, state=RUNNING).
[2026-05-08 09:28:30] WARNING lines in last 100: 0
[2026-05-08 09:28:30] === Monitor check complete ===
[2026-05-08 09:38:30] === Monitor check ===
[2026-05-08 09:38:31] Job 'finetune_k562plus10_transformer' is running (ID=2756691, state=RUNNING).
[2026-05-08 09:38:31] WARNING lines in last 100: 0
[2026-05-08 09:38:31] === Monitor check complete ===
[2026-05-08 09:48:31] === Monitor check ===
[2026-05-08 09:48:31] Job 'finetune_k562plus10_transformer' is running (ID=2756691, state=RUNNING).
[2026-05-08 09:48:32] WARNING lines in last 100: 0
[2026-05-08 09:48:32] === Monitor check complete ===
[2026-05-08 09:58:32] === Monitor check ===
[2026-05-08 09:58:32] Job 'finetune_k562plus10_transformer' is running (ID=2756691, state=RUNNING).
[2026-05-08 09:58:33] WARNING lines in last 100: 0
[2026-05-08 09:58:33] === Monitor check complete ===
[2026-05-08 10:08:33] === Monitor check ===
[2026-05-08 10:08:33] Job 'finetune_k562plus10_transformer' is running (ID=2756691, state=RUNNING).
[2026-05-08 10:08:34] WARNING lines in last 100: 0
[2026-05-08 10:08:34] === Monitor check complete ===
[2026-05-08 10:18:34] === Monitor check ===
[2026-05-08 10:18:34] Job 'finetune_k562plus10_transformer' is running (ID=2756691, state=RUNNING).
[2026-05-08 10:18:35] WARNING lines in last 100: 0
[2026-05-08 10:18:35] === Monitor check complete ===
[2026-05-08 10:28:35] === Monitor check ===
[2026-05-08 10:28:35] Job 'finetune_k562plus10_transformer' is running (ID=2756691, state=RUNNING).
[2026-05-08 10:28:36] WARNING lines in last 100: 0
[2026-05-08 10:28:36] === Monitor check complete ===
[2026-05-08 10:38:36] === Monitor check ===
[2026-05-08 10:38:36] Job 'finetune_k562plus10_transformer' is running (ID=2756691, state=RUNNING).
[2026-05-08 10:38:36] WARNING lines in last 100: 0
[2026-05-08 10:38:36] === Monitor check complete ===
[2026-05-08 10:48:36] === Monitor check ===
[2026-05-08 10:48:36] Job 'finetune_k562plus10_transformer' is running (ID=2756691, state=RUNNING).
[2026-05-08 10:48:37] WARNING lines in last 100: 0
[2026-05-08 10:48:37] === Monitor check complete ===
[2026-05-08 10:58:37] === Monitor check ===
[2026-05-08 10:58:37] Job 'finetune_k562plus10_transformer' is running (ID=2756691, state=RUNNING).
[2026-05-08 10:58:38] WARNING lines in last 100: 0
[2026-05-08 10:58:38] === Monitor check complete ===
[2026-05-08 11:08:38] === Monitor check ===
[2026-05-08 11:08:38] Job 'finetune_k562plus10_transformer' is running (ID=2756691, state=RUNNING).
[2026-05-08 11:08:39] WARNING lines in last 100: 0
[2026-05-08 11:08:39] === Monitor check complete ===
[2026-05-08 11:18:39] === Monitor check ===
[2026-05-08 11:18:39] Job 'finetune_k562plus10_transformer' is running (ID=2756691, state=RUNNING).
[2026-05-08 11:18:40] WARNING lines in last 100: 0
[2026-05-08 11:18:40] === Monitor check complete ===
[2026-05-08 11:28:40] === Monitor check ===
[2026-05-08 11:28:40] Job 'finetune_k562plus10_transformer' is running (ID=2756691, state=RUNNING).
[2026-05-08 11:28:41] WARNING lines in last 100: 0
[2026-05-08 11:28:41] === Monitor check complete ===
[2026-05-08 11:38:41] === Monitor check ===
[2026-05-08 11:38:41] Job 'finetune_k562plus10_transformer' is running (ID=2756691, state=RUNNING).
[2026-05-08 11:38:42] WARNING lines in last 100: 0
[2026-05-08 11:38:42] === Monitor check complete ===
[2026-05-08 11:48:42] === Monitor check ===
[2026-05-08 11:48:42] Job 'finetune_k562plus10_transformer' is running (ID=2756691, state=RUNNING).
[2026-05-08 11:48:42] WARNING lines in last 100: 0
[2026-05-08 11:48:42] === Monitor check complete ===
[2026-05-08 11:58:42] === Monitor check ===
[2026-05-08 11:58:43] Job 'finetune_k562plus10_transformer' is running (ID=2756691, state=RUNNING).
[2026-05-08 11:58:43] WARNING lines in last 100: 0
[2026-05-08 11:58:43] === Monitor check complete ===
[2026-05-08 12:08:43] === Monitor check ===
[2026-05-08 12:08:43] Job 'finetune_k562plus10_transformer' is running (ID=2756691, state=RUNNING).
[2026-05-08 12:08:44] WARNING lines in last 100: 0
[2026-05-08 12:08:44] === Monitor check complete ===
[2026-05-08 12:18:44] === Monitor check ===
[2026-05-08 12:18:44] Job 'finetune_k562plus10_transformer' is running (ID=2756691, state=RUNNING).
[2026-05-08 12:18:45] WARNING lines in last 100: 0
[2026-05-08 12:18:45] === Monitor check complete ===
[2026-05-08 12:28:45] === Monitor check ===
[2026-05-08 12:28:45] Job 'finetune_k562plus10_transformer' is running (ID=2756691, state=RUNNING).
[2026-05-08 12:28:46] WARNING lines in last 100: 0
[2026-05-08 12:28:46] === Monitor check complete ===
[2026-05-08 12:38:46] === Monitor check ===
[2026-05-08 12:38:46] Job 'finetune_k562plus10_transformer' is running (ID=2756691, state=RUNNING).
[2026-05-08 12:38:47] WARNING lines in last 100: 0
[2026-05-08 12:38:47] === Monitor check complete ===
[2026-05-08 12:48:47] === Monitor check ===
[2026-05-08 12:48:47] Job 'finetune_k562plus10_transformer' is running (ID=2756691, state=RUNNING).
[2026-05-08 12:48:48] WARNING lines in last 100: 0
[2026-05-08 12:48:48] === Monitor check complete ===
[2026-05-08 12:58:48] === Monitor check ===
[2026-05-08 12:58:48] Job 'finetune_k562plus10_transformer' is running (ID=2756691, state=RUNNING).
[2026-05-08 12:58:49] WARNING lines in last 100: 0
[2026-05-08 12:58:49] === Monitor check complete ===
[2026-05-08 13:08:49] === Monitor check ===
[2026-05-08 13:08:49] Job 'finetune_k562plus10_transformer' is running (ID=2756691, state=RUNNING).
[2026-05-08 13:08:50] WARNING lines in last 100: 0
[2026-05-08 13:08:50] === Monitor check complete ===
[2026-05-08 13:18:50] === Monitor check ===
[2026-05-08 13:18:50] Job 'finetune_k562plus10_transformer' is running (ID=2756691, state=RUNNING).
[2026-05-08 13:18:51] WARNING lines in last 100: 0
[2026-05-08 13:18:51] === Monitor check complete ===
[2026-05-08 13:28:51] === Monitor check ===
[2026-05-08 13:28:51] Job 'finetune_k562plus10_transformer' is running (ID=2756691, state=RUNNING).
[2026-05-08 13:28:52] WARNING lines in last 100: 0
[2026-05-08 13:28:52] === Monitor check complete ===
[2026-05-08 13:38:52] === Monitor check ===
[2026-05-08 13:38:52] Job 'finetune_k562plus10_transformer' is running (ID=2756691, state=RUNNING).
[2026-05-08 13:38:53] WARNING lines in last 100: 0
[2026-05-08 13:38:53] === Monitor check complete ===
[2026-05-08 13:48:53] === Monitor check ===
[2026-05-08 13:48:53] Job 'finetune_k562plus10_transformer' is running (ID=2756691, state=RUNNING).
[2026-05-08 13:48:54] WARNING lines in last 100: 0
[2026-05-08 13:48:54] === Monitor check complete ===
[2026-05-08 13:58:54] === Monitor check ===
[2026-05-08 13:58:54] Job 'finetune_k562plus10_transformer' is running (ID=2756691, state=RUNNING).
[2026-05-08 13:58:55] WARNING lines in last 100: 0
[2026-05-08 13:58:55] === Monitor check complete ===
[2026-05-08 14:08:55] === Monitor check ===
[2026-05-08 14:08:55] Job 'finetune_k562plus10_transformer' is running (ID=2756691, state=RUNNING).
[2026-05-08 14:08:56] WARNING lines in last 100: 0
[2026-05-08 14:08:56] === Monitor check complete ===
[2026-05-08 14:18:56] === Monitor check ===
[2026-05-08 14:18:56] Job 'finetune_k562plus10_transformer' is running (ID=2756691, state=RUNNING).
[2026-05-08 14:18:56] WARNING lines in last 100: 0
[2026-05-08 14:18:56] === Monitor check complete ===
[2026-05-08 14:28:56] === Monitor check ===
[2026-05-08 14:28:57] Job 'finetune_k562plus10_transformer' is running (ID=2756691, state=RUNNING).
[2026-05-08 14:28:57] WARNING lines in last 100: 0
[2026-05-08 14:28:57] === Monitor check complete ===
[2026-05-08 14:38:57] === Monitor check ===
[2026-05-08 14:38:57] Job 'finetune_k562plus10_transformer' is running (ID=2756691, state=RUNNING).
[2026-05-08 14:38:58] WARNING lines in last 100: 0
[2026-05-08 14:38:58] === Monitor check complete ===
[2026-05-08 14:48:58] === Monitor check ===
[2026-05-08 14:48:58] Job 'finetune_k562plus10_transformer' is running (ID=2756691, state=RUNNING).
[2026-05-08 14:48:59] WARNING lines in last 100: 0
[2026-05-08 14:48:59] === Monitor check complete ===
[2026-05-08 14:58:59] === Monitor check ===
[2026-05-08 14:59:00] Job 'finetune_k562plus10_transformer' is running (ID=2756691, state=RUNNING).
[2026-05-08 14:59:01] WARNING lines in last 100: 0
[2026-05-08 14:59:01] === Monitor check complete ===
[2026-05-08 15:09:01] === Monitor check ===
[2026-05-08 15:09:01] Job 'finetune_k562plus10_transformer' is running (ID=2756691, state=RUNNING).
[2026-05-08 15:09:02] WARNING lines in last 100: 0
[2026-05-08 15:09:02] === Monitor check complete ===
[2026-05-08 15:19:02] === Monitor check ===
[2026-05-08 15:19:02] Job 'finetune_k562plus10_transformer' is running (ID=2756691, state=RUNNING).
[2026-05-08 15:19:03] WARNING lines in last 100: 0
[2026-05-08 15:19:03] === Monitor check complete ===
[2026-05-08 15:29:03] === Monitor check ===
[2026-05-08 15:29:03] Job 'finetune_k562plus10_transformer' is running (ID=2756691, state=RUNNING).
[2026-05-08 15:29:04] WARNING lines in last 100: 0
[2026-05-08 15:29:04] === Monitor check complete ===
[2026-05-08 15:39:04] === Monitor check ===
[2026-05-08 15:39:04] Job 'finetune_k562plus10_transformer' is running (ID=2756691, state=RUNNING).
[2026-05-08 15:39:05] WARNING lines in last 100: 0
[2026-05-08 15:39:05] === Monitor check complete ===
[2026-05-08 15:49:05] === Monitor check ===
[2026-05-08 15:49:05] Job 'finetune_k562plus10_transformer' is running (ID=2756691, state=RUNNING).
[2026-05-08 15:49:06] WARNING lines in last 100: 0
[2026-05-08 15:49:06] === Monitor check complete ===
[2026-05-08 15:59:06] === Monitor check ===
[2026-05-08 15:59:07] Job 'finetune_k562plus10_transformer' is running (ID=2756691, state=RUNNING).
[2026-05-08 15:59:08] WARNING lines in last 100: 0
[2026-05-08 15:59:08] === Monitor check complete ===
[2026-05-08 16:09:08] === Monitor check ===
[2026-05-08 16:09:08] Job 'finetune_k562plus10_transformer' is running (ID=2756691, state=RUNNING).
[2026-05-08 16:09:09] WARNING lines in last 100: 0
[2026-05-08 16:09:09] === Monitor check complete ===
[2026-05-08 16:19:09] === Monitor check ===
[2026-05-08 16:19:09] Job 'finetune_k562plus10_transformer' is running (ID=2756691, state=RUNNING).
[2026-05-08 16:19:10] WARNING lines in last 100: 0
[2026-05-08 16:19:10] === Monitor check complete ===
[2026-05-08 16:29:10] === Monitor check ===
[2026-05-08 16:29:10] Job 'finetune_k562plus10_transformer' is running (ID=2756691, state=RUNNING).
[2026-05-08 16:29:11] WARNING lines in last 100: 0
[2026-05-08 16:29:11] === Monitor check complete ===
[2026-05-08 16:39:11] === Monitor check ===
[2026-05-08 16:39:11] Job 'finetune_k562plus10_transformer' is running (ID=2756691, state=RUNNING).
[2026-05-08 16:39:12] WARNING lines in last 100: 0
[2026-05-08 16:39:12] === Monitor check complete ===
[2026-05-08 16:49:12] === Monitor check ===
[2026-05-08 16:49:13] Job 'finetune_k562plus10_transformer' is running (ID=2756691, state=RUNNING).
[2026-05-08 16:49:14] WARNING lines in last 100: 0
[2026-05-08 16:49:14] === Monitor check complete ===
[2026-05-08 16:59:14] === Monitor check ===
[2026-05-08 16:59:14] Job 'finetune_k562plus10_transformer' is running (ID=2756691, state=RUNNING).
[2026-05-08 16:59:15] WARNING lines in last 100: 0
[2026-05-08 16:59:15] === Monitor check complete ===
[2026-05-08 17:09:15] === Monitor check ===
[2026-05-08 17:09:15] Job 'finetune_k562plus10_transformer' is running (ID=2756691, state=RUNNING).
[2026-05-08 17:09:16] WARNING lines in last 100: 0
[2026-05-08 17:09:16] === Monitor check complete ===
[2026-05-08 17:19:16] === Monitor check ===
[2026-05-08 17:19:17] Job 'finetune_k562plus10_transformer' is running (ID=2756691, state=RUNNING).
[2026-05-08 17:19:18] WARNING lines in last 100: 0
[2026-05-08 17:19:18] === Monitor check complete ===
[2026-05-08 17:29:18] === Monitor check ===
[2026-05-08 17:29:18] Job 'finetune_k562plus10_transformer' is running (ID=2756691, state=RUNNING).
[2026-05-08 17:29:19] WARNING lines in last 100: 0
[2026-05-08 17:29:19] === Monitor check complete ===
[2026-05-08 17:39:19] === Monitor check ===
[2026-05-08 17:39:19] Job 'finetune_k562plus10_transformer' is running (ID=2756691, state=RUNNING).
[2026-05-08 17:39:20] WARNING lines in last 100: 0
[2026-05-08 17:39:20] === Monitor check complete ===
[2026-05-08 17:49:20] === Monitor check ===
[2026-05-08 17:49:20] Job 'finetune_k562plus10_transformer' is running (ID=2756691, state=RUNNING).
[2026-05-08 17:49:21] WARNING lines in last 100: 0
[2026-05-08 17:49:21] === Monitor check complete ===
[2026-05-08 17:59:21] === Monitor check ===
[2026-05-08 17:59:21] Job 'finetune_k562plus10_transformer' is running (ID=2756691, state=RUNNING).
[2026-05-08 17:59:22] WARNING lines in last 100: 0
[2026-05-08 17:59:22] === Monitor check complete ===
[2026-05-08 18:09:22] === Monitor check ===
[2026-05-08 18:09:22] Job 'finetune_k562plus10_transformer' is running (ID=2756691, state=RUNNING).
[2026-05-08 18:09:24] WARNING lines in last 100: 0
[2026-05-08 18:09:24] === Monitor check complete ===
[2026-05-08 18:19:24] === Monitor check ===
[2026-05-08 18:19:24] Job 'finetune_k562plus10_transformer' is running (ID=2756691, state=RUNNING).
[2026-05-08 18:19:26] WARNING lines in last 100: 0
[2026-05-08 18:19:26] === Monitor check complete ===
[2026-05-08 18:29:26] === Monitor check ===
[2026-05-08 18:29:26] Job 'finetune_k562plus10_transformer' is running (ID=2756691, state=RUNNING).
[2026-05-08 18:29:27] WARNING lines in last 100: 0
[2026-05-08 18:29:27] === Monitor check complete ===
[2026-05-08 18:39:27] === Monitor check ===
[2026-05-08 18:39:27] Job 'finetune_k562plus10_transformer' is running (ID=2756691, state=RUNNING).
[2026-05-08 18:39:28] WARNING lines in last 100: 0
[2026-05-08 18:39:28] === Monitor check complete ===
[2026-05-08 18:49:28] === Monitor check ===
[2026-05-08 18:49:29] Job 'finetune_k562plus10_transformer' is running (ID=2756691, state=RUNNING).
[2026-05-08 18:49:30] WARNING lines in last 100: 0
[2026-05-08 18:49:30] === Monitor check complete ===
[2026-05-08 18:59:30] === Monitor check ===
[2026-05-08 18:59:30] Job 'finetune_k562plus10_transformer' is running (ID=2756691, state=RUNNING).
[2026-05-08 18:59:31] WARNING lines in last 100: 0
[2026-05-08 18:59:31] === Monitor check complete ===
[2026-05-08 19:09:31] === Monitor check ===
[2026-05-08 19:09:31] Job 'finetune_k562plus10_transformer' is running (ID=2756691, state=RUNNING).
[2026-05-08 19:09:32] WARNING lines in last 100: 0
[2026-05-08 19:09:32] === Monitor check complete ===
[2026-05-08 19:19:32] === Monitor check ===
[2026-05-08 19:19:32] Job 'finetune_k562plus10_transformer' is running (ID=2756691, state=RUNNING).
[2026-05-08 19:19:33] WARNING lines in last 100: 0
[2026-05-08 19:19:33] === Monitor check complete ===
[2026-05-08 19:29:33] === Monitor check ===
[2026-05-08 19:29:33] Job 'finetune_k562plus10_transformer' is running (ID=2756691, state=RUNNING).
[2026-05-08 19:29:34] WARNING lines in last 100: 0
[2026-05-08 19:29:34] === Monitor check complete ===
[2026-05-08 19:39:34] === Monitor check ===
[2026-05-08 19:39:35] Job 'finetune_k562plus10_transformer' is running (ID=2756691, state=RUNNING).
[2026-05-08 19:39:36] WARNING lines in last 100: 0
[2026-05-08 19:39:36] === Monitor check complete ===
[2026-05-08 19:49:36] === Monitor check ===
[2026-05-08 19:49:36] Job 'finetune_k562plus10_transformer' is running (ID=2756691, state=RUNNING).
[2026-05-08 19:49:37] WARNING lines in last 100: 0
[2026-05-08 19:49:37] === Monitor check complete ===
[2026-05-08 19:59:37] === Monitor check ===
[2026-05-08 19:59:37] Job 'finetune_k562plus10_transformer' is running (ID=2756691, state=RUNNING).
[2026-05-08 19:59:39] WARNING lines in last 100: 0
[2026-05-08 19:59:39] === Monitor check complete ===
[2026-05-08 20:09:39] === Monitor check ===
[2026-05-08 20:09:39] Job 'finetune_k562plus10_transformer' is running (ID=2756691, state=RUNNING).
[2026-05-08 20:09:40] WARNING lines in last 100: 0
[2026-05-08 20:09:40] === Monitor check complete ===
[2026-05-08 20:19:40] === Monitor check ===
[2026-05-08 20:19:40] Job 'finetune_k562plus10_transformer' is running (ID=2756691, state=RUNNING).
[2026-05-08 20:19:41] WARNING lines in last 100: 0
[2026-05-08 20:19:41] === Monitor check complete ===
[2026-05-08 20:29:41] === Monitor check ===
[2026-05-08 20:29:41] Job 'finetune_k562plus10_transformer' is running (ID=2756691, state=RUNNING).
[2026-05-08 20:29:42] WARNING lines in last 100: 0
[2026-05-08 20:29:42] === Monitor check complete ===
[2026-05-08 20:39:42] === Monitor check ===
[2026-05-08 20:39:42] Job 'finetune_k562plus10_transformer' is running (ID=2756691, state=RUNNING).
[2026-05-08 20:39:43] WARNING lines in last 100: 0
[2026-05-08 20:39:43] === Monitor check complete ===
[2026-05-08 20:49:43] === Monitor check ===
[2026-05-08 20:49:43] Job 'finetune_k562plus10_transformer' is running (ID=2756691, state=RUNNING).
[2026-05-08 20:49:45] WARNING lines in last 100: 0
[2026-05-08 20:49:45] === Monitor check complete ===
[2026-05-08 20:59:45] === Monitor check ===
[2026-05-08 20:59:45] Job 'finetune_k562plus10_transformer' is running (ID=2756691, state=RUNNING).
[2026-05-08 20:59:46] WARNING lines in last 100: 0
[2026-05-08 20:59:46] === Monitor check complete ===
[2026-05-08 21:09:46] === Monitor check ===
[2026-05-08 21:09:46] Job 'finetune_k562plus10_transformer' is running (ID=2756691, state=RUNNING).
[2026-05-08 21:09:48] WARNING lines in last 100: 0
[2026-05-08 21:09:48] === Monitor check complete ===
[2026-05-08 21:19:48] === Monitor check ===
[2026-05-08 21:19:48] Job 'finetune_k562plus10_transformer' is running (ID=2756691, state=RUNNING).
[2026-05-08 21:19:49] WARNING lines in last 100: 0
[2026-05-08 21:19:49] === Monitor check complete ===
[2026-05-08 21:29:49] === Monitor check ===
[2026-05-08 21:29:49] Job 'finetune_k562plus10_transformer' is running (ID=2756691, state=RUNNING).
[2026-05-08 21:29:50] WARNING lines in last 100: 0
[2026-05-08 21:29:50] === Monitor check complete ===
[2026-05-08 21:39:50] === Monitor check ===
[2026-05-08 21:39:51] Job 'finetune_k562plus10_transformer' is running (ID=2756691, state=RUNNING).
[2026-05-08 21:39:52] WARNING lines in last 100: 0
[2026-05-08 21:39:52] === Monitor check complete ===
[2026-05-08 21:49:52] === Monitor check ===
[2026-05-08 21:49:52] Job 'finetune_k562plus10_transformer' is running (ID=2756691, state=RUNNING).
[2026-05-08 21:49:53] WARNING lines in last 100: 0
[2026-05-08 21:49:53] === Monitor check complete ===
[2026-05-08 21:59:53] === Monitor check ===
[2026-05-08 21:59:53] Job 'finetune_k562plus10_transformer' is running (ID=2756691, state=RUNNING).
[2026-05-08 21:59:54] WARNING lines in last 100: 0
[2026-05-08 21:59:54] === Monitor check complete ===
[2026-05-08 22:09:54] === Monitor check ===
[2026-05-08 22:09:54] Job 'finetune_k562plus10_transformer' is running (ID=2756691, state=RUNNING).
[2026-05-08 22:09:55] WARNING lines in last 100: 0
[2026-05-08 22:09:55] === Monitor check complete ===
[2026-05-08 22:19:55] === Monitor check ===
[2026-05-08 22:19:55] Job 'finetune_k562plus10_transformer' is running (ID=2756691, state=RUNNING).
[2026-05-08 22:19:57] WARNING lines in last 100: 0
[2026-05-08 22:19:57] === Monitor check complete ===
[2026-05-08 22:29:57] === Monitor check ===
[2026-05-08 22:29:57] Job 'finetune_k562plus10_transformer' is running (ID=2756691, state=RUNNING).
[2026-05-08 22:29:58] WARNING lines in last 100: 0
[2026-05-08 22:29:58] === Monitor check complete ===
[2026-05-08 22:39:58] === Monitor check ===
[2026-05-08 22:39:58] Job 'finetune_k562plus10_transformer' is running (ID=2756691, state=RUNNING).
[2026-05-08 22:39:59] WARNING lines in last 100: 0
[2026-05-08 22:39:59] === Monitor check complete ===
[2026-05-08 22:49:59] === Monitor check ===
[2026-05-08 22:49:59] Job 'finetune_k562plus10_transformer' is running (ID=2756691, state=RUNNING).
[2026-05-08 22:50:01] WARNING lines in last 100: 0
[2026-05-08 22:50:01] === Monitor check complete ===
[2026-05-08 23:00:01] === Monitor check ===
[2026-05-08 23:00:01] Job 'finetune_k562plus10_transformer' is running (ID=2756691, state=RUNNING).
[2026-05-08 23:00:02] WARNING lines in last 100: 0
[2026-05-08 23:00:02] === Monitor check complete ===
[2026-05-08 23:10:02] === Monitor check ===
[2026-05-08 23:10:02] Job 'finetune_k562plus10_transformer' is running (ID=2756691, state=RUNNING).
[2026-05-08 23:10:03] WARNING lines in last 100: 0
[2026-05-08 23:10:03] === Monitor check complete ===
[2026-05-08 23:20:03] === Monitor check ===
[2026-05-08 23:20:03] Job 'finetune_k562plus10_transformer' is running (ID=2756691, state=RUNNING).
[2026-05-08 23:20:04] WARNING lines in last 100: 0
[2026-05-08 23:20:04] === Monitor check complete ===
[2026-05-08 23:30:04] === Monitor check ===
[2026-05-08 23:30:04] Job 'finetune_k562plus10_transformer' is running (ID=2756691, state=RUNNING).
[2026-05-08 23:30:06] WARNING lines in last 100: 0
[2026-05-08 23:30:06] === Monitor check complete ===
[2026-05-08 23:40:06] === Monitor check ===
[2026-05-08 23:40:06] Job 'finetune_k562plus10_transformer' is running (ID=2756691, state=RUNNING).
[2026-05-08 23:40:08] WARNING lines in last 100: 0
[2026-05-08 23:40:08] === Monitor check complete ===
[2026-05-08 23:50:08] === Monitor check ===
[2026-05-08 23:50:08] Job 'finetune_k562plus10_transformer' is running (ID=2756691, state=RUNNING).
[2026-05-08 23:50:09] WARNING lines in last 100: 0
[2026-05-08 23:50:09] === Monitor check complete ===
[2026-05-09 00:00:09] === Monitor check ===
[2026-05-09 00:00:09] Job 'finetune_k562plus10_transformer' is running (ID=2756691, state=RUNNING).
[2026-05-09 00:00:10] WARNING lines in last 100: 0
[2026-05-09 00:00:10] === Monitor check complete ===
[2026-05-09 00:10:10] === Monitor check ===
[2026-05-09 00:10:11] Job 'finetune_k562plus10_transformer' is running (ID=2756691, state=RUNNING).
[2026-05-09 00:10:12] WARNING lines in last 100: 0
[2026-05-09 00:10:12] === Monitor check complete ===
[2026-05-09 00:20:12] === Monitor check ===
[2026-05-09 00:20:12] Job 'finetune_k562plus10_transformer' is running (ID=2756691, state=RUNNING).
[2026-05-09 00:20:14] WARNING lines in last 100: 0
[2026-05-09 00:20:14] === Monitor check complete ===
[2026-05-09 00:30:14] === Monitor check ===
[2026-05-09 00:30:14] Job 'finetune_k562plus10_transformer' is running (ID=2756691, state=RUNNING).
[2026-05-09 00:30:15] WARNING lines in last 100: 0
[2026-05-09 00:30:15] === Monitor check complete ===
[2026-05-09 00:40:15] === Monitor check ===
[2026-05-09 00:40:15] Job 'finetune_k562plus10_transformer' is running (ID=2756691, state=RUNNING).
[2026-05-09 00:40:16] WARNING lines in last 100: 0
[2026-05-09 00:40:16] === Monitor check complete ===
[2026-05-09 00:50:16] === Monitor check ===
[2026-05-09 00:50:16] Job 'finetune_k562plus10_transformer' is running (ID=2756691, state=RUNNING).
[2026-05-09 00:50:18] WARNING lines in last 100: 0
[2026-05-09 00:50:18] === Monitor check complete ===
[2026-05-09 01:00:18] === Monitor check ===
[2026-05-09 01:00:18] Job 'finetune_k562plus10_transformer' is running (ID=2756691, state=RUNNING).
[2026-05-09 01:00:19] WARNING lines in last 100: 0
[2026-05-09 01:00:19] === Monitor check complete ===
[2026-05-09 01:10:19] === Monitor check ===
[2026-05-09 01:10:19] Job 'finetune_k562plus10_transformer' is running (ID=2756691, state=RUNNING).
[2026-05-09 01:10:21] WARNING lines in last 100: 0
[2026-05-09 01:10:21] === Monitor check complete ===
[2026-05-09 01:20:21] === Monitor check ===
[2026-05-09 01:20:21] Job 'finetune_k562plus10_transformer' is running (ID=2756691, state=RUNNING).
[2026-05-09 01:20:22] WARNING lines in last 100: 0
[2026-05-09 01:20:22] === Monitor check complete ===
[2026-05-09 01:30:22] === Monitor check ===
[2026-05-09 01:30:22] Job 'finetune_k562plus10_transformer' is running (ID=2756691, state=RUNNING).
[2026-05-09 01:30:24] WARNING lines in last 100: 0
[2026-05-09 01:30:24] === Monitor check complete ===
[2026-05-09 01:40:24] === Monitor check ===
[2026-05-09 01:40:24] Job 'finetune_k562plus10_transformer' is running (ID=2756691, state=RUNNING).
[2026-05-09 01:40:25] WARNING lines in last 100: 0
[2026-05-09 01:40:25] === Monitor check complete ===
[2026-05-09 01:50:25] === Monitor check ===
[2026-05-09 01:50:25] Job 'finetune_k562plus10_transformer' is running (ID=2756691, state=RUNNING).
[2026-05-09 01:50:27] WARNING lines in last 100: 0
[2026-05-09 01:50:27] === Monitor check complete ===
[2026-05-09 02:00:27] === Monitor check ===
[2026-05-09 02:00:27] Job 'finetune_k562plus10_transformer' is running (ID=2756691, state=RUNNING).
[2026-05-09 02:00:28] WARNING lines in last 100: 0
[2026-05-09 02:00:28] === Monitor check complete ===
[2026-05-09 02:10:28] === Monitor check ===
[2026-05-09 02:10:28] Job 'finetune_k562plus10_transformer' is running (ID=2756691, state=RUNNING).
[2026-05-09 02:10:30] WARNING lines in last 100: 0
[2026-05-09 02:10:30] === Monitor check complete ===
[2026-05-09 02:20:30] === Monitor check ===
[2026-05-09 02:20:30] Job 'finetune_k562plus10_transformer' is running (ID=2756691, state=RUNNING).
[2026-05-09 02:20:31] WARNING lines in last 100: 0
[2026-05-09 02:20:31] === Monitor check complete ===
[2026-05-09 02:30:31] === Monitor check ===
[2026-05-09 02:30:31] Job 'finetune_k562plus10_transformer' is running (ID=2756691, state=RUNNING).
[2026-05-09 02:30:33] WARNING lines in last 100: 0
[2026-05-09 02:30:33] === Monitor check complete ===
[2026-05-09 02:40:33] === Monitor check ===
[2026-05-09 02:40:33] Job 'finetune_k562plus10_transformer' is running (ID=2756691, state=RUNNING).
[2026-05-09 02:40:34] WARNING lines in last 100: 0
[2026-05-09 02:40:34] === Monitor check complete ===
[2026-05-09 02:50:34] === Monitor check ===
[2026-05-09 02:50:34] Job 'finetune_k562plus10_transformer' is running (ID=2756691, state=RUNNING).
[2026-05-09 02:50:36] WARNING lines in last 100: 0
[2026-05-09 02:50:36] === Monitor check complete ===
[2026-05-09 03:00:36] === Monitor check ===
[2026-05-09 03:00:37] Job 'finetune_k562plus10_transformer' is running (ID=2756691, state=RUNNING).
[2026-05-09 03:00:38] WARNING lines in last 100: 0
[2026-05-09 03:00:38] === Monitor check complete ===
[2026-05-09 03:10:38] === Monitor check ===
[2026-05-09 03:10:38] Job 'finetune_k562plus10_transformer' is running (ID=2756691, state=RUNNING).
[2026-05-09 03:10:39] WARNING lines in last 100: 0
[2026-05-09 03:10:39] === Monitor check complete ===
[2026-05-09 03:20:39] === Monitor check ===
[2026-05-09 03:20:40] Job 'finetune_k562plus10_transformer' is running (ID=2756691, state=RUNNING).
[2026-05-09 03:20:41] WARNING lines in last 100: 0
[2026-05-09 03:20:41] === Monitor check complete ===
[2026-05-09 03:30:41] === Monitor check ===
[2026-05-09 03:30:41] Job 'finetune_k562plus10_transformer' is running (ID=2756691, state=RUNNING).
[2026-05-09 03:30:42] WARNING lines in last 100: 0
[2026-05-09 03:30:42] === Monitor check complete ===
[2026-05-09 03:40:42] === Monitor check ===
[2026-05-09 03:40:42] Job 'finetune_k562plus10_transformer' is running (ID=2756691, state=RUNNING).
[2026-05-09 03:40:44] WARNING lines in last 100: 0
[2026-05-09 03:40:44] === Monitor check complete ===
[2026-05-09 03:50:44] === Monitor check ===
[2026-05-09 03:50:44] Job 'finetune_k562plus10_transformer' is running (ID=2756691, state=RUNNING).
[2026-05-09 03:50:45] WARNING lines in last 100: 0
[2026-05-09 03:50:45] === Monitor check complete ===
[2026-05-09 04:00:45] === Monitor check ===
[2026-05-09 04:00:45] Job 'finetune_k562plus10_transformer' is running (ID=2756691, state=RUNNING).
[2026-05-09 04:00:47] WARNING lines in last 100: 0
[2026-05-09 04:00:47] === Monitor check complete ===
[2026-05-09 04:10:47] === Monitor check ===
[2026-05-09 04:10:47] Job 'finetune_k562plus10_transformer' is running (ID=2756691, state=RUNNING).
[2026-05-09 04:10:48] WARNING lines in last 100: 0
[2026-05-09 04:10:48] === Monitor check complete ===
[2026-05-09 04:20:48] === Monitor check ===
[2026-05-09 04:20:48] Job 'finetune_k562plus10_transformer' is running (ID=2756691, state=RUNNING).
[2026-05-09 04:20:50] WARNING lines in last 100: 0
[2026-05-09 04:20:50] === Monitor check complete ===
[2026-05-09 04:30:50] === Monitor check ===
[2026-05-09 04:30:50] Job 'finetune_k562plus10_transformer' is running (ID=2756691, state=RUNNING).
[2026-05-09 04:30:51] WARNING lines in last 100: 0
[2026-05-09 04:30:51] === Monitor check complete ===
[2026-05-09 04:40:51] === Monitor check ===
[2026-05-09 04:40:52] Job 'finetune_k562plus10_transformer' is running (ID=2756691, state=RUNNING).
[2026-05-09 04:40:53] WARNING lines in last 100: 0
[2026-05-09 04:40:53] === Monitor check complete ===
[2026-05-09 04:50:53] === Monitor check ===
[2026-05-09 04:50:53] Job 'finetune_k562plus10_transformer' is running (ID=2756691, state=RUNNING).
[2026-05-09 04:50:55] WARNING lines in last 100: 0
[2026-05-09 04:50:55] === Monitor check complete ===
[2026-05-09 05:00:55] === Monitor check ===
[2026-05-09 05:00:55] Job 'finetune_k562plus10_transformer' is running (ID=2756691, state=RUNNING).
[2026-05-09 05:00:56] WARNING lines in last 100: 0
[2026-05-09 05:00:56] === Monitor check complete ===
[2026-05-09 05:10:56] === Monitor check ===
[2026-05-09 05:10:56] Job 'finetune_k562plus10_transformer' is running (ID=2756691, state=RUNNING).
[2026-05-09 05:10:58] WARNING lines in last 100: 0
[2026-05-09 05:10:58] === Monitor check complete ===
[2026-05-09 05:20:58] === Monitor check ===
[2026-05-09 05:20:58] Job 'finetune_k562plus10_transformer' is running (ID=2756691, state=RUNNING).
[2026-05-09 05:20:59] WARNING lines in last 100: 0
[2026-05-09 05:20:59] === Monitor check complete ===
[2026-05-09 05:30:59] === Monitor check ===
[2026-05-09 05:30:59] Job 'finetune_k562plus10_transformer' is running (ID=2756691, state=RUNNING).
[2026-05-09 05:31:01] WARNING lines in last 100: 0
[2026-05-09 05:31:01] === Monitor check complete ===
[2026-05-09 05:41:01] === Monitor check ===
[2026-05-09 05:41:01] Job 'finetune_k562plus10_transformer' is running (ID=2756691, state=RUNNING).
[2026-05-09 05:41:02] WARNING lines in last 100: 0
[2026-05-09 05:41:02] === Monitor check complete ===
[2026-05-09 05:51:02] === Monitor check ===
[2026-05-09 05:51:02] Job 'finetune_k562plus10_transformer' is running (ID=2756691, state=RUNNING).
[2026-05-09 05:51:04] WARNING lines in last 100: 0
[2026-05-09 05:51:04] === Monitor check complete ===
[2026-05-09 06:01:04] === Monitor check ===
[2026-05-09 06:01:04] Job 'finetune_k562plus10_transformer' is running (ID=2756691, state=RUNNING).
[2026-05-09 06:01:06] WARNING lines in last 100: 0
[2026-05-09 06:01:06] === Monitor check complete ===
[2026-05-09 06:11:06] === Monitor check ===
[2026-05-09 06:11:06] Job 'finetune_k562plus10_transformer' is running (ID=2756691, state=RUNNING).
[2026-05-09 06:11:07] WARNING lines in last 100: 0
[2026-05-09 06:11:07] === Monitor check complete ===
[2026-05-09 06:21:07] === Monitor check ===
[2026-05-09 06:21:07] Job 'finetune_k562plus10_transformer' is running (ID=2756691, state=RUNNING).
[2026-05-09 06:21:09] WARNING lines in last 100: 0
[2026-05-09 06:21:09] === Monitor check complete ===
[2026-05-09 06:31:09] === Monitor check ===
[2026-05-09 06:31:09] Job 'finetune_k562plus10_transformer' is running (ID=2756691, state=RUNNING).
[2026-05-09 06:31:10] WARNING lines in last 100: 0
[2026-05-09 06:31:10] === Monitor check complete ===
[2026-05-09 06:41:10] === Monitor check ===
[2026-05-09 06:41:10] Job 'finetune_k562plus10_transformer' is running (ID=2756691, state=RUNNING).
[2026-05-09 06:41:12] WARNING lines in last 100: 0
[2026-05-09 06:41:12] === Monitor check complete ===
[2026-05-09 06:51:12] === Monitor check ===
[2026-05-09 06:51:12] Job 'finetune_k562plus10_transformer' is running (ID=2756691, state=RUNNING).
[2026-05-09 06:51:13] WARNING lines in last 100: 0
[2026-05-09 06:51:13] === Monitor check complete ===
[2026-05-09 07:01:13] === Monitor check ===
[2026-05-09 07:01:13] Job 'finetune_k562plus10_transformer' is running (ID=2756691, state=RUNNING).
[2026-05-09 07:01:15] WARNING lines in last 100: 0
[2026-05-09 07:01:15] === Monitor check complete ===
[2026-05-09 07:11:15] === Monitor check ===
[2026-05-09 07:11:15] Job 'finetune_k562plus10_transformer' is running (ID=2756691, state=RUNNING).
[2026-05-09 07:11:17] WARNING lines in last 100: 0
[2026-05-09 07:11:17] === Monitor check complete ===
[2026-05-09 07:21:17] === Monitor check ===
[2026-05-09 07:21:17] Job 'finetune_k562plus10_transformer' is running (ID=2756691, state=RUNNING).
[2026-05-09 07:21:18] WARNING lines in last 100: 0
[2026-05-09 07:21:18] === Monitor check complete ===
[2026-05-09 07:31:18] === Monitor check ===
[2026-05-09 07:31:18] Job 'finetune_k562plus10_transformer' is running (ID=2756691, state=RUNNING).
[2026-05-09 07:31:20] WARNING lines in last 100: 0
[2026-05-09 07:31:20] === Monitor check complete ===
[2026-05-09 07:41:20] === Monitor check ===
[2026-05-09 07:41:20] Job 'finetune_k562plus10_transformer' is running (ID=2756691, state=RUNNING).
[2026-05-09 07:41:22] WARNING lines in last 100: 0
[2026-05-09 07:41:22] === Monitor check complete ===
[2026-05-09 07:51:22] === Monitor check ===
[2026-05-09 07:51:22] Job 'finetune_k562plus10_transformer' is running (ID=2756691, state=RUNNING).
[2026-05-09 07:51:24] WARNING lines in last 100: 0
[2026-05-09 07:51:24] === Monitor check complete ===
[2026-05-09 08:01:24] === Monitor check ===
[2026-05-09 08:01:24] Job 'finetune_k562plus10_transformer' is running (ID=2756691, state=RUNNING).
[2026-05-09 08:01:26] WARNING lines in last 100: 0
[2026-05-09 08:01:26] === Monitor check complete ===
[2026-05-09 08:11:26] === Monitor check ===
[2026-05-09 08:11:26] Job 'finetune_k562plus10_transformer' is running (ID=2756691, state=RUNNING).
[2026-05-09 08:11:27] WARNING lines in last 100: 0
[2026-05-09 08:11:27] === Monitor check complete ===
[2026-05-09 08:21:27] === Monitor check ===
[2026-05-09 08:21:27] Job 'finetune_k562plus10_transformer' is running (ID=2756691, state=RUNNING).
[2026-05-09 08:21:29] WARNING lines in last 100: 0
[2026-05-09 08:21:29] === Monitor check complete ===
[2026-05-09 08:31:29] === Monitor check ===
[2026-05-09 08:31:29] Job 'finetune_k562plus10_transformer' is running (ID=2756691, state=RUNNING).
[2026-05-09 08:31:30] WARNING lines in last 100: 0
[2026-05-09 08:31:30] === Monitor check complete ===
[2026-05-09 08:41:30] === Monitor check ===
[2026-05-09 08:41:30] Job 'finetune_k562plus10_transformer' is running (ID=2756691, state=RUNNING).
[2026-05-09 08:41:32] WARNING lines in last 100: 0
[2026-05-09 08:41:32] === Monitor check complete ===
[2026-05-09 08:51:32] === Monitor check ===
[2026-05-09 08:51:32] Job 'finetune_k562plus10_transformer' is running (ID=2756691, state=RUNNING).
[2026-05-09 08:51:33] WARNING lines in last 100: 0
[2026-05-09 08:51:33] === Monitor check complete ===
[2026-05-09 09:01:33] === Monitor check ===
[2026-05-09 09:01:34] Job 'finetune_k562plus10_transformer' is running (ID=2756691, state=RUNNING).
[2026-05-09 09:01:35] WARNING lines in last 100: 0
[2026-05-09 09:01:35] === Monitor check complete ===
[2026-05-09 09:11:35] === Monitor check ===
[2026-05-09 09:11:35] Job 'finetune_k562plus10_transformer' is running (ID=2756691, state=RUNNING).
[2026-05-09 09:11:37] WARNING lines in last 100: 0
[2026-05-09 09:11:37] === Monitor check complete ===
[2026-05-09 09:21:37] === Monitor check ===
[2026-05-09 09:21:37] Job 'finetune_k562plus10_transformer' is running (ID=2756691, state=RUNNING).
[2026-05-09 09:21:39] WARNING lines in last 100: 0
[2026-05-09 09:21:39] === Monitor check complete ===
[2026-05-09 09:31:39] === Monitor check ===
[2026-05-09 09:31:39] Job 'finetune_k562plus10_transformer' is running (ID=2756691, state=RUNNING).
[2026-05-09 09:31:40] WARNING lines in last 100: 0
[2026-05-09 09:31:40] === Monitor check complete ===
[2026-05-09 09:41:40] === Monitor check ===
[2026-05-09 09:41:40] Job 'finetune_k562plus10_transformer' is running (ID=2756691, state=RUNNING).
[2026-05-09 09:41:42] WARNING lines in last 100: 0
[2026-05-09 09:41:42] === Monitor check complete ===
[2026-05-09 09:51:42] === Monitor check ===
[2026-05-09 09:51:42] Job 'finetune_k562plus10_transformer' is running (ID=2756691, state=RUNNING).
[2026-05-09 09:51:44] WARNING lines in last 100: 0
[2026-05-09 09:51:44] === Monitor check complete ===
[2026-05-09 10:01:44] === Monitor check ===
[2026-05-09 10:01:44] Job 'finetune_k562plus10_transformer' is running (ID=2756691, state=RUNNING).
[2026-05-09 10:01:45] WARNING lines in last 100: 0
[2026-05-09 10:01:45] === Monitor check complete ===
[2026-05-09 10:11:45] === Monitor check ===
[2026-05-09 10:11:45] Job 'finetune_k562plus10_transformer' is running (ID=2756691, state=RUNNING).
[2026-05-09 10:11:47] WARNING lines in last 100: 0
[2026-05-09 10:11:47] === Monitor check complete ===
[2026-05-09 10:21:47] === Monitor check ===
[2026-05-09 10:21:47] Job 'finetune_k562plus10_transformer' is running (ID=2756691, state=RUNNING).
[2026-05-09 10:21:49] WARNING lines in last 100: 0
[2026-05-09 10:21:49] === Monitor check complete ===
[2026-05-09 10:31:49] === Monitor check ===
[2026-05-09 10:31:49] Job 'finetune_k562plus10_transformer' is running (ID=2756691, state=RUNNING).
[2026-05-09 10:31:51] WARNING lines in last 100: 0
[2026-05-09 10:31:51] === Monitor check complete ===
[2026-05-09 10:41:51] === Monitor check ===
[2026-05-09 10:41:51] Job 'finetune_k562plus10_transformer' is running (ID=2756691, state=RUNNING).
[2026-05-09 10:41:52] WARNING lines in last 100: 0
[2026-05-09 10:41:52] === Monitor check complete ===
[2026-05-09 10:51:52] === Monitor check ===
[2026-05-09 10:51:53] Job 'finetune_k562plus10_transformer' is running (ID=2756691, state=RUNNING).
[2026-05-09 10:51:54] WARNING lines in last 100: 0
[2026-05-09 10:51:54] === Monitor check complete ===
[2026-05-09 11:01:54] === Monitor check ===
[2026-05-09 11:01:54] Job 'finetune_k562plus10_transformer' is running (ID=2756691, state=RUNNING).
[2026-05-09 11:01:56] WARNING lines in last 100: 0
[2026-05-09 11:01:56] === Monitor check complete ===
[2026-05-09 11:11:56] === Monitor check ===
[2026-05-09 11:11:56] Job 'finetune_k562plus10_transformer' is running (ID=2756691, state=RUNNING).
[2026-05-09 11:11:58] WARNING lines in last 100: 0
[2026-05-09 11:11:58] === Monitor check complete ===
[2026-05-09 11:21:58] === Monitor check ===
[2026-05-09 11:21:58] Job 'finetune_k562plus10_transformer' is running (ID=2756691, state=RUNNING).
[2026-05-09 11:21:59] WARNING lines in last 100: 0
[2026-05-09 11:21:59] === Monitor check complete ===
[2026-05-09 11:31:59] === Monitor check ===
[2026-05-09 11:31:59] Job 'finetune_k562plus10_transformer' is running (ID=2756691, state=RUNNING).
[2026-05-09 11:32:01] WARNING lines in last 100: 0
[2026-05-09 11:32:01] === Monitor check complete ===
[2026-05-09 11:42:01] === Monitor check ===
[2026-05-09 11:42:01] Job 'finetune_k562plus10_transformer' is running (ID=2756691, state=RUNNING).
[2026-05-09 11:42:03] WARNING lines in last 100: 0
[2026-05-09 11:42:03] === Monitor check complete ===
[2026-05-09 11:52:03] === Monitor check ===
[2026-05-09 11:52:03] Job 'finetune_k562plus10_transformer' is running (ID=2756691, state=RUNNING).
[2026-05-09 11:52:04] WARNING lines in last 100: 0
[2026-05-09 11:52:04] === Monitor check complete ===
[2026-05-09 12:02:05] === Monitor check ===
[2026-05-09 12:02:05] Job 'finetune_k562plus10_transformer' is running (ID=2756691, state=RUNNING).
[2026-05-09 12:02:06] WARNING lines in last 100: 0
[2026-05-09 12:02:06] === Monitor check complete ===
[2026-05-09 12:12:06] === Monitor check ===
[2026-05-09 12:12:06] Job 'finetune_k562plus10_transformer' is running (ID=2756691, state=RUNNING).
[2026-05-09 12:12:08] WARNING lines in last 100: 0
[2026-05-09 12:12:08] === Monitor check complete ===
[2026-05-09 12:22:08] === Monitor check ===
[2026-05-09 12:22:08] Job 'finetune_k562plus10_transformer' is running (ID=2756691, state=RUNNING).
[2026-05-09 12:22:10] WARNING lines in last 100: 0
[2026-05-09 12:22:10] === Monitor check complete ===
[2026-05-09 12:32:10] === Monitor check ===
[2026-05-09 12:32:10] Job 'finetune_k562plus10_transformer' is running (ID=2756691, state=RUNNING).
[2026-05-09 12:32:11] WARNING lines in last 100: 0
[2026-05-09 12:32:11] === Monitor check complete ===
[2026-05-09 12:42:11] === Monitor check ===
[2026-05-09 12:42:11] Job 'finetune_k562plus10_transformer' is running (ID=2756691, state=RUNNING).
[2026-05-09 12:42:13] WARNING lines in last 100: 0
[2026-05-09 12:42:13] === Monitor check complete ===
[2026-05-09 12:52:13] === Monitor check ===
[2026-05-09 12:52:13] Job 'finetune_k562plus10_transformer' is running (ID=2756691, state=RUNNING).
[2026-05-09 12:52:15] WARNING lines in last 100: 0
[2026-05-09 12:52:15] === Monitor check complete ===
[2026-05-09 13:02:15] === Monitor check ===
[2026-05-09 13:02:15] Job 'finetune_k562plus10_transformer' is running (ID=2756691, state=RUNNING).
[2026-05-09 13:02:17] WARNING lines in last 100: 0
[2026-05-09 13:02:17] === Monitor check complete ===
[2026-05-09 13:12:17] === Monitor check ===
[2026-05-09 13:12:17] Job 'finetune_k562plus10_transformer' is running (ID=2756691, state=RUNNING).
[2026-05-09 13:12:19] WARNING lines in last 100: 0
[2026-05-09 13:12:19] === Monitor check complete ===
[2026-05-09 13:22:19] === Monitor check ===
[2026-05-09 13:22:19] Job 'finetune_k562plus10_transformer' is running (ID=2756691, state=RUNNING).
[2026-05-09 13:22:20] WARNING lines in last 100: 0
[2026-05-09 13:22:20] === Monitor check complete ===
[2026-05-09 13:32:21] === Monitor check ===
[2026-05-09 13:32:21] Job 'finetune_k562plus10_transformer' is running (ID=2756691, state=RUNNING).
[2026-05-09 13:32:22] WARNING lines in last 100: 0
[2026-05-09 13:32:22] === Monitor check complete ===
[2026-05-09 13:42:22] === Monitor check ===
[2026-05-09 13:42:22] Job 'finetune_k562plus10_transformer' is running (ID=2756691, state=RUNNING).
[2026-05-09 13:42:24] WARNING lines in last 100: 0
[2026-05-09 13:42:24] === Monitor check complete ===
[2026-05-09 13:52:24] === Monitor check ===
[2026-05-09 13:52:24] Job 'finetune_k562plus10_transformer' is running (ID=2756691, state=RUNNING).
[2026-05-09 13:52:26] WARNING lines in last 100: 0
[2026-05-09 13:52:26] === Monitor check complete ===
[2026-05-09 14:02:26] === Monitor check ===
[2026-05-09 14:02:26] Job 'finetune_k562plus10_transformer' is running (ID=2756691, state=RUNNING).
[2026-05-09 14:02:28] WARNING lines in last 100: 0
[2026-05-09 14:02:28] === Monitor check complete ===
[2026-05-09 14:12:28] === Monitor check ===
[2026-05-09 14:12:29] Job 'finetune_k562plus10_transformer' is running (ID=2756691, state=RUNNING).
[2026-05-09 14:12:30] WARNING lines in last 100: 0
[2026-05-09 14:12:30] === Monitor check complete ===
[2026-05-09 14:22:30] === Monitor check ===
[2026-05-09 14:22:30] Job 'finetune_k562plus10_transformer' is running (ID=2756691, state=RUNNING).
[2026-05-09 14:22:32] WARNING lines in last 100: 0
[2026-05-09 14:22:32] === Monitor check complete ===
[2026-05-09 14:32:32] === Monitor check ===
[2026-05-09 14:32:32] Job 'finetune_k562plus10_transformer' is running (ID=2756691, state=RUNNING).
[2026-05-09 14:32:34] WARNING lines in last 100: 0
[2026-05-09 14:32:34] === Monitor check complete ===
[2026-05-09 14:42:34] === Monitor check ===
[2026-05-09 14:42:34] Job 'finetune_k562plus10_transformer' is running (ID=2756691, state=RUNNING).
[2026-05-09 14:42:36] WARNING lines in last 100: 0
[2026-05-09 14:42:36] === Monitor check complete ===
[2026-05-09 14:52:36] === Monitor check ===
[2026-05-09 14:52:36] Job 'finetune_k562plus10_transformer' is running (ID=2756691, state=RUNNING).
[2026-05-09 14:52:39] WARNING lines in last 100: 0
[2026-05-09 14:52:39] === Monitor check complete ===
[2026-05-09 15:02:39] === Monitor check ===
[2026-05-09 15:02:39] Job 'finetune_k562plus10_transformer' is running (ID=2756691, state=RUNNING).
[2026-05-09 15:02:41] WARNING lines in last 100: 0
[2026-05-09 15:02:41] === Monitor check complete ===
[2026-05-09 15:12:41] === Monitor check ===
[2026-05-09 15:12:42] Job 'finetune_k562plus10_transformer' is running (ID=2756691, state=RUNNING).
[2026-05-09 15:12:44] WARNING lines in last 100: 0
[2026-05-09 15:12:44] === Monitor check complete ===
[2026-05-09 15:22:44] === Monitor check ===
[2026-05-09 15:22:44] Job 'finetune_k562plus10_transformer' is running (ID=2756691, state=RUNNING).
[2026-05-09 15:22:46] WARNING lines in last 100: 0
[2026-05-09 15:22:46] === Monitor check complete ===
[2026-05-09 15:32:46] === Monitor check ===
[2026-05-09 15:32:46] Job 'finetune_k562plus10_transformer' is running (ID=2756691, state=RUNNING).
[2026-05-09 15:32:48] WARNING lines in last 100: 0
[2026-05-09 15:32:48] === Monitor check complete ===
[2026-05-09 15:42:48] === Monitor check ===
[2026-05-09 15:42:49] Job 'finetune_k562plus10_transformer' is running (ID=2756691, state=RUNNING).
[2026-05-09 15:42:52] WARNING lines in last 100: 0
[2026-05-09 15:42:52] === Monitor check complete ===
[2026-05-09 15:52:52] === Monitor check ===
[2026-05-09 15:52:52] Job 'finetune_k562plus10_transformer' is running (ID=2756691, state=RUNNING).
[2026-05-09 15:52:53] WARNING lines in last 100: 0
[2026-05-09 15:52:53] === Monitor check complete ===
[2026-05-09 16:02:53] === Monitor check ===
[2026-05-09 16:02:53] Job 'finetune_k562plus10_transformer' is running (ID=2756691, state=RUNNING).
[2026-05-09 16:02:55] WARNING lines in last 100: 0
[2026-05-09 16:02:55] === Monitor check complete ===
[2026-05-09 16:12:55] === Monitor check ===
[2026-05-09 16:12:55] Job 'finetune_k562plus10_transformer' is running (ID=2756691, state=RUNNING).
[2026-05-09 16:12:57] WARNING lines in last 100: 0
[2026-05-09 16:12:57] === Monitor check complete ===
[2026-05-09 16:22:57] === Monitor check ===
[2026-05-09 16:22:57] Job 'finetune_k562plus10_transformer' is running (ID=2756691, state=RUNNING).
[2026-05-09 16:22:59] WARNING lines in last 100: 0
[2026-05-09 16:22:59] === Monitor check complete ===
[2026-05-09 16:32:59] === Monitor check ===
[2026-05-09 16:32:59] Job 'finetune_k562plus10_transformer' is running (ID=2756691, state=RUNNING).
[2026-05-09 16:33:01] WARNING lines in last 100: 0
[2026-05-09 16:33:01] === Monitor check complete ===
[2026-05-09 16:43:01] === Monitor check ===
[2026-05-09 16:43:01] Job 'finetune_k562plus10_transformer' is running (ID=2756691, state=RUNNING).
[2026-05-09 16:43:03] WARNING lines in last 100: 0
[2026-05-09 16:43:03] === Monitor check complete ===
[2026-05-09 16:53:03] === Monitor check ===
[2026-05-09 16:53:03] Job 'finetune_k562plus10_transformer' is running (ID=2756691, state=RUNNING).
[2026-05-09 16:53:06] WARNING lines in last 100: 0
[2026-05-09 16:53:06] === Monitor check complete ===
[2026-05-09 17:03:06] === Monitor check ===
[2026-05-09 17:03:06] Job 'finetune_k562plus10_transformer' is running (ID=2756691, state=RUNNING).
[2026-05-09 17:03:09] WARNING lines in last 100: 0
[2026-05-09 17:03:09] === Monitor check complete ===
[2026-05-09 17:13:09] === Monitor check ===
[2026-05-09 17:13:09] Job 'finetune_k562plus10_transformer' is running (ID=2756691, state=RUNNING).
[2026-05-09 17:13:10] WARNING lines in last 100: 0
[2026-05-09 17:13:10] === Monitor check complete ===
[2026-05-09 17:23:10] === Monitor check ===
[2026-05-09 17:23:10] Job 'finetune_k562plus10_transformer' is running (ID=2756691, state=RUNNING).
[2026-05-09 17:23:12] WARNING lines in last 100: 0
[2026-05-09 17:23:13] === Monitor check complete ===
[2026-05-09 17:33:13] === Monitor check ===
[2026-05-09 17:33:13] Job 'finetune_k562plus10_transformer' is running (ID=2756691, state=RUNNING).
[2026-05-09 17:33:15] WARNING lines in last 100: 0
[2026-05-09 17:33:15] === Monitor check complete ===
[2026-05-09 17:43:15] === Monitor check ===
[2026-05-09 17:43:15] Job 'finetune_k562plus10_transformer' is running (ID=2756691, state=RUNNING).
[2026-05-09 17:43:17] WARNING lines in last 100: 0
[2026-05-09 17:43:17] === Monitor check complete ===
[2026-05-09 17:53:17] === Monitor check ===
[2026-05-09 17:53:17] Job 'finetune_k562plus10_transformer' is running (ID=2756691, state=RUNNING).
[2026-05-09 17:53:19] WARNING lines in last 100: 0
[2026-05-09 17:53:19] === Monitor check complete ===
[2026-05-09 18:03:19] === Monitor check ===
[2026-05-09 18:03:19] Job 'finetune_k562plus10_transformer' is running (ID=2756691, state=RUNNING).
[2026-05-09 18:03:20] WARNING lines in last 100: 0
[2026-05-09 18:03:20] === Monitor check complete ===
[2026-05-09 18:13:20] === Monitor check ===
[2026-05-09 18:13:21] Job 'finetune_k562plus10_transformer' is running (ID=2756691, state=RUNNING).
[2026-05-09 18:13:23] WARNING lines in last 100: 0
[2026-05-09 18:13:23] === Monitor check complete ===
[2026-05-09 18:23:23] === Monitor check ===
[2026-05-09 18:23:23] Job 'finetune_k562plus10_transformer' is running (ID=2756691, state=RUNNING).
[2026-05-09 18:23:25] WARNING lines in last 100: 0
[2026-05-09 18:23:25] === Monitor check complete ===
[2026-05-09 18:33:25] === Monitor check ===
[2026-05-09 18:33:25] Job 'finetune_k562plus10_transformer' is running (ID=2756691, state=RUNNING).
[2026-05-09 18:33:26] WARNING lines in last 100: 0
[2026-05-09 18:33:26] === Monitor check complete ===
[2026-05-09 18:43:26] === Monitor check ===
[2026-05-09 18:43:27] Job 'finetune_k562plus10_transformer' is running (ID=2756691, state=RUNNING).
[2026-05-09 18:43:28] WARNING lines in last 100: 0
[2026-05-09 18:43:28] === Monitor check complete ===
[2026-05-09 18:53:29] === Monitor check ===
[2026-05-09 18:53:29] Job 'finetune_k562plus10_transformer' is running (ID=2756691, state=RUNNING).
[2026-05-09 18:53:30] WARNING lines in last 100: 0
[2026-05-09 18:53:30] === Monitor check complete ===
[2026-05-09 19:03:30] === Monitor check ===
[2026-05-09 19:03:31] Job 'finetune_k562plus10_transformer' is running (ID=2756691, state=RUNNING).
[2026-05-09 19:03:32] WARNING lines in last 100: 0
[2026-05-09 19:03:32] === Monitor check complete ===
[2026-05-09 19:13:32] === Monitor check ===
[2026-05-09 19:13:33] Job 'finetune_k562plus10_transformer' is running (ID=2756691, state=RUNNING).
[2026-05-09 19:13:35] WARNING lines in last 100: 0
[2026-05-09 19:13:35] === Monitor check complete ===
[2026-05-09 19:23:35] === Monitor check ===
[2026-05-09 19:23:35] Job 'finetune_k562plus10_transformer' is running (ID=2756691, state=RUNNING).
[2026-05-09 19:23:37] WARNING lines in last 100: 0
[2026-05-09 19:23:37] === Monitor check complete ===
[2026-05-09 19:33:37] === Monitor check ===
[2026-05-09 19:33:37] Job 'finetune_k562plus10_transformer' is running (ID=2756691, state=RUNNING).
[2026-05-09 19:33:39] WARNING lines in last 100: 0
[2026-05-09 19:33:39] === Monitor check complete ===
[2026-05-09 19:43:39] === Monitor check ===
[2026-05-09 19:43:39] Job 'finetune_k562plus10_transformer' is running (ID=2756691, state=RUNNING).
[2026-05-09 19:43:42] WARNING lines in last 100: 0
[2026-05-09 19:43:42] === Monitor check complete ===
[2026-05-09 19:53:42] === Monitor check ===
[2026-05-09 19:53:42] Job 'finetune_k562plus10_transformer' is running (ID=2756691, state=RUNNING).
[2026-05-09 19:53:44] WARNING lines in last 100: 0
[2026-05-09 19:53:44] === Monitor check complete ===
[2026-05-09 20:03:44] === Monitor check ===
[2026-05-09 20:03:44] Job 'finetune_k562plus10_transformer' is running (ID=2756691, state=RUNNING).
[2026-05-09 20:03:47] WARNING lines in last 100: 0
[2026-05-09 20:03:47] === Monitor check complete ===
[2026-05-09 20:13:47] === Monitor check ===
[2026-05-09 20:13:47] Job 'finetune_k562plus10_transformer' is running (ID=2756691, state=RUNNING).
[2026-05-09 20:13:49] WARNING lines in last 100: 0
[2026-05-09 20:13:49] === Monitor check complete ===
[2026-05-09 20:23:49] === Monitor check ===
[2026-05-09 20:23:49] Job 'finetune_k562plus10_transformer' is running (ID=2756691, state=RUNNING).
[2026-05-09 20:23:51] WARNING lines in last 100: 0
[2026-05-09 20:23:51] === Monitor check complete ===
[2026-05-09 20:33:51] === Monitor check ===
[2026-05-09 20:33:51] Job 'finetune_k562plus10_transformer' is running (ID=2756691, state=RUNNING).
[2026-05-09 20:33:53] WARNING lines in last 100: 0
[2026-05-09 20:33:53] === Monitor check complete ===
[2026-05-09 20:43:53] === Monitor check ===
[2026-05-09 20:43:53] Job 'finetune_k562plus10_transformer' is running (ID=2756691, state=RUNNING).
[2026-05-09 20:43:55] WARNING lines in last 100: 0
[2026-05-09 20:43:55] === Monitor check complete ===
[2026-05-09 20:53:55] === Monitor check ===
[2026-05-09 20:53:55] Job 'finetune_k562plus10_transformer' is running (ID=2756691, state=RUNNING).
[2026-05-09 20:53:58] WARNING lines in last 100: 0
[2026-05-09 20:53:58] === Monitor check complete ===
[2026-05-09 21:03:58] === Monitor check ===
[2026-05-09 21:03:58] Job 'finetune_k562plus10_transformer' is running (ID=2756691, state=RUNNING).
[2026-05-09 21:04:01] WARNING lines in last 100: 0
[2026-05-09 21:04:01] === Monitor check complete ===
[2026-05-09 21:14:01] === Monitor check ===
[2026-05-09 21:14:01] Job 'finetune_k562plus10_transformer' is running (ID=2756691, state=RUNNING).
[2026-05-09 21:14:03] WARNING lines in last 100: 0
[2026-05-09 21:14:03] === Monitor check complete ===
[2026-05-09 21:24:03] === Monitor check ===
[2026-05-09 21:24:04] Job 'finetune_k562plus10_transformer' is running (ID=2756691, state=RUNNING).
[2026-05-09 21:24:06] WARNING lines in last 100: 0
[2026-05-09 21:24:06] === Monitor check complete ===
[2026-05-09 21:34:06] === Monitor check ===
[2026-05-09 21:34:06] Job 'finetune_k562plus10_transformer' is running (ID=2756691, state=RUNNING).
[2026-05-09 21:34:08] WARNING lines in last 100: 0
[2026-05-09 21:34:08] === Monitor check complete ===
[2026-05-09 21:44:08] === Monitor check ===
[2026-05-09 21:44:08] Job 'finetune_k562plus10_transformer' is running (ID=2756691, state=RUNNING).
[2026-05-09 21:44:11] WARNING lines in last 100: 0
[2026-05-09 21:44:11] === Monitor check complete ===
[2026-05-09 21:54:11] === Monitor check ===
[2026-05-09 21:54:11] Job 'finetune_k562plus10_transformer' is running (ID=2756691, state=RUNNING).
[2026-05-09 21:54:13] WARNING lines in last 100: 0
[2026-05-09 21:54:13] === Monitor check complete ===
[2026-05-09 22:04:13] === Monitor check ===
[2026-05-09 22:04:13] Job 'finetune_k562plus10_transformer' is running (ID=2756691, state=RUNNING).
[2026-05-09 22:04:15] WARNING lines in last 100: 0
[2026-05-09 22:04:15] === Monitor check complete ===
[2026-05-09 22:14:15] === Monitor check ===
[2026-05-09 22:14:15] Job 'finetune_k562plus10_transformer' is running (ID=2756691, state=RUNNING).
[2026-05-09 22:14:18] WARNING lines in last 100: 0
[2026-05-09 22:14:18] === Monitor check complete ===
[2026-05-09 22:24:18] === Monitor check ===
[2026-05-09 22:24:18] Job 'finetune_k562plus10_transformer' is running (ID=2756691, state=RUNNING).
[2026-05-09 22:24:20] WARNING lines in last 100: 0
[2026-05-09 22:24:20] === Monitor check complete ===
[2026-05-09 22:34:20] === Monitor check ===
[2026-05-09 22:34:20] Job 'finetune_k562plus10_transformer' is running (ID=2756691, state=RUNNING).
[2026-05-09 22:34:23] WARNING lines in last 100: 0
[2026-05-09 22:34:23] === Monitor check complete ===
[2026-05-09 22:44:23] === Monitor check ===
[2026-05-09 22:44:23] Job 'finetune_k562plus10_transformer' is running (ID=2756691, state=RUNNING).
[2026-05-09 22:44:25] WARNING lines in last 100: 0
[2026-05-09 22:44:25] === Monitor check complete ===
[2026-05-09 22:54:25] === Monitor check ===
[2026-05-09 22:54:25] Job 'finetune_k562plus10_transformer' is running (ID=2756691, state=RUNNING).
[2026-05-09 22:54:28] WARNING lines in last 100: 0
[2026-05-09 22:54:28] === Monitor check complete ===
[2026-05-09 23:04:28] === Monitor check ===
[2026-05-09 23:04:28] Job 'finetune_k562plus10_transformer' is running (ID=2756691, state=RUNNING).
[2026-05-09 23:04:30] WARNING lines in last 100: 0
[2026-05-09 23:04:30] === Monitor check complete ===
[2026-05-09 23:14:30] === Monitor check ===
[2026-05-09 23:14:30] Job 'finetune_k562plus10_transformer' is running (ID=2756691, state=RUNNING).
[2026-05-09 23:14:33] WARNING lines in last 100: 0
[2026-05-09 23:14:33] === Monitor check complete ===
[2026-05-09 23:24:33] === Monitor check ===
[2026-05-09 23:24:33] Job 'finetune_k562plus10_transformer' is running (ID=2756691, state=RUNNING).
[2026-05-09 23:24:35] WARNING lines in last 100: 0
[2026-05-09 23:24:35] === Monitor check complete ===
[2026-05-09 23:34:36] === Monitor check ===
[2026-05-09 23:34:36] Job 'finetune_k562plus10_transformer' is running (ID=2756691, state=RUNNING).
[2026-05-09 23:34:38] WARNING lines in last 100: 0
[2026-05-09 23:34:38] === Monitor check complete ===
[2026-05-09 23:44:38] === Monitor check ===
[2026-05-09 23:44:38] Job 'finetune_k562plus10_transformer' is running (ID=2756691, state=RUNNING).
[2026-05-09 23:44:40] WARNING lines in last 100: 0
[2026-05-09 23:44:40] === Monitor check complete ===
[2026-05-09 23:54:40] === Monitor check ===
[2026-05-09 23:54:41] Job 'finetune_k562plus10_transformer' is running (ID=2756691, state=RUNNING).
[2026-05-09 23:54:43] WARNING lines in last 100: 0
[2026-05-09 23:54:43] === Monitor check complete ===
[2026-05-10 00:04:43] === Monitor check ===
[2026-05-10 00:04:43] Job 'finetune_k562plus10_transformer' is running (ID=2756691, state=RUNNING).
[2026-05-10 00:04:46] WARNING lines in last 100: 0
[2026-05-10 00:04:46] === Monitor check complete ===
[2026-05-10 00:14:46] === Monitor check ===
[2026-05-10 00:14:46] Job 'finetune_k562plus10_transformer' is running (ID=2756691, state=RUNNING).
[2026-05-10 00:14:48] WARNING lines in last 100: 0
[2026-05-10 00:14:48] === Monitor check complete ===
[2026-05-10 00:24:48] === Monitor check ===
[2026-05-10 00:24:48] Job 'finetune_k562plus10_transformer' is running (ID=2756691, state=RUNNING).
[2026-05-10 00:24:51] WARNING lines in last 100: 0
[2026-05-10 00:24:51] === Monitor check complete ===
[2026-05-10 00:34:52] === Monitor check ===
[2026-05-10 00:34:52] Job 'finetune_k562plus10_transformer' is running (ID=2756691, state=RUNNING).
[2026-05-10 00:34:55] WARNING lines in last 100: 0
[2026-05-10 00:34:55] === Monitor check complete ===
[2026-05-10 00:44:55] === Monitor check ===
[2026-05-10 00:44:55] Job 'finetune_k562plus10_transformer' is running (ID=2756691, state=RUNNING).
[2026-05-10 00:44:58] WARNING lines in last 100: 0
[2026-05-10 00:44:58] === Monitor check complete ===
[2026-05-10 00:54:58] === Monitor check ===
[2026-05-10 00:54:58] Job 'finetune_k562plus10_transformer' is running (ID=2756691, state=RUNNING).
[2026-05-10 00:55:00] WARNING lines in last 100: 0
[2026-05-10 00:55:00] === Monitor check complete ===
[2026-05-10 01:05:00] === Monitor check ===
[2026-05-10 01:05:00] Job 'finetune_k562plus10_transformer' is running (ID=2756691, state=RUNNING).
[2026-05-10 01:05:03] WARNING lines in last 100: 0
[2026-05-10 01:05:03] === Monitor check complete ===
[2026-05-10 01:15:03] === Monitor check ===
[2026-05-10 01:15:03] Job 'finetune_k562plus10_transformer' is running (ID=2756691, state=RUNNING).
[2026-05-10 01:15:06] WARNING lines in last 100: 0
[2026-05-10 01:15:06] === Monitor check complete ===
[2026-05-10 01:25:06] === Monitor check ===
[2026-05-10 01:25:06] Job 'finetune_k562plus10_transformer' is running (ID=2756691, state=RUNNING).
[2026-05-10 01:25:09] WARNING lines in last 100: 0
[2026-05-10 01:25:09] === Monitor check complete ===
[2026-05-10 01:35:09] === Monitor check ===
[2026-05-10 01:35:09] Job 'finetune_k562plus10_transformer' is running (ID=2756691, state=RUNNING).
[2026-05-10 01:35:13] WARNING lines in last 100: 0
[2026-05-10 01:35:13] === Monitor check complete ===
[2026-05-10 01:45:13] === Monitor check ===
[2026-05-10 01:45:13] Job 'finetune_k562plus10_transformer' is running (ID=2756691, state=RUNNING).
[2026-05-10 01:45:18] WARNING lines in last 100: 0
[2026-05-10 01:45:18] === Monitor check complete ===
[2026-05-10 01:55:18] === Monitor check ===
[2026-05-10 01:55:18] Job 'finetune_k562plus10_transformer' is running (ID=2756691, state=RUNNING).
[2026-05-10 01:55:21] WARNING lines in last 100: 0
[2026-05-10 01:55:21] === Monitor check complete ===
[2026-05-10 02:05:21] === Monitor check ===
[2026-05-10 02:05:21] Job 'finetune_k562plus10_transformer' is running (ID=2756691, state=RUNNING).
[2026-05-10 02:05:26] WARNING lines in last 100: 0
[2026-05-10 02:05:26] === Monitor check complete ===
[2026-05-10 02:15:26] === Monitor check ===
[2026-05-10 02:15:26] Job 'finetune_k562plus10_transformer' is running (ID=2756691, state=RUNNING).
[2026-05-10 02:15:29] WARNING lines in last 100: 0
[2026-05-10 02:15:29] === Monitor check complete ===
[2026-05-10 02:25:29] === Monitor check ===
[2026-05-10 02:25:29] Job 'finetune_k562plus10_transformer' is running (ID=2756691, state=RUNNING).
[2026-05-10 02:25:32] WARNING lines in last 100: 0
[2026-05-10 02:25:33] === Monitor check complete ===
[2026-05-10 02:35:33] === Monitor check ===
[2026-05-10 02:35:33] Job 'finetune_k562plus10_transformer' is running (ID=2756691, state=RUNNING).
[2026-05-10 02:35:36] WARNING lines in last 100: 0
[2026-05-10 02:35:36] === Monitor check complete ===
[2026-05-10 02:45:36] === Monitor check ===
[2026-05-10 02:45:36] Job 'finetune_k562plus10_transformer' is running (ID=2756691, state=RUNNING).
[2026-05-10 02:45:39] WARNING lines in last 100: 0
[2026-05-10 02:45:39] === Monitor check complete ===
[2026-05-10 02:55:39] === Monitor check ===
[2026-05-10 02:55:39] Job 'finetune_k562plus10_transformer' is running (ID=2756691, state=RUNNING).
[2026-05-10 02:55:43] WARNING lines in last 100: 0
[2026-05-10 02:55:43] === Monitor check complete ===
[2026-05-10 03:05:43] === Monitor check ===
[2026-05-10 03:05:43] Job 'finetune_k562plus10_transformer' is running (ID=2756691, state=RUNNING).
[2026-05-10 03:05:47] WARNING lines in last 100: 0
[2026-05-10 03:05:47] === Monitor check complete ===
[2026-05-10 03:15:47] === Monitor check ===
[2026-05-10 03:15:47] Job 'finetune_k562plus10_transformer' is running (ID=2756691, state=RUNNING).
[2026-05-10 03:15:50] WARNING lines in last 100: 0
[2026-05-10 03:15:50] === Monitor check complete ===
[2026-05-10 03:25:50] === Monitor check ===
[2026-05-10 03:25:50] Job 'finetune_k562plus10_transformer' is running (ID=2756691, state=RUNNING).
[2026-05-10 03:25:54] WARNING lines in last 100: 0
[2026-05-10 03:25:54] === Monitor check complete ===
[2026-05-10 03:35:54] === Monitor check ===
[2026-05-10 03:35:54] Job 'finetune_k562plus10_transformer' is running (ID=2756691, state=RUNNING).
[2026-05-10 03:35:58] WARNING lines in last 100: 0
[2026-05-10 03:35:58] === Monitor check complete ===
[2026-05-10 03:45:58] === Monitor check ===
[2026-05-10 03:45:58] Job 'finetune_k562plus10_transformer' is running (ID=2756691, state=RUNNING).
[2026-05-10 03:46:01] WARNING lines in last 100: 0
[2026-05-10 03:46:01] === Monitor check complete ===
[2026-05-10 03:56:01] === Monitor check ===
[2026-05-10 03:56:01] Job 'finetune_k562plus10_transformer' is running (ID=2756691, state=RUNNING).
[2026-05-10 03:56:05] WARNING lines in last 100: 0
[2026-05-10 03:56:05] === Monitor check complete ===
[2026-05-10 04:06:05] === Monitor check ===
[2026-05-10 04:06:05] Job 'finetune_k562plus10_transformer' is running (ID=2756691, state=RUNNING).
[2026-05-10 04:06:08] WARNING lines in last 100: 0
[2026-05-10 04:06:08] === Monitor check complete ===
[2026-05-10 04:16:08] === Monitor check ===
[2026-05-10 04:16:08] Job 'finetune_k562plus10_transformer' is running (ID=2756691, state=RUNNING).
[2026-05-10 04:16:12] WARNING lines in last 100: 0
[2026-05-10 04:16:12] === Monitor check complete ===
[2026-05-10 04:26:12] === Monitor check ===
[2026-05-10 04:26:12] Job 'finetune_k562plus10_transformer' is running (ID=2756691, state=RUNNING).
[2026-05-10 04:26:15] WARNING lines in last 100: 0
[2026-05-10 04:26:15] === Monitor check complete ===
[2026-05-10 04:36:15] === Monitor check ===
[2026-05-10 04:36:15] Job 'finetune_k562plus10_transformer' is running (ID=2756691, state=RUNNING).
[2026-05-10 04:36:18] WARNING lines in last 100: 0
[2026-05-10 04:36:18] === Monitor check complete ===
[2026-05-10 04:46:18] === Monitor check ===
[2026-05-10 04:46:18] Job 'finetune_k562plus10_transformer' is running (ID=2756691, state=RUNNING).
[2026-05-10 04:46:21] WARNING lines in last 100: 0
[2026-05-10 04:46:21] === Monitor check complete ===
[2026-05-10 04:56:21] === Monitor check ===
[2026-05-10 04:56:22] Job 'finetune_k562plus10_transformer' is running (ID=2756691, state=RUNNING).
[2026-05-10 04:56:25] WARNING lines in last 100: 0
[2026-05-10 04:56:25] === Monitor check complete ===
[2026-05-10 05:06:25] === Monitor check ===
[2026-05-10 05:06:25] Job 'finetune_k562plus10_transformer' is running (ID=2756691, state=RUNNING).
[2026-05-10 05:06:28] WARNING lines in last 100: 0
[2026-05-10 05:06:28] === Monitor check complete ===
[2026-05-10 05:16:28] === Monitor check ===
[2026-05-10 05:16:28] Job 'finetune_k562plus10_transformer' is running (ID=2756691, state=RUNNING).
[2026-05-10 05:16:31] WARNING lines in last 100: 0
[2026-05-10 05:16:31] === Monitor check complete ===
[2026-05-10 05:26:31] === Monitor check ===
[2026-05-10 05:26:31] Job 'finetune_k562plus10_transformer' is running (ID=2756691, state=RUNNING).
[2026-05-10 05:26:34] WARNING lines in last 100: 0
[2026-05-10 05:26:34] === Monitor check complete ===
[2026-05-10 05:36:34] === Monitor check ===
[2026-05-10 05:36:35] Job 'finetune_k562plus10_transformer' is running (ID=2756691, state=RUNNING).
[2026-05-10 05:36:38] WARNING lines in last 100: 0
[2026-05-10 05:36:38] === Monitor check complete ===
[2026-05-10 05:46:38] === Monitor check ===
[2026-05-10 05:46:38] Job 'finetune_k562plus10_transformer' is running (ID=2756691, state=RUNNING).
[2026-05-10 05:46:41] WARNING lines in last 100: 0
[2026-05-10 05:46:41] === Monitor check complete ===
[2026-05-10 05:56:41] === Monitor check ===
[2026-05-10 05:56:41] Job 'finetune_k562plus10_transformer' is running (ID=2756691, state=RUNNING).
[2026-05-10 05:56:44] WARNING lines in last 100: 0
[2026-05-10 05:56:44] === Monitor check complete ===
[2026-05-10 06:06:44] === Monitor check ===
[2026-05-10 06:06:44] Job 'finetune_k562plus10_transformer' is running (ID=2756691, state=RUNNING).
[2026-05-10 06:06:47] WARNING lines in last 100: 0
[2026-05-10 06:06:47] === Monitor check complete ===
[2026-05-10 06:16:47] === Monitor check ===
[2026-05-10 06:16:47] Job 'finetune_k562plus10_transformer' is running (ID=2756691, state=RUNNING).
[2026-05-10 06:16:51] WARNING lines in last 100: 0
[2026-05-10 06:16:51] === Monitor check complete ===
[2026-05-10 06:26:51] === Monitor check ===
[2026-05-10 06:26:51] Job 'finetune_k562plus10_transformer' is running (ID=2756691, state=RUNNING).
[2026-05-10 06:26:55] WARNING lines in last 100: 0
[2026-05-10 06:26:55] === Monitor check complete ===
[2026-05-10 06:36:55] === Monitor check ===
[2026-05-10 06:36:55] Job 'finetune_k562plus10_transformer' is running (ID=2756691, state=RUNNING).
[2026-05-10 06:36:59] WARNING lines in last 100: 0
[2026-05-10 06:36:59] === Monitor check complete ===
[2026-05-10 06:46:59] === Monitor check ===
[2026-05-10 06:46:59] Job 'finetune_k562plus10_transformer' is running (ID=2756691, state=RUNNING).
[2026-05-10 06:47:02] WARNING lines in last 100: 0
[2026-05-10 06:47:02] === Monitor check complete ===
[2026-05-10 06:57:02] === Monitor check ===
[2026-05-10 06:57:02] Job 'finetune_k562plus10_transformer' is running (ID=2756691, state=RUNNING).
[2026-05-10 06:57:06] WARNING lines in last 100: 0
[2026-05-10 06:57:06] === Monitor check complete ===
[2026-05-10 07:07:06] === Monitor check ===
[2026-05-10 07:07:06] Job 'finetune_k562plus10_transformer' is running (ID=2756691, state=RUNNING).
[2026-05-10 07:07:10] WARNING lines in last 100: 0
[2026-05-10 07:07:10] === Monitor check complete ===
[2026-05-10 07:17:10] === Monitor check ===
[2026-05-10 07:17:10] Job 'finetune_k562plus10_transformer' is running (ID=2756691, state=RUNNING).
[2026-05-10 07:17:13] WARNING lines in last 100: 0
[2026-05-10 07:17:13] === Monitor check complete ===
[2026-05-10 07:27:13] === Monitor check ===
[2026-05-10 07:27:13] Job 'finetune_k562plus10_transformer' is running (ID=2756691, state=RUNNING).
[2026-05-10 07:27:16] WARNING lines in last 100: 0
[2026-05-10 07:27:16] === Monitor check complete ===
[2026-05-10 07:37:16] === Monitor check ===
[2026-05-10 07:37:16] Job 'finetune_k562plus10_transformer' is running (ID=2756691, state=RUNNING).
[2026-05-10 07:37:20] WARNING lines in last 100: 0
[2026-05-10 07:37:20] === Monitor check complete ===
[2026-05-10 07:47:20] === Monitor check ===
[2026-05-10 07:47:20] Job 'finetune_k562plus10_transformer' is running (ID=2756691, state=RUNNING).
[2026-05-10 07:47:23] WARNING lines in last 100: 0
[2026-05-10 07:47:23] === Monitor check complete ===
[2026-05-10 07:57:23] === Monitor check ===
[2026-05-10 07:57:23] Job 'finetune_k562plus10_transformer' is running (ID=2756691, state=RUNNING).
[2026-05-10 07:57:27] WARNING lines in last 100: 0
[2026-05-10 07:57:27] === Monitor check complete ===
[2026-05-10 08:07:27] === Monitor check ===
[2026-05-10 08:07:27] Job 'finetune_k562plus10_transformer' is running (ID=2756691, state=RUNNING).
[2026-05-10 08:07:30] WARNING lines in last 100: 0
[2026-05-10 08:07:30] === Monitor check complete ===
[2026-05-10 08:17:30] === Monitor check ===
[2026-05-10 08:17:30] Job 'finetune_k562plus10_transformer' is running (ID=2756691, state=RUNNING).
[2026-05-10 08:17:34] WARNING lines in last 100: 0
[2026-05-10 08:17:34] === Monitor check complete ===
[2026-05-10 08:27:34] === Monitor check ===
[2026-05-10 08:27:34] Job 'finetune_k562plus10_transformer' is running (ID=2756691, state=RUNNING).
[2026-05-10 08:27:38] WARNING lines in last 100: 0
[2026-05-10 08:27:38] === Monitor check complete ===
[2026-05-10 08:37:38] === Monitor check ===
[2026-05-10 08:37:38] Job 'finetune_k562plus10_transformer' is running (ID=2756691, state=RUNNING).
[2026-05-10 08:37:42] WARNING lines in last 100: 0
[2026-05-10 08:37:42] === Monitor check complete ===
[2026-05-10 08:47:42] === Monitor check ===
[2026-05-10 08:47:42] Job 'finetune_k562plus10_transformer' is running (ID=2756691, state=RUNNING).
[2026-05-10 08:47:46] WARNING lines in last 100: 0
[2026-05-10 08:47:46] === Monitor check complete ===
[2026-05-10 08:57:46] === Monitor check ===
[2026-05-10 08:57:46] Job 'finetune_k562plus10_transformer' is running (ID=2756691, state=RUNNING).
[2026-05-10 08:57:46] WARNING lines in last 100: 0
[2026-05-10 08:57:46] === Monitor check complete ===
[2026-05-10 09:07:46] === Monitor check ===
[2026-05-10 09:07:46] Job 'finetune_k562plus10_transformer' is running (ID=2756691, state=RUNNING).
[2026-05-10 09:07:46] WARNING lines in last 100: 0
[2026-05-10 09:07:46] === Monitor check complete ===
[2026-05-10 09:17:46] === Monitor check ===
[2026-05-10 09:17:46] Job 'finetune_k562plus10_transformer' is running (ID=2756691, state=RUNNING).
[2026-05-10 09:17:46] WARNING lines in last 100: 0
[2026-05-10 09:17:46] === Monitor check complete ===
[2026-05-10 09:27:46] === Monitor check ===
[2026-05-10 09:27:46] Job 'finetune_k562plus10_transformer' is running (ID=2756691, state=RUNNING).
[2026-05-10 09:27:46] WARNING lines in last 100: 0
[2026-05-10 09:27:46] === Monitor check complete ===
[2026-05-10 09:37:46] === Monitor check ===
[2026-05-10 09:37:46] Job 'finetune_k562plus10_transformer' is running (ID=2756691, state=RUNNING).
[2026-05-10 09:37:46] WARNING lines in last 100: 0
[2026-05-10 09:37:46] === Monitor check complete ===
[2026-05-10 09:47:46] === Monitor check ===
[2026-05-10 09:47:46] Job 'finetune_k562plus10_transformer' is running (ID=2756691, state=RUNNING).
[2026-05-10 09:47:46] WARNING lines in last 100: 0
[2026-05-10 09:47:46] === Monitor check complete ===
[2026-05-10 09:57:46] === Monitor check ===
[2026-05-10 09:57:46] Job 'finetune_k562plus10_transformer' is running (ID=2756691, state=RUNNING).
[2026-05-10 09:57:46] WARNING lines in last 100: 0
[2026-05-10 09:57:46] === Monitor check complete ===
[2026-05-10 10:07:46] === Monitor check ===
[2026-05-10 10:07:46] Job 'finetune_k562plus10_transformer' is running (ID=2756691, state=RUNNING).
[2026-05-10 10:07:47] WARNING lines in last 100: 0
[2026-05-10 10:07:47] === Monitor check complete ===
[2026-05-10 10:17:47] === Monitor check ===
[2026-05-10 10:17:47] Job 'finetune_k562plus10_transformer' is running (ID=2756691, state=RUNNING).
[2026-05-10 10:17:47] WARNING lines in last 100: 0
[2026-05-10 10:17:47] === Monitor check complete ===
[2026-05-10 10:27:47] === Monitor check ===
[2026-05-10 10:27:47] Job 'finetune_k562plus10_transformer' is running (ID=2756691, state=RUNNING).
[2026-05-10 10:27:47] WARNING lines in last 100: 0
[2026-05-10 10:27:47] === Monitor check complete ===
[2026-05-10 10:37:47] === Monitor check ===
[2026-05-10 10:37:47] Job 'finetune_k562plus10_transformer' is running (ID=2756691, state=RUNNING).
[2026-05-10 10:37:47] WARNING lines in last 100: 0
[2026-05-10 10:37:47] === Monitor check complete ===
[2026-05-10 10:47:47] === Monitor check ===
[2026-05-10 10:47:47] Job 'finetune_k562plus10_transformer' is running (ID=2756691, state=RUNNING).
[2026-05-10 10:47:47] WARNING lines in last 100: 0
[2026-05-10 10:47:47] === Monitor check complete ===
[2026-05-10 10:57:47] === Monitor check ===
[2026-05-10 10:57:47] Job 'finetune_k562plus10_transformer' is running (ID=2756691, state=RUNNING).
[2026-05-10 10:57:47] WARNING lines in last 100: 0
[2026-05-10 10:57:47] === Monitor check complete ===
[2026-05-10 11:07:47] === Monitor check ===
[2026-05-10 11:07:47] Job 'finetune_k562plus10_transformer' is running (ID=2756691, state=RUNNING).
[2026-05-10 11:07:47] WARNING lines in last 100: 0
[2026-05-10 11:07:47] === Monitor check complete ===
[2026-05-10 11:17:47] === Monitor check ===
[2026-05-10 11:17:47] Job 'finetune_k562plus10_transformer' is running (ID=2756691, state=RUNNING).
[2026-05-10 11:17:47] WARNING lines in last 100: 0
[2026-05-10 11:17:47] === Monitor check complete ===
[2026-05-10 11:27:47] === Monitor check ===
[2026-05-10 11:27:47] Job 'finetune_k562plus10_transformer' is running (ID=2756691, state=RUNNING).
[2026-05-10 11:27:47] WARNING lines in last 100: 0
[2026-05-10 11:27:47] === Monitor check complete ===
[2026-05-10 11:37:47] === Monitor check ===
[2026-05-10 11:37:47] Job 'finetune_k562plus10_transformer' is running (ID=2756691, state=RUNNING).
[2026-05-10 11:37:47] WARNING lines in last 100: 0
[2026-05-10 11:37:47] === Monitor check complete ===
[2026-05-10 11:47:47] === Monitor check ===
[2026-05-10 11:47:47] Job 'finetune_k562plus10_transformer' is running (ID=2756691, state=RUNNING).
[2026-05-10 11:47:47] WARNING lines in last 100: 0
[2026-05-10 11:47:47] === Monitor check complete ===
[2026-05-10 11:57:47] === Monitor check ===
[2026-05-10 11:57:47] Job 'finetune_k562plus10_transformer' is running (ID=2756691, state=RUNNING).
[2026-05-10 11:57:47] WARNING lines in last 100: 0
[2026-05-10 11:57:47] === Monitor check complete ===
[2026-05-10 12:07:47] === Monitor check ===
[2026-05-10 12:07:47] Job 'finetune_k562plus10_transformer' is running (ID=2756691, state=RUNNING).
[2026-05-10 12:07:47] WARNING lines in last 100: 0
[2026-05-10 12:07:47] === Monitor check complete ===
[2026-05-10 12:17:47] === Monitor check ===
[2026-05-10 12:17:48] Job 'finetune_k562plus10_transformer' is running (ID=2756691, state=RUNNING).
[2026-05-10 12:17:48] WARNING lines in last 100: 0
[2026-05-10 12:17:48] === Monitor check complete ===
[2026-05-10 12:27:48] === Monitor check ===
[2026-05-10 12:27:48] Job 'finetune_k562plus10_transformer' is running (ID=2756691, state=RUNNING).
[2026-05-10 12:27:48] WARNING lines in last 100: 0
[2026-05-10 12:27:48] === Monitor check complete ===
[2026-05-10 12:37:48] === Monitor check ===
[2026-05-10 12:37:48] Job 'finetune_k562plus10_transformer' is running (ID=2756691, state=RUNNING).
[2026-05-10 12:37:48] WARNING lines in last 100: 0
[2026-05-10 12:37:48] === Monitor check complete ===
[2026-05-10 12:47:48] === Monitor check ===
[2026-05-10 12:47:48] Job 'finetune_k562plus10_transformer' is running (ID=2756691, state=RUNNING).
[2026-05-10 12:47:48] WARNING lines in last 100: 0
[2026-05-10 12:47:48] === Monitor check complete ===
[2026-05-10 12:57:48] === Monitor check ===
[2026-05-10 12:57:48] Job 'finetune_k562plus10_transformer' is running (ID=2756691, state=RUNNING).
[2026-05-10 12:57:48] WARNING lines in last 100: 0
[2026-05-10 12:57:48] === Monitor check complete ===
[2026-05-10 13:07:48] === Monitor check ===
[2026-05-10 13:07:48] Job 'finetune_k562plus10_transformer' is not running.
[2026-05-10 13:07:48] Latest output file: /data1/lesliec/sarthak/caduceus/jobs/2756691-finetune_k562plus10_transformer.out
[2026-05-10 13:07:48] No checkpoint directories found in /data1/lesliec/sarthak/caduceus/jobs/2756691-finetune_k562plus10_transformer.out
[2026-05-10 13:07:48] Using checkpoint: [2026-05-10 13:07:48] No checkpoint directories found in /data1/lesliec/sarthak/caduceus/jobs/2756691-finetune_k562plus10_transformer.out
[2026-05-10 13:07:48] Submitting: seed=2222  ckpt=[2026-05-10 13:07:48] No checkpoint directories found in /data1/lesliec/sarthak/caduceus/jobs/2756691-finetune_k562plus10_transformer.out
[2026-05-10 13:07:48] Submitted job 3991616. Incrementing seed to 2223.
[2026-05-10 13:07:48] === Monitor check complete ===
[2026-05-10 13:17:48] === Monitor check ===
[2026-05-10 13:17:48] Job 'finetune_k562plus10_transformer' is running (ID=3991616, state=RUNNING).
[2026-05-10 13:17:48] WARNING lines in last 100: 0
[2026-05-10 13:17:48] === Monitor check complete ===
[2026-05-10 13:27:48] === Monitor check ===
[2026-05-10 13:27:48] Job 'finetune_k562plus10_transformer' is running (ID=3991616, state=RUNNING).
[2026-05-10 13:27:48] WARNING lines in last 100: 0
[2026-05-10 13:27:48] === Monitor check complete ===
[2026-05-10 13:37:48] === Monitor check ===
[2026-05-10 13:37:48] Job 'finetune_k562plus10_transformer' is running (ID=3991616, state=RUNNING).
[2026-05-10 13:37:48] WARNING lines in last 100: 0
[2026-05-10 13:37:48] === Monitor check complete ===
[2026-05-10 13:47:48] === Monitor check ===
[2026-05-10 13:47:48] Job 'finetune_k562plus10_transformer' is running (ID=3991616, state=RUNNING).
[2026-05-10 13:47:48] WARNING lines in last 100: 0
[2026-05-10 13:47:48] === Monitor check complete ===
[2026-05-10 13:57:48] === Monitor check ===
[2026-05-10 13:57:49] Job 'finetune_k562plus10_transformer' is running (ID=3991616, state=RUNNING).
[2026-05-10 13:57:49] WARNING lines in last 100: 0
[2026-05-10 13:57:49] === Monitor check complete ===
[2026-05-10 14:07:49] === Monitor check ===
[2026-05-10 14:07:49] Job 'finetune_k562plus10_transformer' is running (ID=3991616, state=RUNNING).
[2026-05-10 14:07:49] WARNING lines in last 100: 0
[2026-05-10 14:07:49] === Monitor check complete ===
[2026-05-10 14:17:49] === Monitor check ===
[2026-05-10 14:17:49] Job 'finetune_k562plus10_transformer' is running (ID=3991616, state=RUNNING).
[2026-05-10 14:17:49] WARNING lines in last 100: 0
[2026-05-10 14:17:49] === Monitor check complete ===
[2026-05-10 14:27:49] === Monitor check ===
[2026-05-10 14:27:49] Job 'finetune_k562plus10_transformer' is running (ID=3991616, state=RUNNING).
[2026-05-10 14:27:49] WARNING lines in last 100: 0
[2026-05-10 14:27:49] === Monitor check complete ===
[2026-05-10 14:37:49] === Monitor check ===
[2026-05-10 14:37:49] Job 'finetune_k562plus10_transformer' is running (ID=3991616, state=RUNNING).
[2026-05-10 14:37:49] WARNING lines in last 100: 0
[2026-05-10 14:37:49] === Monitor check complete ===
[2026-05-10 14:47:49] === Monitor check ===
[2026-05-10 14:47:49] Job 'finetune_k562plus10_transformer' is running (ID=3991616, state=RUNNING).
[2026-05-10 14:47:49] WARNING lines in last 100: 0
[2026-05-10 14:47:49] === Monitor check complete ===
[2026-05-10 14:57:49] === Monitor check ===
[2026-05-10 14:57:49] Job 'finetune_k562plus10_transformer' is running (ID=3991616, state=RUNNING).
[2026-05-10 14:57:49] WARNING lines in last 100: 0
[2026-05-10 14:57:49] === Monitor check complete ===
[2026-05-10 15:07:49] === Monitor check ===
[2026-05-10 15:07:49] Job 'finetune_k562plus10_transformer' is running (ID=3991616, state=RUNNING).
[2026-05-10 15:07:49] WARNING lines in last 100: 0
[2026-05-10 15:07:49] === Monitor check complete ===
[2026-05-10 15:17:49] === Monitor check ===
[2026-05-10 15:17:49] Job 'finetune_k562plus10_transformer' is running (ID=3991616, state=RUNNING).
[2026-05-10 15:17:49] WARNING lines in last 100: 0
[2026-05-10 15:17:49] === Monitor check complete ===
[2026-05-10 15:27:49] === Monitor check ===
[2026-05-10 15:27:49] Job 'finetune_k562plus10_transformer' is running (ID=3991616, state=RUNNING).
[2026-05-10 15:27:49] WARNING lines in last 100: 0
[2026-05-10 15:27:50] === Monitor check complete ===
[2026-05-10 15:37:50] === Monitor check ===
[2026-05-10 15:37:50] Job 'finetune_k562plus10_transformer' is running (ID=3991616, state=RUNNING).
[2026-05-10 15:37:50] WARNING lines in last 100: 0
[2026-05-10 15:37:50] === Monitor check complete ===
[2026-05-10 15:47:50] === Monitor check ===
[2026-05-10 15:47:50] Job 'finetune_k562plus10_transformer' is running (ID=3991616, state=RUNNING).
[2026-05-10 15:47:50] WARNING lines in last 100: 0
[2026-05-10 15:47:50] === Monitor check complete ===
[2026-05-10 15:57:50] === Monitor check ===
[2026-05-10 15:57:50] Job 'finetune_k562plus10_transformer' is running (ID=3991616, state=RUNNING).
[2026-05-10 15:57:50] WARNING lines in last 100: 0
[2026-05-10 15:57:50] === Monitor check complete ===
[2026-05-10 16:07:50] === Monitor check ===
[2026-05-10 16:07:50] Job 'finetune_k562plus10_transformer' is running (ID=3991616, state=RUNNING).
[2026-05-10 16:07:50] WARNING lines in last 100: 0
[2026-05-10 16:07:50] === Monitor check complete ===
[2026-05-10 16:17:50] === Monitor check ===
[2026-05-10 16:17:50] Job 'finetune_k562plus10_transformer' is running (ID=3991616, state=RUNNING).
[2026-05-10 16:17:50] WARNING lines in last 100: 0
[2026-05-10 16:17:50] === Monitor check complete ===
[2026-05-10 16:27:50] === Monitor check ===
[2026-05-10 16:27:50] Job 'finetune_k562plus10_transformer' is running (ID=3991616, state=RUNNING).
[2026-05-10 16:27:50] WARNING lines in last 100: 0
[2026-05-10 16:27:50] === Monitor check complete ===
[2026-05-10 16:37:50] === Monitor check ===
[2026-05-10 16:37:50] Job 'finetune_k562plus10_transformer' is running (ID=3991616, state=RUNNING).
[2026-05-10 16:37:50] WARNING lines in last 100: 0
[2026-05-10 16:37:50] === Monitor check complete ===
[2026-05-10 16:47:50] === Monitor check ===
[2026-05-10 16:47:50] Job 'finetune_k562plus10_transformer' is running (ID=3991616, state=RUNNING).
[2026-05-10 16:47:50] WARNING lines in last 100: 0
[2026-05-10 16:47:50] === Monitor check complete ===
[2026-05-10 16:57:50] === Monitor check ===
[2026-05-10 16:57:51] Job 'finetune_k562plus10_transformer' is running (ID=3991616, state=RUNNING).
[2026-05-10 16:57:51] WARNING lines in last 100: 0
[2026-05-10 16:57:51] === Monitor check complete ===
[2026-05-10 17:07:51] === Monitor check ===
[2026-05-10 17:07:51] Job 'finetune_k562plus10_transformer' is running (ID=3991616, state=RUNNING).
[2026-05-10 17:07:51] WARNING lines in last 100: 0
[2026-05-10 17:07:51] === Monitor check complete ===
[2026-05-10 17:17:51] === Monitor check ===
[2026-05-10 17:17:51] Job 'finetune_k562plus10_transformer' is running (ID=3991616, state=RUNNING).
[2026-05-10 17:17:51] WARNING lines in last 100: 0
[2026-05-10 17:17:51] === Monitor check complete ===
[2026-05-10 17:27:51] === Monitor check ===
[2026-05-10 17:27:51] Job 'finetune_k562plus10_transformer' is running (ID=3991616, state=RUNNING).
[2026-05-10 17:27:51] WARNING lines in last 100: 0
[2026-05-10 17:27:51] === Monitor check complete ===
[2026-05-10 17:37:51] === Monitor check ===
[2026-05-10 17:37:51] Job 'finetune_k562plus10_transformer' is running (ID=3991616, state=RUNNING).
[2026-05-10 17:37:51] WARNING lines in last 100: 0
[2026-05-10 17:37:51] === Monitor check complete ===
[2026-05-10 17:47:51] === Monitor check ===
[2026-05-10 17:47:51] Job 'finetune_k562plus10_transformer' is running (ID=3991616, state=RUNNING).
[2026-05-10 17:47:51] WARNING lines in last 100: 0
[2026-05-10 17:47:51] === Monitor check complete ===
[2026-05-10 17:57:51] === Monitor check ===
[2026-05-10 17:57:51] Job 'finetune_k562plus10_transformer' is running (ID=3991616, state=RUNNING).
[2026-05-10 17:57:52] WARNING lines in last 100: 0
[2026-05-10 17:57:52] === Monitor check complete ===
[2026-05-10 18:07:52] === Monitor check ===
[2026-05-10 18:07:52] Job 'finetune_k562plus10_transformer' is running (ID=3991616, state=RUNNING).
[2026-05-10 18:07:52] WARNING lines in last 100: 0
[2026-05-10 18:07:52] === Monitor check complete ===
[2026-05-10 18:17:52] === Monitor check ===
[2026-05-10 18:17:52] Job 'finetune_k562plus10_transformer' is running (ID=3991616, state=RUNNING).
[2026-05-10 18:17:52] WARNING lines in last 100: 0
[2026-05-10 18:17:52] === Monitor check complete ===
[2026-05-10 18:27:52] === Monitor check ===
[2026-05-10 18:27:52] Job 'finetune_k562plus10_transformer' is running (ID=3991616, state=RUNNING).
[2026-05-10 18:27:52] WARNING lines in last 100: 0
[2026-05-10 18:27:52] === Monitor check complete ===
[2026-05-10 18:37:52] === Monitor check ===
[2026-05-10 18:37:52] Job 'finetune_k562plus10_transformer' is running (ID=3991616, state=RUNNING).
[2026-05-10 18:37:52] WARNING lines in last 100: 0
[2026-05-10 18:37:52] === Monitor check complete ===
[2026-05-10 18:47:52] === Monitor check ===
[2026-05-10 18:47:52] Job 'finetune_k562plus10_transformer' is running (ID=3991616, state=RUNNING).
[2026-05-10 18:47:52] WARNING lines in last 100: 0
[2026-05-10 18:47:52] === Monitor check complete ===
[2026-05-10 18:57:52] === Monitor check ===
[2026-05-10 18:57:52] Job 'finetune_k562plus10_transformer' is running (ID=3991616, state=RUNNING).
[2026-05-10 18:57:53] WARNING lines in last 100: 0
[2026-05-10 18:57:53] === Monitor check complete ===
[2026-05-10 19:07:53] === Monitor check ===
[2026-05-10 19:07:53] Job 'finetune_k562plus10_transformer' is running (ID=3991616, state=RUNNING).
[2026-05-10 19:07:53] WARNING lines in last 100: 0
[2026-05-10 19:07:53] === Monitor check complete ===
[2026-05-10 19:17:53] === Monitor check ===
[2026-05-10 19:17:53] Job 'finetune_k562plus10_transformer' is running (ID=3991616, state=RUNNING).
[2026-05-10 19:17:53] WARNING lines in last 100: 0
[2026-05-10 19:17:53] === Monitor check complete ===
[2026-05-10 19:27:53] === Monitor check ===
[2026-05-10 19:27:53] Job 'finetune_k562plus10_transformer' is running (ID=3991616, state=RUNNING).
[2026-05-10 19:27:53] WARNING lines in last 100: 0
[2026-05-10 19:27:53] === Monitor check complete ===
[2026-05-10 19:37:53] === Monitor check ===
[2026-05-10 19:37:53] Job 'finetune_k562plus10_transformer' is running (ID=3991616, state=RUNNING).
[2026-05-10 19:37:53] WARNING lines in last 100: 0
[2026-05-10 19:37:53] === Monitor check complete ===
[2026-05-10 19:47:53] === Monitor check ===
[2026-05-10 19:47:53] Job 'finetune_k562plus10_transformer' is running (ID=3991616, state=RUNNING).
[2026-05-10 19:47:53] WARNING lines in last 100: 0
[2026-05-10 19:47:53] === Monitor check complete ===
[2026-05-10 19:57:53] === Monitor check ===
[2026-05-10 19:57:53] Job 'finetune_k562plus10_transformer' is running (ID=3991616, state=RUNNING).
[2026-05-10 19:57:53] WARNING lines in last 100: 0
[2026-05-10 19:57:54] === Monitor check complete ===
[2026-05-10 20:07:54] === Monitor check ===
[2026-05-10 20:07:54] Job 'finetune_k562plus10_transformer' is running (ID=3991616, state=RUNNING).
[2026-05-10 20:07:54] WARNING lines in last 100: 0
[2026-05-10 20:07:54] === Monitor check complete ===
[2026-05-10 20:17:54] === Monitor check ===
[2026-05-10 20:17:54] Job 'finetune_k562plus10_transformer' is running (ID=3991616, state=RUNNING).
[2026-05-10 20:17:54] WARNING lines in last 100: 0
[2026-05-10 20:17:54] === Monitor check complete ===
[2026-05-10 20:27:54] === Monitor check ===
[2026-05-10 20:27:54] Job 'finetune_k562plus10_transformer' is running (ID=3991616, state=RUNNING).
[2026-05-10 20:27:54] WARNING lines in last 100: 0
[2026-05-10 20:27:54] === Monitor check complete ===
[2026-05-10 20:37:54] === Monitor check ===
[2026-05-10 20:37:54] Job 'finetune_k562plus10_transformer' is running (ID=3991616, state=RUNNING).
[2026-05-10 20:37:54] WARNING lines in last 100: 0
[2026-05-10 20:37:54] === Monitor check complete ===
[2026-05-10 20:47:54] === Monitor check ===
[2026-05-10 20:47:54] Job 'finetune_k562plus10_transformer' is running (ID=3991616, state=RUNNING).
[2026-05-10 20:47:55] WARNING lines in last 100: 0
[2026-05-10 20:47:55] === Monitor check complete ===
[2026-05-10 20:57:55] === Monitor check ===
[2026-05-10 20:57:55] Job 'finetune_k562plus10_transformer' is running (ID=3991616, state=RUNNING).
[2026-05-10 20:57:55] WARNING lines in last 100: 0
[2026-05-10 20:57:55] === Monitor check complete ===
[2026-05-10 21:07:55] === Monitor check ===
[2026-05-10 21:07:55] Job 'finetune_k562plus10_transformer' is running (ID=3991616, state=RUNNING).
[2026-05-10 21:07:55] WARNING lines in last 100: 0
[2026-05-10 21:07:55] === Monitor check complete ===
[2026-05-10 21:17:55] === Monitor check ===
[2026-05-10 21:17:55] Job 'finetune_k562plus10_transformer' is running (ID=3991616, state=RUNNING).
[2026-05-10 21:17:55] WARNING lines in last 100: 0
[2026-05-10 21:17:55] === Monitor check complete ===
[2026-05-10 21:27:55] === Monitor check ===
[2026-05-10 21:27:55] Job 'finetune_k562plus10_transformer' is running (ID=3991616, state=RUNNING).
[2026-05-10 21:27:56] WARNING lines in last 100: 0
[2026-05-10 21:27:56] === Monitor check complete ===
[2026-05-10 21:37:56] === Monitor check ===
[2026-05-10 21:37:56] Job 'finetune_k562plus10_transformer' is running (ID=3991616, state=RUNNING).
[2026-05-10 21:37:56] WARNING lines in last 100: 0
[2026-05-10 21:37:56] === Monitor check complete ===
[2026-05-10 21:47:56] === Monitor check ===
[2026-05-10 21:47:56] Job 'finetune_k562plus10_transformer' is running (ID=3991616, state=RUNNING).
[2026-05-10 21:47:56] WARNING lines in last 100: 0
[2026-05-10 21:47:56] === Monitor check complete ===
[2026-05-10 21:57:56] === Monitor check ===
[2026-05-10 21:57:56] Job 'finetune_k562plus10_transformer' is running (ID=3991616, state=RUNNING).
[2026-05-10 21:57:56] WARNING lines in last 100: 0
[2026-05-10 21:57:56] === Monitor check complete ===
[2026-05-10 22:07:56] === Monitor check ===
[2026-05-10 22:07:56] Job 'finetune_k562plus10_transformer' is running (ID=3991616, state=RUNNING).
[2026-05-10 22:07:56] WARNING lines in last 100: 0
[2026-05-10 22:07:56] === Monitor check complete ===
[2026-05-10 22:17:56] === Monitor check ===
[2026-05-10 22:17:56] Job 'finetune_k562plus10_transformer' is running (ID=3991616, state=RUNNING).
[2026-05-10 22:17:57] WARNING lines in last 100: 0
[2026-05-10 22:17:57] === Monitor check complete ===
[2026-05-10 22:27:57] === Monitor check ===
[2026-05-10 22:27:57] Job 'finetune_k562plus10_transformer' is running (ID=3991616, state=RUNNING).
[2026-05-10 22:27:57] WARNING lines in last 100: 0
[2026-05-10 22:27:57] === Monitor check complete ===
[2026-05-10 22:37:57] === Monitor check ===
[2026-05-10 22:37:57] Job 'finetune_k562plus10_transformer' is running (ID=3991616, state=RUNNING).
[2026-05-10 22:37:57] WARNING lines in last 100: 0
[2026-05-10 22:37:57] === Monitor check complete ===
[2026-05-10 22:47:57] === Monitor check ===
[2026-05-10 22:47:57] Job 'finetune_k562plus10_transformer' is running (ID=3991616, state=RUNNING).
[2026-05-10 22:47:57] WARNING lines in last 100: 0
[2026-05-10 22:47:57] === Monitor check complete ===
[2026-05-10 22:57:57] === Monitor check ===
[2026-05-10 22:57:58] Job 'finetune_k562plus10_transformer' is running (ID=3991616, state=RUNNING).
[2026-05-10 22:57:58] WARNING lines in last 100: 0
[2026-05-10 22:57:58] === Monitor check complete ===
[2026-05-10 23:07:58] === Monitor check ===
[2026-05-10 23:07:58] Job 'finetune_k562plus10_transformer' is running (ID=3991616, state=RUNNING).
[2026-05-10 23:07:58] WARNING lines in last 100: 0
[2026-05-10 23:07:58] === Monitor check complete ===
[2026-05-10 23:17:58] === Monitor check ===
[2026-05-10 23:17:58] Job 'finetune_k562plus10_transformer' is running (ID=3991616, state=RUNNING).
[2026-05-10 23:17:59] WARNING lines in last 100: 0
[2026-05-10 23:17:59] === Monitor check complete ===
[2026-05-10 23:27:59] === Monitor check ===
[2026-05-10 23:27:59] Job 'finetune_k562plus10_transformer' is running (ID=3991616, state=RUNNING).
[2026-05-10 23:27:59] WARNING lines in last 100: 0
[2026-05-10 23:27:59] === Monitor check complete ===
[2026-05-10 23:37:59] === Monitor check ===
[2026-05-10 23:37:59] Job 'finetune_k562plus10_transformer' is running (ID=3991616, state=RUNNING).
[2026-05-10 23:37:59] WARNING lines in last 100: 0
[2026-05-10 23:37:59] === Monitor check complete ===
[2026-05-10 23:47:59] === Monitor check ===
[2026-05-10 23:47:59] Job 'finetune_k562plus10_transformer' is running (ID=3991616, state=RUNNING).
[2026-05-10 23:47:59] WARNING lines in last 100: 0
[2026-05-10 23:47:59] === Monitor check complete ===
[2026-05-10 23:57:59] === Monitor check ===
[2026-05-10 23:57:59] Job 'finetune_k562plus10_transformer' is running (ID=3991616, state=RUNNING).
[2026-05-10 23:58:00] WARNING lines in last 100: 0
[2026-05-10 23:58:00] === Monitor check complete ===
[2026-05-11 00:08:02] === Monitor check ===
[2026-05-11 00:08:03] Job 'finetune_k562plus10_transformer' is running (ID=3991616, state=RUNNING).
[2026-05-11 00:08:04] WARNING lines in last 100: 0
[2026-05-11 00:08:04] === Monitor check complete ===
[2026-05-11 00:18:04] === Monitor check ===
[2026-05-11 00:18:04] Job 'finetune_k562plus10_transformer' is running (ID=3991616, state=RUNNING).
[2026-05-11 00:18:04] WARNING lines in last 100: 0
[2026-05-11 00:18:04] === Monitor check complete ===
[2026-05-11 00:28:04] === Monitor check ===
[2026-05-11 00:28:04] Job 'finetune_k562plus10_transformer' is running (ID=3991616, state=RUNNING).
[2026-05-11 00:28:05] WARNING lines in last 100: 0
[2026-05-11 00:28:05] === Monitor check complete ===
[2026-05-11 00:38:05] === Monitor check ===
[2026-05-11 00:38:05] Job 'finetune_k562plus10_transformer' is running (ID=3991616, state=RUNNING).
[2026-05-11 00:38:05] WARNING lines in last 100: 0
[2026-05-11 00:38:05] === Monitor check complete ===
[2026-05-11 00:48:05] === Monitor check ===
[2026-05-11 00:48:05] Job 'finetune_k562plus10_transformer' is running (ID=3991616, state=RUNNING).
[2026-05-11 00:48:05] WARNING lines in last 100: 0
[2026-05-11 00:48:05] === Monitor check complete ===
[2026-05-11 00:58:05] === Monitor check ===
[2026-05-11 00:58:05] Job 'finetune_k562plus10_transformer' is running (ID=3991616, state=RUNNING).
[2026-05-11 00:58:05] WARNING lines in last 100: 0
[2026-05-11 00:58:05] === Monitor check complete ===
[2026-05-11 01:08:05] === Monitor check ===
[2026-05-11 01:08:05] Job 'finetune_k562plus10_transformer' is running (ID=3991616, state=RUNNING).
[2026-05-11 01:08:06] WARNING lines in last 100: 0
[2026-05-11 01:08:06] === Monitor check complete ===
[2026-05-11 01:18:06] === Monitor check ===
[2026-05-11 01:18:07] Job 'finetune_k562plus10_transformer' is running (ID=3991616, state=RUNNING).
[2026-05-11 01:18:07] WARNING lines in last 100: 0
[2026-05-11 01:18:07] === Monitor check complete ===
[2026-05-11 01:28:07] === Monitor check ===
[2026-05-11 01:28:07] Job 'finetune_k562plus10_transformer' is running (ID=3991616, state=RUNNING).
[2026-05-11 01:28:07] WARNING lines in last 100: 0
[2026-05-11 01:28:07] === Monitor check complete ===
[2026-05-11 01:38:07] === Monitor check ===
[2026-05-11 01:38:07] Job 'finetune_k562plus10_transformer' is running (ID=3991616, state=RUNNING).
[2026-05-11 01:38:08] WARNING lines in last 100: 0
[2026-05-11 01:38:08] === Monitor check complete ===
[2026-05-11 01:48:08] === Monitor check ===
[2026-05-11 01:48:08] Job 'finetune_k562plus10_transformer' is running (ID=3991616, state=RUNNING).
[2026-05-11 01:48:08] WARNING lines in last 100: 0
[2026-05-11 01:48:08] === Monitor check complete ===
[2026-05-11 01:58:08] === Monitor check ===
[2026-05-11 01:58:08] Job 'finetune_k562plus10_transformer' is running (ID=3991616, state=RUNNING).
[2026-05-11 01:58:08] WARNING lines in last 100: 0
[2026-05-11 01:58:08] === Monitor check complete ===
[2026-05-11 02:08:08] === Monitor check ===
[2026-05-11 02:08:08] Job 'finetune_k562plus10_transformer' is running (ID=3991616, state=RUNNING).
[2026-05-11 02:08:09] WARNING lines in last 100: 0
[2026-05-11 02:08:09] === Monitor check complete ===
[2026-05-11 02:18:09] === Monitor check ===
[2026-05-11 02:18:09] Job 'finetune_k562plus10_transformer' is running (ID=3991616, state=RUNNING).
[2026-05-11 02:18:09] WARNING lines in last 100: 0
[2026-05-11 02:18:09] === Monitor check complete ===
[2026-05-11 02:28:09] === Monitor check ===
[2026-05-11 02:28:09] Job 'finetune_k562plus10_transformer' is running (ID=3991616, state=RUNNING).
[2026-05-11 02:28:10] WARNING lines in last 100: 0
[2026-05-11 02:28:10] === Monitor check complete ===
[2026-05-11 02:38:10] === Monitor check ===
[2026-05-11 02:38:10] Job 'finetune_k562plus10_transformer' is running (ID=3991616, state=RUNNING).
[2026-05-11 02:38:10] WARNING lines in last 100: 0
[2026-05-11 02:38:10] === Monitor check complete ===
[2026-05-11 02:48:10] === Monitor check ===
[2026-05-11 02:48:10] Job 'finetune_k562plus10_transformer' is running (ID=3991616, state=RUNNING).
[2026-05-11 02:48:10] WARNING lines in last 100: 0
[2026-05-11 02:48:10] === Monitor check complete ===
[2026-05-11 02:58:10] === Monitor check ===
[2026-05-11 02:58:11] Job 'finetune_k562plus10_transformer' is running (ID=3991616, state=RUNNING).
[2026-05-11 02:58:11] WARNING lines in last 100: 0
[2026-05-11 02:58:11] === Monitor check complete ===
[2026-05-11 03:08:11] === Monitor check ===
[2026-05-11 03:08:11] Job 'finetune_k562plus10_transformer' is running (ID=3991616, state=RUNNING).
[2026-05-11 03:08:12] WARNING lines in last 100: 0
[2026-05-11 03:08:12] === Monitor check complete ===
[2026-05-11 03:18:12] === Monitor check ===
[2026-05-11 03:18:12] Job 'finetune_k562plus10_transformer' is running (ID=3991616, state=RUNNING).
[2026-05-11 03:18:12] WARNING lines in last 100: 0
[2026-05-11 03:18:12] === Monitor check complete ===
[2026-05-11 03:28:12] === Monitor check ===
[2026-05-11 03:28:12] Job 'finetune_k562plus10_transformer' is running (ID=3991616, state=RUNNING).
[2026-05-11 03:28:13] WARNING lines in last 100: 0
[2026-05-11 03:28:13] === Monitor check complete ===
[2026-05-11 03:38:13] === Monitor check ===
[2026-05-11 03:38:13] Job 'finetune_k562plus10_transformer' is running (ID=3991616, state=RUNNING).
[2026-05-11 03:38:13] WARNING lines in last 100: 0
[2026-05-11 03:38:13] === Monitor check complete ===
[2026-05-11 03:48:13] === Monitor check ===
[2026-05-11 03:48:14] Job 'finetune_k562plus10_transformer' is running (ID=3991616, state=RUNNING).
[2026-05-11 03:48:14] WARNING lines in last 100: 0
[2026-05-11 03:48:14] === Monitor check complete ===
[2026-05-11 03:58:14] === Monitor check ===
[2026-05-11 03:58:14] Job 'finetune_k562plus10_transformer' is running (ID=3991616, state=RUNNING).
[2026-05-11 03:58:15] WARNING lines in last 100: 0
[2026-05-11 03:58:15] === Monitor check complete ===
[2026-05-11 04:08:15] === Monitor check ===
[2026-05-11 04:08:15] Job 'finetune_k562plus10_transformer' is running (ID=3991616, state=RUNNING).
[2026-05-11 04:08:15] WARNING lines in last 100: 0
[2026-05-11 04:08:15] === Monitor check complete ===
[2026-05-11 04:18:15] === Monitor check ===
[2026-05-11 04:18:15] Job 'finetune_k562plus10_transformer' is running (ID=3991616, state=RUNNING).
[2026-05-11 04:18:16] WARNING lines in last 100: 0
[2026-05-11 04:18:16] === Monitor check complete ===
[2026-05-11 04:28:16] === Monitor check ===
[2026-05-11 04:28:16] Job 'finetune_k562plus10_transformer' is running (ID=3991616, state=RUNNING).
[2026-05-11 04:28:16] WARNING lines in last 100: 0
[2026-05-11 04:28:16] === Monitor check complete ===
[2026-05-11 04:38:17] === Monitor check ===
[2026-05-11 04:38:17] Job 'finetune_k562plus10_transformer' is running (ID=3991616, state=RUNNING).
[2026-05-11 04:38:17] WARNING lines in last 100: 0
[2026-05-11 04:38:17] === Monitor check complete ===
[2026-05-11 04:48:17] === Monitor check ===
[2026-05-11 04:48:17] Job 'finetune_k562plus10_transformer' is running (ID=3991616, state=RUNNING).
[2026-05-11 04:48:17] WARNING lines in last 100: 0
[2026-05-11 04:48:17] === Monitor check complete ===
[2026-05-11 04:58:17] === Monitor check ===
[2026-05-11 04:58:17] Job 'finetune_k562plus10_transformer' is running (ID=3991616, state=RUNNING).
[2026-05-11 04:58:18] WARNING lines in last 100: 0
[2026-05-11 04:58:18] === Monitor check complete ===
[2026-05-11 05:08:18] === Monitor check ===
[2026-05-11 05:08:18] Job 'finetune_k562plus10_transformer' is running (ID=3991616, state=RUNNING).
[2026-05-11 05:08:18] WARNING lines in last 100: 0
[2026-05-11 05:08:18] === Monitor check complete ===
[2026-05-11 05:18:18] === Monitor check ===
[2026-05-11 05:18:18] Job 'finetune_k562plus10_transformer' is running (ID=3991616, state=RUNNING).
[2026-05-11 05:18:18] WARNING lines in last 100: 0
[2026-05-11 05:18:18] === Monitor check complete ===
[2026-05-11 05:28:18] === Monitor check ===
[2026-05-11 05:28:18] Job 'finetune_k562plus10_transformer' is running (ID=3991616, state=RUNNING).
[2026-05-11 05:28:19] WARNING lines in last 100: 0
[2026-05-11 05:28:19] === Monitor check complete ===
[2026-05-11 05:38:19] === Monitor check ===
[2026-05-11 05:38:19] Job 'finetune_k562plus10_transformer' is running (ID=3991616, state=RUNNING).
[2026-05-11 05:38:19] WARNING lines in last 100: 0
[2026-05-11 05:38:19] === Monitor check complete ===
[2026-05-11 05:48:19] === Monitor check ===
[2026-05-11 05:48:19] Job 'finetune_k562plus10_transformer' is running (ID=3991616, state=RUNNING).
[2026-05-11 05:48:19] WARNING lines in last 100: 0
[2026-05-11 05:48:19] === Monitor check complete ===
[2026-05-11 05:58:19] === Monitor check ===
[2026-05-11 05:58:19] Job 'finetune_k562plus10_transformer' is running (ID=3991616, state=RUNNING).
[2026-05-11 05:58:20] WARNING lines in last 100: 0
[2026-05-11 05:58:20] === Monitor check complete ===
[2026-05-11 06:08:20] === Monitor check ===
[2026-05-11 06:08:20] Job 'finetune_k562plus10_transformer' is running (ID=3991616, state=RUNNING).
[2026-05-11 06:08:20] WARNING lines in last 100: 0
[2026-05-11 06:08:20] === Monitor check complete ===
[2026-05-11 06:18:20] === Monitor check ===
[2026-05-11 06:18:20] Job 'finetune_k562plus10_transformer' is running (ID=3991616, state=RUNNING).
[2026-05-11 06:18:21] WARNING lines in last 100: 0
[2026-05-11 06:18:21] === Monitor check complete ===
[2026-05-11 06:28:21] === Monitor check ===
[2026-05-11 06:28:21] Job 'finetune_k562plus10_transformer' is running (ID=3991616, state=RUNNING).
[2026-05-11 06:28:21] WARNING lines in last 100: 0
[2026-05-11 06:28:21] === Monitor check complete ===
[2026-05-11 06:38:21] === Monitor check ===
[2026-05-11 06:38:21] Job 'finetune_k562plus10_transformer' is running (ID=3991616, state=RUNNING).
[2026-05-11 06:38:21] WARNING lines in last 100: 0
[2026-05-11 06:38:21] === Monitor check complete ===
[2026-05-11 06:48:21] === Monitor check ===
[2026-05-11 06:48:21] Job 'finetune_k562plus10_transformer' is running (ID=3991616, state=RUNNING).
[2026-05-11 06:48:22] WARNING lines in last 100: 0
[2026-05-11 06:48:22] === Monitor check complete ===
[2026-05-11 06:58:22] === Monitor check ===
[2026-05-11 06:58:22] Job 'finetune_k562plus10_transformer' is running (ID=3991616, state=RUNNING).
[2026-05-11 06:58:22] WARNING lines in last 100: 0
[2026-05-11 06:58:22] === Monitor check complete ===
[2026-05-11 07:08:22] === Monitor check ===
[2026-05-11 07:08:22] Job 'finetune_k562plus10_transformer' is running (ID=3991616, state=RUNNING).
[2026-05-11 07:08:22] WARNING lines in last 100: 0
[2026-05-11 07:08:22] === Monitor check complete ===
[2026-05-11 07:18:22] === Monitor check ===
[2026-05-11 07:18:23] Job 'finetune_k562plus10_transformer' is running (ID=3991616, state=RUNNING).
[2026-05-11 07:18:23] WARNING lines in last 100: 0
[2026-05-11 07:18:23] === Monitor check complete ===
[2026-05-11 07:28:23] === Monitor check ===
[2026-05-11 07:28:24] Job 'finetune_k562plus10_transformer' is running (ID=3991616, state=RUNNING).
[2026-05-11 07:28:24] WARNING lines in last 100: 0
[2026-05-11 07:28:24] === Monitor check complete ===
[2026-05-11 07:38:24] === Monitor check ===
[2026-05-11 07:38:24] Job 'finetune_k562plus10_transformer' is running (ID=3991616, state=RUNNING).
[2026-05-11 07:38:25] WARNING lines in last 100: 0
[2026-05-11 07:38:25] === Monitor check complete ===
[2026-05-11 07:48:25] === Monitor check ===
[2026-05-11 07:48:25] Job 'finetune_k562plus10_transformer' is running (ID=3991616, state=RUNNING).
[2026-05-11 07:48:25] WARNING lines in last 100: 0
[2026-05-11 07:48:25] === Monitor check complete ===
[2026-05-11 07:58:25] === Monitor check ===
[2026-05-11 07:58:26] Job 'finetune_k562plus10_transformer' is running (ID=3991616, state=RUNNING).
[2026-05-11 07:58:26] WARNING lines in last 100: 0
[2026-05-11 07:58:26] === Monitor check complete ===
[2026-05-11 08:08:26] === Monitor check ===
[2026-05-11 08:08:26] Job 'finetune_k562plus10_transformer' is running (ID=3991616, state=RUNNING).
[2026-05-11 08:08:26] WARNING lines in last 100: 0
[2026-05-11 08:08:26] === Monitor check complete ===
[2026-05-11 08:18:26] === Monitor check ===
[2026-05-11 08:18:27] Job 'finetune_k562plus10_transformer' is running (ID=3991616, state=RUNNING).
[2026-05-11 08:18:28] WARNING lines in last 100: 0
[2026-05-11 08:18:28] === Monitor check complete ===
[2026-05-11 08:28:28] === Monitor check ===
[2026-05-11 08:28:28] Job 'finetune_k562plus10_transformer' is running (ID=3991616, state=RUNNING).
[2026-05-11 08:28:28] WARNING lines in last 100: 0
[2026-05-11 08:28:28] === Monitor check complete ===
[2026-05-11 08:38:28] === Monitor check ===
[2026-05-11 08:38:28] Job 'finetune_k562plus10_transformer' is running (ID=3991616, state=RUNNING).
[2026-05-11 08:38:28] WARNING lines in last 100: 0
[2026-05-11 08:38:28] === Monitor check complete ===
[2026-05-11 08:48:28] === Monitor check ===
[2026-05-11 08:48:29] Job 'finetune_k562plus10_transformer' is running (ID=3991616, state=RUNNING).
[2026-05-11 08:48:29] WARNING lines in last 100: 0
[2026-05-11 08:48:29] === Monitor check complete ===
[2026-05-11 08:58:29] === Monitor check ===
[2026-05-11 08:58:29] Job 'finetune_k562plus10_transformer' is running (ID=3991616, state=RUNNING).
[2026-05-11 08:58:30] WARNING lines in last 100: 0
[2026-05-11 08:58:30] === Monitor check complete ===
[2026-05-11 09:08:30] === Monitor check ===
[2026-05-11 09:08:30] Job 'finetune_k562plus10_transformer' is running (ID=3991616, state=RUNNING).
[2026-05-11 09:08:30] WARNING lines in last 100: 0
[2026-05-11 09:08:30] === Monitor check complete ===
[2026-05-11 09:18:30] === Monitor check ===
[2026-05-11 09:18:30] Job 'finetune_k562plus10_transformer' is running (ID=3991616, state=RUNNING).
[2026-05-11 09:18:31] WARNING lines in last 100: 0
[2026-05-11 09:18:31] === Monitor check complete ===
[2026-05-11 09:28:31] === Monitor check ===
[2026-05-11 09:28:32] Job 'finetune_k562plus10_transformer' is running (ID=3991616, state=RUNNING).
[2026-05-11 09:28:32] WARNING lines in last 100: 0
[2026-05-11 09:28:32] === Monitor check complete ===
[2026-05-11 09:38:32] === Monitor check ===
[2026-05-11 09:38:32] Job 'finetune_k562plus10_transformer' is running (ID=3991616, state=RUNNING).
[2026-05-11 09:38:32] WARNING lines in last 100: 0
[2026-05-11 09:38:32] === Monitor check complete ===
[2026-05-11 09:48:32] === Monitor check ===
[2026-05-11 09:48:32] Job 'finetune_k562plus10_transformer' is running (ID=3991616, state=RUNNING).
[2026-05-11 09:48:33] WARNING lines in last 100: 0
[2026-05-11 09:48:33] === Monitor check complete ===
[2026-05-11 09:58:33] === Monitor check ===
[2026-05-11 09:58:34] Job 'finetune_k562plus10_transformer' is running (ID=3991616, state=RUNNING).
[2026-05-11 09:58:34] WARNING lines in last 100: 0
[2026-05-11 09:58:34] === Monitor check complete ===
[2026-05-11 10:08:34] === Monitor check ===
[2026-05-11 10:08:34] Job 'finetune_k562plus10_transformer' is running (ID=3991616, state=RUNNING).
[2026-05-11 10:08:34] WARNING lines in last 100: 0
[2026-05-11 10:08:34] === Monitor check complete ===
[2026-05-11 10:18:34] === Monitor check ===
[2026-05-11 10:18:35] Job 'finetune_k562plus10_transformer' is running (ID=3991616, state=RUNNING).
[2026-05-11 10:18:35] WARNING lines in last 100: 0
[2026-05-11 10:18:35] === Monitor check complete ===
[2026-05-11 10:28:35] === Monitor check ===
[2026-05-11 10:28:36] Job 'finetune_k562plus10_transformer' is running (ID=3991616, state=RUNNING).
[2026-05-11 10:28:36] WARNING lines in last 100: 0
[2026-05-11 10:28:36] === Monitor check complete ===
[2026-05-11 10:38:36] === Monitor check ===
[2026-05-11 10:38:36] Job 'finetune_k562plus10_transformer' is running (ID=3991616, state=RUNNING).
[2026-05-11 10:38:37] WARNING lines in last 100: 0
[2026-05-11 10:38:37] === Monitor check complete ===
[2026-05-11 10:48:37] === Monitor check ===
[2026-05-11 10:48:37] Job 'finetune_k562plus10_transformer' is running (ID=3991616, state=RUNNING).
[2026-05-11 10:48:37] WARNING lines in last 100: 0
[2026-05-11 10:48:37] === Monitor check complete ===
[2026-05-11 10:58:38] === Monitor check ===
[2026-05-11 10:58:38] Job 'finetune_k562plus10_transformer' is running (ID=3991616, state=RUNNING).
[2026-05-11 10:58:38] WARNING lines in last 100: 0
[2026-05-11 10:58:38] === Monitor check complete ===
[2026-05-11 11:08:38] === Monitor check ===
[2026-05-11 11:08:38] Job 'finetune_k562plus10_transformer' is running (ID=3991616, state=RUNNING).
[2026-05-11 11:08:39] WARNING lines in last 100: 0
[2026-05-11 11:08:39] === Monitor check complete ===
[2026-05-11 11:18:39] === Monitor check ===
[2026-05-11 11:18:39] Job 'finetune_k562plus10_transformer' is running (ID=3991616, state=RUNNING).
[2026-05-11 11:18:39] WARNING lines in last 100: 0
[2026-05-11 11:18:39] === Monitor check complete ===
[2026-05-11 11:28:39] === Monitor check ===
[2026-05-11 11:28:39] Job 'finetune_k562plus10_transformer' is running (ID=3991616, state=RUNNING).
[2026-05-11 11:28:40] WARNING lines in last 100: 0
[2026-05-11 11:28:40] === Monitor check complete ===
[2026-05-11 11:38:40] === Monitor check ===
[2026-05-11 11:38:40] Job 'finetune_k562plus10_transformer' is running (ID=3991616, state=RUNNING).
[2026-05-11 11:38:40] WARNING lines in last 100: 0
[2026-05-11 11:38:40] === Monitor check complete ===
[2026-05-11 11:48:40] === Monitor check ===
[2026-05-11 11:48:40] Job 'finetune_k562plus10_transformer' is running (ID=3991616, state=RUNNING).
[2026-05-11 11:48:41] WARNING lines in last 100: 0
[2026-05-11 11:48:41] === Monitor check complete ===
[2026-05-11 11:58:41] === Monitor check ===
[2026-05-11 11:58:41] Job 'finetune_k562plus10_transformer' is running (ID=3991616, state=RUNNING).
[2026-05-11 11:58:42] WARNING lines in last 100: 0
[2026-05-11 11:58:42] === Monitor check complete ===
[2026-05-11 12:08:42] === Monitor check ===
[2026-05-11 12:08:42] Job 'finetune_k562plus10_transformer' is running (ID=3991616, state=RUNNING).
[2026-05-11 12:08:42] WARNING lines in last 100: 0
[2026-05-11 12:08:42] === Monitor check complete ===
[2026-05-11 12:18:42] === Monitor check ===
[2026-05-11 12:18:42] Job 'finetune_k562plus10_transformer' is running (ID=3991616, state=RUNNING).
[2026-05-11 12:18:43] WARNING lines in last 100: 0
[2026-05-11 12:18:43] === Monitor check complete ===
[2026-05-11 12:28:43] === Monitor check ===
[2026-05-11 12:28:43] Job 'finetune_k562plus10_transformer' is running (ID=3991616, state=RUNNING).
[2026-05-11 12:28:43] WARNING lines in last 100: 0
[2026-05-11 12:28:43] === Monitor check complete ===
[2026-05-11 12:38:43] === Monitor check ===
[2026-05-11 12:38:43] Job 'finetune_k562plus10_transformer' is running (ID=3991616, state=RUNNING).
[2026-05-11 12:38:44] WARNING lines in last 100: 0
[2026-05-11 12:38:44] === Monitor check complete ===
[2026-05-11 12:48:44] === Monitor check ===
[2026-05-11 12:48:44] Job 'finetune_k562plus10_transformer' is running (ID=3991616, state=RUNNING).
[2026-05-11 12:48:44] WARNING lines in last 100: 0
[2026-05-11 12:48:44] === Monitor check complete ===
[2026-05-11 12:58:44] === Monitor check ===
[2026-05-11 12:58:45] Job 'finetune_k562plus10_transformer' is running (ID=3991616, state=RUNNING).
[2026-05-11 12:58:45] WARNING lines in last 100: 0
[2026-05-11 12:58:45] === Monitor check complete ===
[2026-05-11 13:08:45] === Monitor check ===
[2026-05-11 13:08:45] Job 'finetune_k562plus10_transformer' is running (ID=3991616, state=RUNNING).
[2026-05-11 13:08:46] WARNING lines in last 100: 0
[2026-05-11 13:08:46] === Monitor check complete ===
[2026-05-11 13:18:46] === Monitor check ===
[2026-05-11 13:18:46] Job 'finetune_k562plus10_transformer' is running (ID=3991616, state=RUNNING).
[2026-05-11 13:18:46] WARNING lines in last 100: 0
[2026-05-11 13:18:46] === Monitor check complete ===
[2026-05-11 13:28:46] === Monitor check ===
[2026-05-11 13:28:47] Job 'finetune_k562plus10_transformer' is running (ID=3991616, state=RUNNING).
[2026-05-11 13:28:48] WARNING lines in last 100: 0
[2026-05-11 13:28:48] === Monitor check complete ===
[2026-05-11 13:38:48] === Monitor check ===
[2026-05-11 13:38:48] Job 'finetune_k562plus10_transformer' is running (ID=3991616, state=RUNNING).
[2026-05-11 13:38:48] WARNING lines in last 100: 0
[2026-05-11 13:38:48] === Monitor check complete ===
[2026-05-11 13:48:48] === Monitor check ===
[2026-05-11 13:48:48] Job 'finetune_k562plus10_transformer' is running (ID=3991616, state=RUNNING).
[2026-05-11 13:48:49] WARNING lines in last 100: 0
[2026-05-11 13:48:49] === Monitor check complete ===
[2026-05-11 13:58:49] === Monitor check ===
[2026-05-11 13:58:49] Job 'finetune_k562plus10_transformer' is running (ID=3991616, state=RUNNING).
[2026-05-11 13:58:50] WARNING lines in last 100: 0
[2026-05-11 13:58:50] === Monitor check complete ===
[2026-05-11 14:08:50] === Monitor check ===
[2026-05-11 14:08:50] Job 'finetune_k562plus10_transformer' is running (ID=3991616, state=RUNNING).
[2026-05-11 14:08:51] WARNING lines in last 100: 0
[2026-05-11 14:08:51] === Monitor check complete ===
[2026-05-11 14:18:51] === Monitor check ===
[2026-05-11 14:18:51] Job 'finetune_k562plus10_transformer' is running (ID=3991616, state=RUNNING).
[2026-05-11 14:18:51] WARNING lines in last 100: 0
[2026-05-11 14:18:51] === Monitor check complete ===
[2026-05-11 14:28:51] === Monitor check ===
[2026-05-11 14:28:51] Job 'finetune_k562plus10_transformer' is running (ID=3991616, state=RUNNING).
[2026-05-11 14:28:52] WARNING lines in last 100: 0
[2026-05-11 14:28:52] === Monitor check complete ===
[2026-05-11 14:38:52] === Monitor check ===
[2026-05-11 14:38:52] Job 'finetune_k562plus10_transformer' is running (ID=3991616, state=RUNNING).
[2026-05-11 14:38:52] WARNING lines in last 100: 0
[2026-05-11 14:38:52] === Monitor check complete ===
[2026-05-11 14:48:52] === Monitor check ===
[2026-05-11 14:48:52] Job 'finetune_k562plus10_transformer' is running (ID=3991616, state=RUNNING).
[2026-05-11 14:48:53] WARNING lines in last 100: 0
[2026-05-11 14:48:53] === Monitor check complete ===
[2026-05-11 14:58:53] === Monitor check ===
[2026-05-11 14:58:54] Job 'finetune_k562plus10_transformer' is running (ID=3991616, state=RUNNING).
[2026-05-11 14:58:54] WARNING lines in last 100: 0
[2026-05-11 14:58:54] === Monitor check complete ===
[2026-05-11 15:08:54] === Monitor check ===
[2026-05-11 15:08:54] Job 'finetune_k562plus10_transformer' is running (ID=3991616, state=RUNNING).
[2026-05-11 15:08:55] WARNING lines in last 100: 0
[2026-05-11 15:08:55] === Monitor check complete ===
[2026-05-11 15:18:55] === Monitor check ===
[2026-05-11 15:18:55] Job 'finetune_k562plus10_transformer' is running (ID=3991616, state=RUNNING).
[2026-05-11 15:18:55] WARNING lines in last 100: 0
[2026-05-11 15:18:55] === Monitor check complete ===
[2026-05-11 15:28:55] === Monitor check ===
[2026-05-11 15:28:55] Job 'finetune_k562plus10_transformer' is running (ID=3991616, state=RUNNING).
[2026-05-11 15:28:56] WARNING lines in last 100: 0
[2026-05-11 15:28:56] === Monitor check complete ===
[2026-05-11 15:38:56] === Monitor check ===
[2026-05-11 15:38:57] Job 'finetune_k562plus10_transformer' is running (ID=3991616, state=RUNNING).
[2026-05-11 15:38:57] WARNING lines in last 100: 0
[2026-05-11 15:38:57] === Monitor check complete ===
[2026-05-11 15:48:57] === Monitor check ===
[2026-05-11 15:48:57] Job 'finetune_k562plus10_transformer' is running (ID=3991616, state=RUNNING).
[2026-05-11 15:48:58] WARNING lines in last 100: 0
[2026-05-11 15:48:58] === Monitor check complete ===
[2026-05-11 15:58:58] === Monitor check ===
[2026-05-11 15:58:59] Job 'finetune_k562plus10_transformer' is running (ID=3991616, state=RUNNING).
[2026-05-11 15:59:00] WARNING lines in last 100: 0
[2026-05-11 15:59:00] === Monitor check complete ===
[2026-05-11 16:09:00] === Monitor check ===
[2026-05-11 16:09:00] Job 'finetune_k562plus10_transformer' is running (ID=3991616, state=RUNNING).
[2026-05-11 16:09:01] WARNING lines in last 100: 0
[2026-05-11 16:09:01] === Monitor check complete ===
[2026-05-11 16:19:01] === Monitor check ===
[2026-05-11 16:19:01] Job 'finetune_k562plus10_transformer' is running (ID=3991616, state=RUNNING).
[2026-05-11 16:19:02] WARNING lines in last 100: 0
[2026-05-11 16:19:02] === Monitor check complete ===
[2026-05-11 16:29:02] === Monitor check ===
[2026-05-11 16:29:02] Job 'finetune_k562plus10_transformer' is running (ID=3991616, state=RUNNING).
[2026-05-11 16:29:02] WARNING lines in last 100: 0
[2026-05-11 16:29:02] === Monitor check complete ===
[2026-05-11 16:39:02] === Monitor check ===
[2026-05-11 16:39:03] Job 'finetune_k562plus10_transformer' is running (ID=3991616, state=RUNNING).
[2026-05-11 16:39:04] WARNING lines in last 100: 0
[2026-05-11 16:39:04] === Monitor check complete ===
[2026-05-11 16:49:04] === Monitor check ===
[2026-05-11 16:49:04] Job 'finetune_k562plus10_transformer' is running (ID=3991616, state=RUNNING).
[2026-05-11 16:49:04] WARNING lines in last 100: 0
[2026-05-11 16:49:04] === Monitor check complete ===
[2026-05-11 16:59:04] === Monitor check ===
[2026-05-11 16:59:04] Job 'finetune_k562plus10_transformer' is running (ID=3991616, state=RUNNING).
[2026-05-11 16:59:05] WARNING lines in last 100: 0
[2026-05-11 16:59:05] === Monitor check complete ===
[2026-05-11 17:09:05] === Monitor check ===
[2026-05-11 17:09:05] Job 'finetune_k562plus10_transformer' is running (ID=3991616, state=RUNNING).
[2026-05-11 17:09:06] WARNING lines in last 100: 0
[2026-05-11 17:09:06] === Monitor check complete ===
[2026-05-11 17:19:06] === Monitor check ===
[2026-05-11 17:19:06] Job 'finetune_k562plus10_transformer' is running (ID=3991616, state=RUNNING).
[2026-05-11 17:19:06] WARNING lines in last 100: 0
[2026-05-11 17:19:06] === Monitor check complete ===
[2026-05-11 17:29:06] === Monitor check ===
[2026-05-11 17:29:07] Job 'finetune_k562plus10_transformer' is running (ID=3991616, state=RUNNING).
[2026-05-11 17:29:08] WARNING lines in last 100: 0
[2026-05-11 17:29:08] === Monitor check complete ===
[2026-05-11 17:39:08] === Monitor check ===
[2026-05-11 17:39:08] Job 'finetune_k562plus10_transformer' is running (ID=3991616, state=RUNNING).
[2026-05-11 17:39:08] WARNING lines in last 100: 0
[2026-05-11 17:39:08] === Monitor check complete ===
[2026-05-11 17:49:08] === Monitor check ===
[2026-05-11 17:49:09] Job 'finetune_k562plus10_transformer' is running (ID=3991616, state=RUNNING).
[2026-05-11 17:49:09] WARNING lines in last 100: 0
[2026-05-11 17:49:09] === Monitor check complete ===
[2026-05-11 17:59:09] === Monitor check ===
[2026-05-11 17:59:09] Job 'finetune_k562plus10_transformer' is running (ID=3991616, state=RUNNING).
[2026-05-11 17:59:10] WARNING lines in last 100: 0
[2026-05-11 17:59:10] === Monitor check complete ===
[2026-05-11 18:09:10] === Monitor check ===
[2026-05-11 18:09:10] Job 'finetune_k562plus10_transformer' is running (ID=3991616, state=RUNNING).
[2026-05-11 18:09:11] WARNING lines in last 100: 0
[2026-05-11 18:09:11] === Monitor check complete ===
[2026-05-11 18:19:11] === Monitor check ===
[2026-05-11 18:19:11] Job 'finetune_k562plus10_transformer' is running (ID=3991616, state=RUNNING).
[2026-05-11 18:19:11] WARNING lines in last 100: 0
[2026-05-11 18:19:11] === Monitor check complete ===
[2026-05-11 18:29:11] === Monitor check ===
[2026-05-11 18:29:11] Job 'finetune_k562plus10_transformer' is running (ID=3991616, state=RUNNING).
[2026-05-11 18:29:12] WARNING lines in last 100: 0
[2026-05-11 18:29:12] === Monitor check complete ===
[2026-05-11 18:39:12] === Monitor check ===
[2026-05-11 18:39:12] Job 'finetune_k562plus10_transformer' is running (ID=3991616, state=RUNNING).
[2026-05-11 18:39:13] WARNING lines in last 100: 0
[2026-05-11 18:39:13] === Monitor check complete ===
[2026-05-11 18:49:13] === Monitor check ===
[2026-05-11 18:49:13] Job 'finetune_k562plus10_transformer' is running (ID=3991616, state=RUNNING).
[2026-05-11 18:49:13] WARNING lines in last 100: 0
[2026-05-11 18:49:13] === Monitor check complete ===
[2026-05-11 18:59:13] === Monitor check ===
[2026-05-11 18:59:14] Job 'finetune_k562plus10_transformer' is running (ID=3991616, state=RUNNING).
[2026-05-11 18:59:15] WARNING lines in last 100: 0
[2026-05-11 18:59:15] === Monitor check complete ===
[2026-05-11 19:09:15] === Monitor check ===
[2026-05-11 19:09:15] Job 'finetune_k562plus10_transformer' is running (ID=3991616, state=RUNNING).
[2026-05-11 19:09:15] WARNING lines in last 100: 0
[2026-05-11 19:09:15] === Monitor check complete ===
[2026-05-11 19:19:15] === Monitor check ===
[2026-05-11 19:19:15] Job 'finetune_k562plus10_transformer' is running (ID=3991616, state=RUNNING).
[2026-05-11 19:19:16] WARNING lines in last 100: 0
[2026-05-11 19:19:16] === Monitor check complete ===
[2026-05-11 19:29:16] === Monitor check ===
[2026-05-11 19:29:16] Job 'finetune_k562plus10_transformer' is running (ID=3991616, state=RUNNING).
[2026-05-11 19:29:17] WARNING lines in last 100: 0
[2026-05-11 19:29:17] === Monitor check complete ===
[2026-05-11 19:39:17] === Monitor check ===
[2026-05-11 19:39:18] Job 'finetune_k562plus10_transformer' is running (ID=3991616, state=RUNNING).
[2026-05-11 19:39:18] WARNING lines in last 100: 0
[2026-05-11 19:39:18] === Monitor check complete ===
[2026-05-11 19:49:18] === Monitor check ===
[2026-05-11 19:49:19] Job 'finetune_k562plus10_transformer' is running (ID=3991616, state=RUNNING).
[2026-05-11 19:49:19] WARNING lines in last 100: 0
[2026-05-11 19:49:19] === Monitor check complete ===
[2026-05-11 19:59:19] === Monitor check ===
[2026-05-11 19:59:19] Job 'finetune_k562plus10_transformer' is running (ID=3991616, state=RUNNING).
[2026-05-11 19:59:20] WARNING lines in last 100: 0
[2026-05-11 19:59:20] === Monitor check complete ===
[2026-05-11 20:09:20] === Monitor check ===
[2026-05-11 20:09:20] Job 'finetune_k562plus10_transformer' is running (ID=3991616, state=RUNNING).
[2026-05-11 20:09:20] WARNING lines in last 100: 0
[2026-05-11 20:09:20] === Monitor check complete ===
[2026-05-11 20:19:20] === Monitor check ===
[2026-05-11 20:19:20] Job 'finetune_k562plus10_transformer' is running (ID=3991616, state=RUNNING).
[2026-05-11 20:19:21] WARNING lines in last 100: 0
[2026-05-11 20:19:21] === Monitor check complete ===
[2026-05-11 20:29:21] === Monitor check ===
[2026-05-11 20:29:21] Job 'finetune_k562plus10_transformer' is running (ID=3991616, state=RUNNING).
[2026-05-11 20:29:22] WARNING lines in last 100: 0
[2026-05-11 20:29:22] === Monitor check complete ===
[2026-05-11 20:39:22] === Monitor check ===
[2026-05-11 20:39:23] Job 'finetune_k562plus10_transformer' is running (ID=3991616, state=RUNNING).
[2026-05-11 20:39:23] WARNING lines in last 100: 0
[2026-05-11 20:39:23] === Monitor check complete ===
[2026-05-11 20:49:23] === Monitor check ===
[2026-05-11 20:49:23] Job 'finetune_k562plus10_transformer' is running (ID=3991616, state=RUNNING).
[2026-05-11 20:49:24] WARNING lines in last 100: 0
[2026-05-11 20:49:24] === Monitor check complete ===
[2026-05-11 20:59:24] === Monitor check ===
[2026-05-11 20:59:24] Job 'finetune_k562plus10_transformer' is running (ID=3991616, state=RUNNING).
[2026-05-11 20:59:25] WARNING lines in last 100: 0
[2026-05-11 20:59:25] === Monitor check complete ===
[2026-05-11 21:09:25] === Monitor check ===
[2026-05-11 21:09:25] Job 'finetune_k562plus10_transformer' is running (ID=3991616, state=RUNNING).
[2026-05-11 21:09:26] WARNING lines in last 100: 0
[2026-05-11 21:09:26] === Monitor check complete ===
[2026-05-11 21:19:26] === Monitor check ===
[2026-05-11 21:19:26] Job 'finetune_k562plus10_transformer' is running (ID=3991616, state=RUNNING).
[2026-05-11 21:19:26] WARNING lines in last 100: 0
[2026-05-11 21:19:26] === Monitor check complete ===
[2026-05-11 21:29:26] === Monitor check ===
[2026-05-11 21:29:27] Job 'finetune_k562plus10_transformer' is running (ID=3991616, state=RUNNING).
[2026-05-11 21:29:27] WARNING lines in last 100: 0
[2026-05-11 21:29:27] === Monitor check complete ===
[2026-05-11 21:39:27] === Monitor check ===
[2026-05-11 21:39:27] Job 'finetune_k562plus10_transformer' is running (ID=3991616, state=RUNNING).
[2026-05-11 21:39:28] WARNING lines in last 100: 0
[2026-05-11 21:39:28] === Monitor check complete ===
[2026-05-11 21:49:28] === Monitor check ===
[2026-05-11 21:49:28] Job 'finetune_k562plus10_transformer' is running (ID=3991616, state=RUNNING).
[2026-05-11 21:49:29] WARNING lines in last 100: 0
[2026-05-11 21:49:29] === Monitor check complete ===
[2026-05-11 21:59:29] === Monitor check ===
[2026-05-11 21:59:29] Job 'finetune_k562plus10_transformer' is running (ID=3991616, state=RUNNING).
[2026-05-11 21:59:29] WARNING lines in last 100: 0
[2026-05-11 21:59:29] === Monitor check complete ===
[2026-05-11 22:09:29] === Monitor check ===
[2026-05-11 22:09:30] Job 'finetune_k562plus10_transformer' is running (ID=3991616, state=RUNNING).
[2026-05-11 22:09:30] WARNING lines in last 100: 0
[2026-05-11 22:09:30] === Monitor check complete ===
[2026-05-11 22:19:30] === Monitor check ===
[2026-05-11 22:19:30] Job 'finetune_k562plus10_transformer' is running (ID=3991616, state=RUNNING).
[2026-05-11 22:19:31] WARNING lines in last 100: 0
[2026-05-11 22:19:31] === Monitor check complete ===
[2026-05-11 22:29:31] === Monitor check ===
[2026-05-11 22:29:31] Job 'finetune_k562plus10_transformer' is running (ID=3991616, state=RUNNING).
[2026-05-11 22:29:32] WARNING lines in last 100: 0
[2026-05-11 22:29:32] === Monitor check complete ===
[2026-05-11 22:39:32] === Monitor check ===
[2026-05-11 22:39:32] Job 'finetune_k562plus10_transformer' is running (ID=3991616, state=RUNNING).
[2026-05-11 22:39:33] WARNING lines in last 100: 0
[2026-05-11 22:39:33] === Monitor check complete ===
[2026-05-11 22:49:33] === Monitor check ===
[2026-05-11 22:49:33] Job 'finetune_k562plus10_transformer' is running (ID=3991616, state=RUNNING).
[2026-05-11 22:49:33] WARNING lines in last 100: 0
[2026-05-11 22:49:33] === Monitor check complete ===
[2026-05-11 22:59:33] === Monitor check ===
[2026-05-11 22:59:33] Job 'finetune_k562plus10_transformer' is running (ID=3991616, state=RUNNING).
[2026-05-11 22:59:34] WARNING lines in last 100: 0
[2026-05-11 22:59:34] === Monitor check complete ===
[2026-05-11 23:09:34] === Monitor check ===
[2026-05-11 23:09:34] Job 'finetune_k562plus10_transformer' is running (ID=3991616, state=RUNNING).
[2026-05-11 23:09:35] WARNING lines in last 100: 0
[2026-05-11 23:09:35] === Monitor check complete ===
[2026-05-11 23:19:35] === Monitor check ===
[2026-05-11 23:19:36] Job 'finetune_k562plus10_transformer' is running (ID=3991616, state=RUNNING).
[2026-05-11 23:19:36] WARNING lines in last 100: 0
[2026-05-11 23:19:36] === Monitor check complete ===
[2026-05-11 23:29:36] === Monitor check ===
[2026-05-11 23:29:36] Job 'finetune_k562plus10_transformer' is running (ID=3991616, state=RUNNING).
[2026-05-11 23:29:37] WARNING lines in last 100: 0
[2026-05-11 23:29:37] === Monitor check complete ===
[2026-05-11 23:39:37] === Monitor check ===
[2026-05-11 23:39:37] Job 'finetune_k562plus10_transformer' is running (ID=3991616, state=RUNNING).
[2026-05-11 23:39:38] WARNING lines in last 100: 0
[2026-05-11 23:39:38] === Monitor check complete ===
[2026-05-11 23:49:38] === Monitor check ===
[2026-05-11 23:49:38] Job 'finetune_k562plus10_transformer' is running (ID=3991616, state=RUNNING).
[2026-05-11 23:49:39] WARNING lines in last 100: 0
[2026-05-11 23:49:39] === Monitor check complete ===
[2026-05-11 23:59:39] === Monitor check ===
[2026-05-11 23:59:39] Job 'finetune_k562plus10_transformer' is running (ID=3991616, state=RUNNING).
[2026-05-11 23:59:39] WARNING lines in last 100: 0
[2026-05-11 23:59:39] === Monitor check complete ===
[2026-05-12 00:09:39] === Monitor check ===
[2026-05-12 00:09:39] Job 'finetune_k562plus10_transformer' is running (ID=3991616, state=RUNNING).
[2026-05-12 00:09:40] WARNING lines in last 100: 0
[2026-05-12 00:09:40] === Monitor check complete ===
[2026-05-12 00:19:40] === Monitor check ===
[2026-05-12 00:19:41] Job 'finetune_k562plus10_transformer' is running (ID=3991616, state=RUNNING).
[2026-05-12 00:19:42] WARNING lines in last 100: 0
[2026-05-12 00:19:42] === Monitor check complete ===
[2026-05-12 00:29:42] === Monitor check ===
[2026-05-12 00:29:42] Job 'finetune_k562plus10_transformer' is running (ID=3991616, state=RUNNING).
[2026-05-12 00:29:44] WARNING lines in last 100: 0
[2026-05-12 00:29:44] === Monitor check complete ===
[2026-05-12 00:39:44] === Monitor check ===
[2026-05-12 00:39:44] Job 'finetune_k562plus10_transformer' is running (ID=3991616, state=RUNNING).
[2026-05-12 00:39:45] WARNING lines in last 100: 0
[2026-05-12 00:39:45] === Monitor check complete ===
[2026-05-12 00:49:45] === Monitor check ===
[2026-05-12 00:49:45] Job 'finetune_k562plus10_transformer' is running (ID=3991616, state=RUNNING).
[2026-05-12 00:49:47] WARNING lines in last 100: 0
[2026-05-12 00:49:47] === Monitor check complete ===
[2026-05-12 00:59:47] === Monitor check ===
[2026-05-12 00:59:47] Job 'finetune_k562plus10_transformer' is running (ID=3991616, state=RUNNING).
[2026-05-12 00:59:48] WARNING lines in last 100: 0
[2026-05-12 00:59:48] === Monitor check complete ===
[2026-05-12 01:09:48] === Monitor check ===
[2026-05-12 01:09:48] Job 'finetune_k562plus10_transformer' is running (ID=3991616, state=RUNNING).
[2026-05-12 01:09:49] WARNING lines in last 100: 0
[2026-05-12 01:09:49] === Monitor check complete ===
[2026-05-12 01:19:49] === Monitor check ===
[2026-05-12 01:19:49] Job 'finetune_k562plus10_transformer' is running (ID=3991616, state=RUNNING).
[2026-05-12 01:19:49] WARNING lines in last 100: 0
[2026-05-12 01:19:49] === Monitor check complete ===
[2026-05-12 01:29:49] === Monitor check ===
[2026-05-12 01:29:50] Job 'finetune_k562plus10_transformer' is running (ID=3991616, state=RUNNING).
[2026-05-12 01:29:51] WARNING lines in last 100: 0
[2026-05-12 01:29:51] === Monitor check complete ===
[2026-05-12 01:39:51] === Monitor check ===
[2026-05-12 01:39:51] Job 'finetune_k562plus10_transformer' is running (ID=3991616, state=RUNNING).
[2026-05-12 01:39:52] WARNING lines in last 100: 0
[2026-05-12 01:39:52] === Monitor check complete ===
[2026-05-12 01:49:52] === Monitor check ===
[2026-05-12 01:49:52] Job 'finetune_k562plus10_transformer' is running (ID=3991616, state=RUNNING).
[2026-05-12 01:49:53] WARNING lines in last 100: 0
[2026-05-12 01:49:53] === Monitor check complete ===
[2026-05-12 01:59:53] === Monitor check ===
[2026-05-12 01:59:53] Job 'finetune_k562plus10_transformer' is running (ID=3991616, state=RUNNING).
[2026-05-12 01:59:54] WARNING lines in last 100: 0
[2026-05-12 01:59:54] === Monitor check complete ===
[2026-05-12 02:09:54] === Monitor check ===
[2026-05-12 02:09:55] Job 'finetune_k562plus10_transformer' is running (ID=3991616, state=RUNNING).
[2026-05-12 02:09:56] WARNING lines in last 100: 0
[2026-05-12 02:09:56] === Monitor check complete ===
[2026-05-12 02:19:56] === Monitor check ===
[2026-05-12 02:19:56] Job 'finetune_k562plus10_transformer' is running (ID=3991616, state=RUNNING).
[2026-05-12 02:19:57] WARNING lines in last 100: 0
[2026-05-12 02:19:57] === Monitor check complete ===
[2026-05-12 02:29:57] === Monitor check ===
[2026-05-12 02:29:57] Job 'finetune_k562plus10_transformer' is running (ID=3991616, state=RUNNING).
[2026-05-12 02:29:58] WARNING lines in last 100: 0
[2026-05-12 02:29:58] === Monitor check complete ===
[2026-05-12 02:39:58] === Monitor check ===
[2026-05-12 02:39:58] Job 'finetune_k562plus10_transformer' is running (ID=3991616, state=RUNNING).
[2026-05-12 02:39:59] WARNING lines in last 100: 0
[2026-05-12 02:39:59] === Monitor check complete ===
[2026-05-12 02:49:59] === Monitor check ===
[2026-05-12 02:49:59] Job 'finetune_k562plus10_transformer' is running (ID=3991616, state=RUNNING).
[2026-05-12 02:50:00] WARNING lines in last 100: 0
[2026-05-12 02:50:00] === Monitor check complete ===
[2026-05-12 03:00:00] === Monitor check ===
[2026-05-12 03:00:00] Job 'finetune_k562plus10_transformer' is running (ID=3991616, state=RUNNING).
[2026-05-12 03:00:01] WARNING lines in last 100: 0
[2026-05-12 03:00:01] === Monitor check complete ===
[2026-05-12 03:10:01] === Monitor check ===
[2026-05-12 03:10:01] Job 'finetune_k562plus10_transformer' is running (ID=3991616, state=RUNNING).
[2026-05-12 03:10:03] WARNING lines in last 100: 0
[2026-05-12 03:10:03] === Monitor check complete ===
[2026-05-12 03:20:03] === Monitor check ===
[2026-05-12 03:20:04] Job 'finetune_k562plus10_transformer' is running (ID=3991616, state=RUNNING).
[2026-05-12 03:20:05] WARNING lines in last 100: 0
[2026-05-12 03:20:05] === Monitor check complete ===
[2026-05-12 03:30:05] === Monitor check ===
[2026-05-12 03:30:06] Job 'finetune_k562plus10_transformer' is running (ID=3991616, state=RUNNING).
[2026-05-12 03:30:07] WARNING lines in last 100: 0
[2026-05-12 03:30:07] === Monitor check complete ===
[2026-05-12 03:40:07] === Monitor check ===
[2026-05-12 03:40:07] Job 'finetune_k562plus10_transformer' is running (ID=3991616, state=RUNNING).
[2026-05-12 03:40:08] WARNING lines in last 100: 0
[2026-05-12 03:40:08] === Monitor check complete ===
[2026-05-12 03:50:08] === Monitor check ===
[2026-05-12 03:50:08] Job 'finetune_k562plus10_transformer' is running (ID=3991616, state=RUNNING).
[2026-05-12 03:50:09] WARNING lines in last 100: 0
[2026-05-12 03:50:09] === Monitor check complete ===
[2026-05-12 04:00:09] === Monitor check ===
[2026-05-12 04:00:09] Job 'finetune_k562plus10_transformer' is running (ID=3991616, state=RUNNING).
[2026-05-12 04:00:10] WARNING lines in last 100: 0
[2026-05-12 04:00:10] === Monitor check complete ===
[2026-05-12 04:10:10] === Monitor check ===
[2026-05-12 04:10:11] Job 'finetune_k562plus10_transformer' is running (ID=3991616, state=RUNNING).
[2026-05-12 04:10:12] WARNING lines in last 100: 0
[2026-05-12 04:10:12] === Monitor check complete ===
[2026-05-12 04:20:12] === Monitor check ===
[2026-05-12 04:20:12] Job 'finetune_k562plus10_transformer' is running (ID=3991616, state=RUNNING).
[2026-05-12 04:20:13] WARNING lines in last 100: 0
[2026-05-12 04:20:13] === Monitor check complete ===
[2026-05-12 04:30:13] === Monitor check ===
[2026-05-12 04:30:14] Job 'finetune_k562plus10_transformer' is running (ID=3991616, state=RUNNING).
[2026-05-12 04:30:15] WARNING lines in last 100: 0
[2026-05-12 04:30:15] === Monitor check complete ===
[2026-05-12 04:40:15] === Monitor check ===
[2026-05-12 04:40:15] Job 'finetune_k562plus10_transformer' is running (ID=3991616, state=RUNNING).
[2026-05-12 04:40:16] WARNING lines in last 100: 0
[2026-05-12 04:40:16] === Monitor check complete ===
[2026-05-12 04:50:16] === Monitor check ===
[2026-05-12 04:50:16] Job 'finetune_k562plus10_transformer' is running (ID=3991616, state=RUNNING).
[2026-05-12 04:50:16] WARNING lines in last 100: 0
[2026-05-12 04:50:16] === Monitor check complete ===
[2026-05-12 05:00:16] === Monitor check ===
[2026-05-12 05:00:16] Job 'finetune_k562plus10_transformer' is running (ID=3991616, state=RUNNING).
[2026-05-12 05:00:17] WARNING lines in last 100: 0
[2026-05-12 05:00:17] === Monitor check complete ===
[2026-05-12 05:10:17] === Monitor check ===
[2026-05-12 05:10:17] Job 'finetune_k562plus10_transformer' is running (ID=3991616, state=RUNNING).
[2026-05-12 05:10:18] WARNING lines in last 100: 0
[2026-05-12 05:10:18] === Monitor check complete ===
[2026-05-12 05:20:18] === Monitor check ===
[2026-05-12 05:20:19] Job 'finetune_k562plus10_transformer' is running (ID=3991616, state=RUNNING).
[2026-05-12 05:20:20] WARNING lines in last 100: 0
[2026-05-12 05:20:20] === Monitor check complete ===
[2026-05-12 05:30:20] === Monitor check ===
[2026-05-12 05:30:21] Job 'finetune_k562plus10_transformer' is running (ID=3991616, state=RUNNING).
[2026-05-12 05:30:22] WARNING lines in last 100: 0
[2026-05-12 05:30:22] === Monitor check complete ===
[2026-05-12 05:40:22] === Monitor check ===
[2026-05-12 05:40:22] Job 'finetune_k562plus10_transformer' is running (ID=3991616, state=RUNNING).
[2026-05-12 05:40:22] WARNING lines in last 100: 0
[2026-05-12 05:40:22] === Monitor check complete ===
[2026-05-12 05:50:22] === Monitor check ===
[2026-05-12 05:50:23] Job 'finetune_k562plus10_transformer' is running (ID=3991616, state=RUNNING).
[2026-05-12 05:50:23] WARNING lines in last 100: 0
[2026-05-12 05:50:24] === Monitor check complete ===
[2026-05-12 06:00:24] === Monitor check ===
[2026-05-12 06:00:24] Job 'finetune_k562plus10_transformer' is running (ID=3991616, state=RUNNING).
[2026-05-12 06:00:24] WARNING lines in last 100: 0
[2026-05-12 06:00:24] === Monitor check complete ===
[2026-05-12 06:10:24] === Monitor check ===
[2026-05-12 06:10:25] Job 'finetune_k562plus10_transformer' is running (ID=3991616, state=RUNNING).
[2026-05-12 06:10:25] WARNING lines in last 100: 0
[2026-05-12 06:10:25] === Monitor check complete ===
[2026-05-12 06:20:25] === Monitor check ===
[2026-05-12 06:20:25] Job 'finetune_k562plus10_transformer' is running (ID=3991616, state=RUNNING).
[2026-05-12 06:20:26] WARNING lines in last 100: 0
[2026-05-12 06:20:26] === Monitor check complete ===
[2026-05-12 06:30:26] === Monitor check ===
[2026-05-12 06:30:26] Job 'finetune_k562plus10_transformer' is running (ID=3991616, state=RUNNING).
[2026-05-12 06:30:27] WARNING lines in last 100: 0
[2026-05-12 06:30:27] === Monitor check complete ===
[2026-05-12 06:40:27] === Monitor check ===
[2026-05-12 06:40:27] Job 'finetune_k562plus10_transformer' is running (ID=3991616, state=RUNNING).
[2026-05-12 06:40:28] WARNING lines in last 100: 0
[2026-05-12 06:40:28] === Monitor check complete ===
[2026-05-12 06:50:28] === Monitor check ===
[2026-05-12 06:50:28] Job 'finetune_k562plus10_transformer' is running (ID=3991616, state=RUNNING).
[2026-05-12 06:50:29] WARNING lines in last 100: 0
[2026-05-12 06:50:29] === Monitor check complete ===
[2026-05-12 07:00:29] === Monitor check ===
[2026-05-12 07:00:29] Job 'finetune_k562plus10_transformer' is running (ID=3991616, state=RUNNING).
[2026-05-12 07:00:30] WARNING lines in last 100: 0
[2026-05-12 07:00:30] === Monitor check complete ===
[2026-05-12 07:10:30] === Monitor check ===
[2026-05-12 07:10:30] Job 'finetune_k562plus10_transformer' is running (ID=3991616, state=RUNNING).
[2026-05-12 07:10:31] WARNING lines in last 100: 0
[2026-05-12 07:10:31] === Monitor check complete ===
[2026-05-12 07:20:31] === Monitor check ===
[2026-05-12 07:20:31] Job 'finetune_k562plus10_transformer' is running (ID=3991616, state=RUNNING).
[2026-05-12 07:20:32] WARNING lines in last 100: 0
[2026-05-12 07:20:32] === Monitor check complete ===
[2026-05-12 07:30:32] === Monitor check ===
[2026-05-12 07:30:32] Job 'finetune_k562plus10_transformer' is running (ID=3991616, state=RUNNING).
[2026-05-12 07:30:33] WARNING lines in last 100: 0
[2026-05-12 07:30:33] === Monitor check complete ===
[2026-05-12 07:40:33] === Monitor check ===
[2026-05-12 07:40:34] Job 'finetune_k562plus10_transformer' is running (ID=3991616, state=RUNNING).
[2026-05-12 07:40:35] WARNING lines in last 100: 0
[2026-05-12 07:40:35] === Monitor check complete ===
[2026-05-12 07:50:35] === Monitor check ===
[2026-05-12 07:50:36] Job 'finetune_k562plus10_transformer' is running (ID=3991616, state=RUNNING).
[2026-05-12 07:50:37] WARNING lines in last 100: 0
[2026-05-12 07:50:37] === Monitor check complete ===
[2026-05-12 08:00:37] === Monitor check ===
[2026-05-12 08:00:37] Job 'finetune_k562plus10_transformer' is running (ID=3991616, state=RUNNING).
[2026-05-12 08:00:38] WARNING lines in last 100: 0
[2026-05-12 08:00:38] === Monitor check complete ===
[2026-05-12 08:10:38] === Monitor check ===
[2026-05-12 08:10:38] Job 'finetune_k562plus10_transformer' is running (ID=3991616, state=RUNNING).
[2026-05-12 08:10:38] WARNING lines in last 100: 0
[2026-05-12 08:10:38] === Monitor check complete ===
[2026-05-12 08:20:38] === Monitor check ===
[2026-05-12 08:20:39] Job 'finetune_k562plus10_transformer' is running (ID=3991616, state=RUNNING).
[2026-05-12 08:20:39] WARNING lines in last 100: 0
[2026-05-12 08:20:39] === Monitor check complete ===
[2026-05-12 08:30:39] === Monitor check ===
[2026-05-12 08:30:40] Job 'finetune_k562plus10_transformer' is running (ID=3991616, state=RUNNING).
[2026-05-12 08:30:41] WARNING lines in last 100: 0
[2026-05-12 08:30:41] === Monitor check complete ===
[2026-05-12 08:40:41] === Monitor check ===
[2026-05-12 08:40:41] Job 'finetune_k562plus10_transformer' is running (ID=3991616, state=RUNNING).
[2026-05-12 08:40:42] WARNING lines in last 100: 0
[2026-05-12 08:40:42] === Monitor check complete ===
[2026-05-12 08:50:42] === Monitor check ===
[2026-05-12 08:50:42] Job 'finetune_k562plus10_transformer' is running (ID=3991616, state=RUNNING).
[2026-05-12 08:50:43] WARNING lines in last 100: 0
[2026-05-12 08:50:43] === Monitor check complete ===
[2026-05-12 09:00:43] === Monitor check ===
[2026-05-12 09:00:44] Job 'finetune_k562plus10_transformer' is running (ID=3991616, state=RUNNING).
[2026-05-12 09:00:45] WARNING lines in last 100: 0
[2026-05-12 09:00:45] === Monitor check complete ===
[2026-05-12 09:10:45] === Monitor check ===
[2026-05-12 09:10:46] Job 'finetune_k562plus10_transformer' is running (ID=3991616, state=RUNNING).
[2026-05-12 09:10:47] WARNING lines in last 100: 0
[2026-05-12 09:10:47] === Monitor check complete ===
[2026-05-12 09:20:47] === Monitor check ===
[2026-05-12 09:20:47] Job 'finetune_k562plus10_transformer' is running (ID=3991616, state=RUNNING).
[2026-05-12 09:20:48] WARNING lines in last 100: 0
[2026-05-12 09:20:48] === Monitor check complete ===
[2026-05-12 09:30:48] === Monitor check ===
[2026-05-12 09:30:48] Job 'finetune_k562plus10_transformer' is running (ID=3991616, state=RUNNING).
[2026-05-12 09:30:49] WARNING lines in last 100: 0
[2026-05-12 09:30:49] === Monitor check complete ===
[2026-05-12 09:40:49] === Monitor check ===
[2026-05-12 09:40:50] Job 'finetune_k562plus10_transformer' is running (ID=3991616, state=RUNNING).
[2026-05-12 09:40:51] WARNING lines in last 100: 0
[2026-05-12 09:40:51] === Monitor check complete ===
[2026-05-12 09:50:51] === Monitor check ===
[2026-05-12 09:50:51] Job 'finetune_k562plus10_transformer' is running (ID=3991616, state=RUNNING).
[2026-05-12 09:50:52] WARNING lines in last 100: 0
[2026-05-12 09:50:52] === Monitor check complete ===
[2026-05-12 10:00:52] === Monitor check ===
[2026-05-12 10:00:52] Job 'finetune_k562plus10_transformer' is running (ID=3991616, state=RUNNING).
[2026-05-12 10:00:53] WARNING lines in last 100: 0
[2026-05-12 10:00:53] === Monitor check complete ===
[2026-05-12 10:10:53] === Monitor check ===
[2026-05-12 10:10:53] Job 'finetune_k562plus10_transformer' is running (ID=3991616, state=RUNNING).
[2026-05-12 10:10:54] WARNING lines in last 100: 0
[2026-05-12 10:10:54] === Monitor check complete ===
[2026-05-12 10:20:54] === Monitor check ===
[2026-05-12 10:20:56] Job 'finetune_k562plus10_transformer' is running (ID=3991616, state=RUNNING).
[2026-05-12 10:20:57] WARNING lines in last 100: 0
[2026-05-12 10:20:57] === Monitor check complete ===
[2026-05-12 10:30:57] === Monitor check ===
[2026-05-12 10:30:57] Job 'finetune_k562plus10_transformer' is running (ID=3991616, state=RUNNING).
[2026-05-12 10:30:58] WARNING lines in last 100: 0
[2026-05-12 10:30:58] === Monitor check complete ===
[2026-05-12 10:40:58] === Monitor check ===
[2026-05-12 10:40:58] Job 'finetune_k562plus10_transformer' is running (ID=3991616, state=RUNNING).
[2026-05-12 10:40:59] WARNING lines in last 100: 0
[2026-05-12 10:40:59] === Monitor check complete ===
[2026-05-12 10:50:59] === Monitor check ===
[2026-05-12 10:50:59] Job 'finetune_k562plus10_transformer' is running (ID=3991616, state=RUNNING).
[2026-05-12 10:51:00] WARNING lines in last 100: 0
[2026-05-12 10:51:00] === Monitor check complete ===
[2026-05-12 11:01:00] === Monitor check ===
[2026-05-12 11:01:02] Job 'finetune_k562plus10_transformer' is running (ID=3991616, state=RUNNING).
[2026-05-12 11:01:03] WARNING lines in last 100: 0
[2026-05-12 11:01:03] === Monitor check complete ===
[2026-05-12 11:11:03] === Monitor check ===
[2026-05-12 11:11:06] Job 'finetune_k562plus10_transformer' is running (ID=3991616, state=RUNNING).
[2026-05-12 11:11:07] WARNING lines in last 100: 0
[2026-05-12 11:11:07] === Monitor check complete ===
[2026-05-12 11:21:07] === Monitor check ===
[2026-05-12 11:21:07] Job 'finetune_k562plus10_transformer' is running (ID=3991616, state=RUNNING).
[2026-05-12 11:21:08] WARNING lines in last 100: 0
[2026-05-12 11:21:08] === Monitor check complete ===
[2026-05-12 11:31:08] === Monitor check ===
[2026-05-12 11:31:20] Job 'finetune_k562plus10_transformer' is running (ID=3991616, state=RUNNING).
[2026-05-12 11:31:21] WARNING lines in last 100: 0
[2026-05-12 11:31:21] === Monitor check complete ===
[2026-05-12 11:41:21] === Monitor check ===
[2026-05-12 11:41:26] Job 'finetune_k562plus10_transformer' is running (ID=3991616, state=RUNNING).
[2026-05-12 11:41:27] WARNING lines in last 100: 0
[2026-05-12 11:41:27] === Monitor check complete ===
[2026-05-12 11:51:27] === Monitor check ===
[2026-05-12 11:51:27] Job 'finetune_k562plus10_transformer' is running (ID=3991616, state=RUNNING).
[2026-05-12 11:51:28] WARNING lines in last 100: 0
[2026-05-12 11:51:28] === Monitor check complete ===
[2026-05-12 12:01:28] === Monitor check ===
[2026-05-12 12:01:28] Job 'finetune_k562plus10_transformer' is running (ID=3991616, state=RUNNING).
[2026-05-12 12:01:29] WARNING lines in last 100: 0
[2026-05-12 12:01:29] === Monitor check complete ===
[2026-05-12 12:11:30] === Monitor check ===
[2026-05-12 12:11:36] Job 'finetune_k562plus10_transformer' is running (ID=3991616, state=RUNNING).
[2026-05-12 12:11:37] WARNING lines in last 100: 0
[2026-05-12 12:11:37] === Monitor check complete ===
[2026-05-12 12:21:37] === Monitor check ===
[2026-05-12 12:21:57] Job 'finetune_k562plus10_transformer' is running (ID=3991616, state=RUNNING).
[2026-05-12 12:21:58] WARNING lines in last 100: 0
[2026-05-12 12:21:58] === Monitor check complete ===
[2026-05-12 12:31:58] === Monitor check ===
[2026-05-12 12:31:59] Job 'finetune_k562plus10_transformer' is running (ID=3991616, state=RUNNING).
[2026-05-12 12:32:00] WARNING lines in last 100: 0
[2026-05-12 12:32:00] === Monitor check complete ===
[2026-05-12 12:42:00] === Monitor check ===
[2026-05-12 12:42:06] Job 'finetune_k562plus10_transformer' is running (ID=3991616, state=RUNNING).
[2026-05-12 12:42:07] WARNING lines in last 100: 0
[2026-05-12 12:42:07] === Monitor check complete ===
[2026-05-12 12:52:07] === Monitor check ===
[2026-05-12 12:52:31] Job 'finetune_k562plus10_transformer' is running (ID=3991616, state=RUNNING).
[2026-05-12 12:52:32] WARNING lines in last 100: 0
[2026-05-12 12:52:32] === Monitor check complete ===
[2026-05-12 13:02:32] === Monitor check ===
[2026-05-12 13:02:32] Job 'finetune_k562plus10_transformer' is running (ID=3991616, state=RUNNING).
[2026-05-12 13:02:33] WARNING lines in last 100: 0
[2026-05-12 13:02:33] === Monitor check complete ===
[2026-05-12 13:12:33] === Monitor check ===
[2026-05-12 13:12:33] Job 'finetune_k562plus10_transformer' is running (ID=3991616, state=RUNNING).
[2026-05-12 13:12:34] WARNING lines in last 100: 0
[2026-05-12 13:12:34] === Monitor check complete ===
[2026-05-12 13:22:34] === Monitor check ===
[2026-05-12 13:22:56] Job 'finetune_k562plus10_transformer' is running (ID=3991616, state=RUNNING).
[2026-05-12 13:22:57] WARNING lines in last 100: 0
[2026-05-12 13:22:57] === Monitor check complete ===
[2026-05-12 13:32:57] === Monitor check ===
[2026-05-12 13:32:57] Job 'finetune_k562plus10_transformer' is running (ID=3991616, state=RUNNING).
[2026-05-12 13:32:59] WARNING lines in last 100: 0
[2026-05-12 13:32:59] === Monitor check complete ===
[2026-05-12 13:42:59] === Monitor check ===
[2026-05-12 13:42:59] Job 'finetune_k562plus10_transformer' is running (ID=3991616, state=RUNNING).
[2026-05-12 13:43:00] WARNING lines in last 100: 0
[2026-05-12 13:43:00] === Monitor check complete ===
[2026-05-12 13:53:00] === Monitor check ===
[2026-05-12 13:53:00] Job 'finetune_k562plus10_transformer' is running (ID=3991616, state=RUNNING).
[2026-05-12 13:53:01] WARNING lines in last 100: 0
[2026-05-12 13:53:01] === Monitor check complete ===
[2026-05-12 14:03:01] === Monitor check ===
[2026-05-12 14:03:04] Job 'finetune_k562plus10_transformer' is running (ID=3991616, state=RUNNING).
[2026-05-12 14:03:05] WARNING lines in last 100: 0
[2026-05-12 14:03:05] === Monitor check complete ===
[2026-05-12 14:13:05] === Monitor check ===
[2026-05-12 14:13:09] Job 'finetune_k562plus10_transformer' is running (ID=3991616, state=RUNNING).
[2026-05-12 14:13:10] WARNING lines in last 100: 0
[2026-05-12 14:13:10] === Monitor check complete ===
[2026-05-12 14:23:10] === Monitor check ===
[2026-05-12 14:23:10] Job 'finetune_k562plus10_transformer' is running (ID=3991616, state=RUNNING).
[2026-05-12 14:23:11] WARNING lines in last 100: 0
[2026-05-12 14:23:11] === Monitor check complete ===
[2026-05-12 14:33:11] === Monitor check ===
[2026-05-12 14:33:11] Job 'finetune_k562plus10_transformer' is running (ID=3991616, state=RUNNING).
[2026-05-12 14:33:13] WARNING lines in last 100: 0
[2026-05-12 14:33:13] === Monitor check complete ===
[2026-05-12 14:43:13] === Monitor check ===
[2026-05-12 14:43:14] Job 'finetune_k562plus10_transformer' is running (ID=3991616, state=RUNNING).
[2026-05-12 14:43:15] WARNING lines in last 100: 0
[2026-05-12 14:43:15] === Monitor check complete ===
[2026-05-12 14:53:15] === Monitor check ===
[2026-05-12 14:53:19] Job 'finetune_k562plus10_transformer' is running (ID=3991616, state=RUNNING).
[2026-05-12 14:53:20] WARNING lines in last 100: 0
[2026-05-12 14:53:20] === Monitor check complete ===
[2026-05-12 15:03:20] === Monitor check ===
[2026-05-12 15:03:20] Job 'finetune_k562plus10_transformer' is running (ID=3991616, state=RUNNING).
[2026-05-12 15:03:22] WARNING lines in last 100: 0
[2026-05-12 15:03:22] === Monitor check complete ===
[2026-05-12 15:13:22] === Monitor check ===
[2026-05-12 15:13:24] Job 'finetune_k562plus10_transformer' is running (ID=3991616, state=RUNNING).
[2026-05-12 15:13:26] WARNING lines in last 100: 0
[2026-05-12 15:13:26] === Monitor check complete ===
[2026-05-12 15:23:26] === Monitor check ===
[2026-05-12 15:23:27] Job 'finetune_k562plus10_transformer' is running (ID=3991616, state=RUNNING).
[2026-05-12 15:23:29] WARNING lines in last 100: 0
[2026-05-12 15:23:29] === Monitor check complete ===
[2026-05-12 15:33:29] === Monitor check ===
[2026-05-12 15:33:29] Job 'finetune_k562plus10_transformer' is running (ID=3991616, state=RUNNING).
[2026-05-12 15:33:30] WARNING lines in last 100: 0
[2026-05-12 15:33:30] === Monitor check complete ===
[2026-05-12 15:43:30] === Monitor check ===
[2026-05-12 15:43:32] Job 'finetune_k562plus10_transformer' is running (ID=3991616, state=RUNNING).
[2026-05-12 15:43:34] WARNING lines in last 100: 0
[2026-05-12 15:43:34] === Monitor check complete ===
[2026-05-12 15:53:34] === Monitor check ===
[2026-05-12 15:53:34] Job 'finetune_k562plus10_transformer' is running (ID=3991616, state=RUNNING).
[2026-05-12 15:53:35] WARNING lines in last 100: 0
[2026-05-12 15:53:35] === Monitor check complete ===
[2026-05-12 16:03:35] === Monitor check ===
[2026-05-12 16:03:35] Job 'finetune_k562plus10_transformer' is running (ID=3991616, state=RUNNING).
[2026-05-12 16:03:37] WARNING lines in last 100: 0
[2026-05-12 16:03:37] === Monitor check complete ===
[2026-05-12 16:13:37] === Monitor check ===
[2026-05-12 16:13:43] Job 'finetune_k562plus10_transformer' is running (ID=3991616, state=RUNNING).
[2026-05-12 16:13:44] WARNING lines in last 100: 0
[2026-05-12 16:13:44] === Monitor check complete ===
[2026-05-12 16:23:44] === Monitor check ===
[2026-05-12 16:23:45] Job 'finetune_k562plus10_transformer' is running (ID=3991616, state=RUNNING).
[2026-05-12 16:23:47] WARNING lines in last 100: 0
[2026-05-12 16:23:47] === Monitor check complete ===
[2026-05-12 16:33:47] === Monitor check ===
[2026-05-12 16:33:47] Job 'finetune_k562plus10_transformer' is running (ID=3991616, state=RUNNING).
[2026-05-12 16:33:48] WARNING lines in last 100: 0
[2026-05-12 16:33:48] === Monitor check complete ===
[2026-05-12 16:43:48] === Monitor check ===
[2026-05-12 16:43:48] Job 'finetune_k562plus10_transformer' is running (ID=3991616, state=RUNNING).
[2026-05-12 16:43:50] WARNING lines in last 100: 0
[2026-05-12 16:43:50] === Monitor check complete ===
[2026-05-12 16:53:50] === Monitor check ===
[2026-05-12 16:53:52] Job 'finetune_k562plus10_transformer' is running (ID=3991616, state=RUNNING).
[2026-05-12 16:53:54] WARNING lines in last 100: 0
[2026-05-12 16:53:54] === Monitor check complete ===
[2026-05-12 17:03:54] === Monitor check ===
[2026-05-12 17:03:54] Job 'finetune_k562plus10_transformer' is running (ID=3991616, state=RUNNING).
[2026-05-12 17:03:55] WARNING lines in last 100: 0
[2026-05-12 17:03:55] === Monitor check complete ===
[2026-05-12 17:13:55] === Monitor check ===
[2026-05-12 17:13:55] Job 'finetune_k562plus10_transformer' is running (ID=3991616, state=RUNNING).
[2026-05-12 17:13:56] WARNING lines in last 100: 0
[2026-05-12 17:13:56] === Monitor check complete ===
[2026-05-12 17:23:56] === Monitor check ===
[2026-05-12 17:23:56] Job 'finetune_k562plus10_transformer' is running (ID=3991616, state=RUNNING).
[2026-05-12 17:23:58] WARNING lines in last 100: 0
[2026-05-12 17:23:58] === Monitor check complete ===
[2026-05-12 17:33:58] === Monitor check ===
[2026-05-12 17:33:58] Job 'finetune_k562plus10_transformer' is running (ID=3991616, state=RUNNING).
[2026-05-12 17:33:59] WARNING lines in last 100: 0
[2026-05-12 17:33:59] === Monitor check complete ===
[2026-05-12 17:43:59] === Monitor check ===
[2026-05-12 17:43:59] Job 'finetune_k562plus10_transformer' is running (ID=3991616, state=RUNNING).
[2026-05-12 17:44:01] WARNING lines in last 100: 0
[2026-05-12 17:44:01] === Monitor check complete ===
[2026-05-12 17:54:01] === Monitor check ===
[2026-05-12 17:54:01] Job 'finetune_k562plus10_transformer' is running (ID=3991616, state=RUNNING).
[2026-05-12 17:54:02] WARNING lines in last 100: 0
[2026-05-12 17:54:02] === Monitor check complete ===
[2026-05-12 18:04:02] === Monitor check ===
[2026-05-12 18:04:02] Job 'finetune_k562plus10_transformer' is running (ID=3991616, state=RUNNING).
[2026-05-12 18:04:03] WARNING lines in last 100: 0
[2026-05-12 18:04:03] === Monitor check complete ===
[2026-05-12 18:14:03] === Monitor check ===
[2026-05-12 18:14:04] Job 'finetune_k562plus10_transformer' is running (ID=3991616, state=RUNNING).
[2026-05-12 18:14:05] WARNING lines in last 100: 0
[2026-05-12 18:14:05] === Monitor check complete ===
[2026-05-12 18:24:05] === Monitor check ===
[2026-05-12 18:24:05] Job 'finetune_k562plus10_transformer' is running (ID=3991616, state=RUNNING).
[2026-05-12 18:24:07] WARNING lines in last 100: 0
[2026-05-12 18:24:07] === Monitor check complete ===
[2026-05-12 18:34:07] === Monitor check ===
[2026-05-12 18:34:07] Job 'finetune_k562plus10_transformer' is running (ID=3991616, state=RUNNING).
[2026-05-12 18:34:08] WARNING lines in last 100: 0
[2026-05-12 18:34:08] === Monitor check complete ===
[2026-05-12 18:44:08] === Monitor check ===
[2026-05-12 18:44:08] Job 'finetune_k562plus10_transformer' is running (ID=3991616, state=RUNNING).
[2026-05-12 18:44:09] WARNING lines in last 100: 0
[2026-05-12 18:44:09] === Monitor check complete ===
[2026-05-12 18:54:09] === Monitor check ===
[2026-05-12 18:54:09] Job 'finetune_k562plus10_transformer' is running (ID=3991616, state=RUNNING).
[2026-05-12 18:54:10] WARNING lines in last 100: 0
[2026-05-12 18:54:10] === Monitor check complete ===
[2026-05-12 19:04:10] === Monitor check ===
[2026-05-12 19:04:11] Job 'finetune_k562plus10_transformer' is running (ID=3991616, state=RUNNING).
[2026-05-12 19:04:11] WARNING lines in last 100: 0
[2026-05-12 19:04:11] === Monitor check complete ===
[2026-05-12 19:14:11] === Monitor check ===
[2026-05-12 19:14:11] Job 'finetune_k562plus10_transformer' is running (ID=3991616, state=RUNNING).
[2026-05-12 19:14:12] WARNING lines in last 100: 0
[2026-05-12 19:14:12] === Monitor check complete ===
[2026-05-12 19:24:12] === Monitor check ===
[2026-05-12 19:24:13] Job 'finetune_k562plus10_transformer' is running (ID=3991616, state=RUNNING).
[2026-05-12 19:24:13] WARNING lines in last 100: 0
[2026-05-12 19:24:13] === Monitor check complete ===
[2026-05-12 19:34:13] === Monitor check ===
[2026-05-12 19:34:13] Job 'finetune_k562plus10_transformer' is running (ID=3991616, state=RUNNING).
[2026-05-12 19:34:15] WARNING lines in last 100: 0
[2026-05-12 19:34:15] === Monitor check complete ===
[2026-05-12 19:44:15] === Monitor check ===
[2026-05-12 19:44:15] Job 'finetune_k562plus10_transformer' is running (ID=3991616, state=RUNNING).
[2026-05-12 19:44:16] WARNING lines in last 100: 0
[2026-05-12 19:44:16] === Monitor check complete ===
[2026-05-12 19:54:16] === Monitor check ===
[2026-05-12 19:54:16] Job 'finetune_k562plus10_transformer' is running (ID=3991616, state=RUNNING).
[2026-05-12 19:54:17] WARNING lines in last 100: 0
[2026-05-12 19:54:17] === Monitor check complete ===
[2026-05-12 20:04:17] === Monitor check ===
[2026-05-12 20:04:17] Job 'finetune_k562plus10_transformer' is running (ID=3991616, state=RUNNING).
[2026-05-12 20:04:17] WARNING lines in last 100: 0
[2026-05-12 20:04:17] === Monitor check complete ===
[2026-05-12 20:14:17] === Monitor check ===
[2026-05-12 20:14:17] Job 'finetune_k562plus10_transformer' is running (ID=3991616, state=RUNNING).
[2026-05-12 20:14:18] WARNING lines in last 100: 0
[2026-05-12 20:14:18] === Monitor check complete ===
[2026-05-12 20:24:18] === Monitor check ===
[2026-05-12 20:24:18] Job 'finetune_k562plus10_transformer' is running (ID=3991616, state=RUNNING).
[2026-05-12 20:24:19] WARNING lines in last 100: 0
[2026-05-12 20:24:19] === Monitor check complete ===
[2026-05-12 20:34:19] === Monitor check ===
[2026-05-12 20:34:19] Job 'finetune_k562plus10_transformer' is running (ID=3991616, state=RUNNING).
[2026-05-12 20:34:23] WARNING lines in last 100: 0
[2026-05-12 20:34:23] === Monitor check complete ===
[2026-05-12 20:44:23] === Monitor check ===
[2026-05-12 20:44:23] Job 'finetune_k562plus10_transformer' is running (ID=3991616, state=RUNNING).
[2026-05-12 20:44:24] WARNING lines in last 100: 0
[2026-05-12 20:44:24] === Monitor check complete ===
[2026-05-12 20:54:24] === Monitor check ===
[2026-05-12 20:54:24] Job 'finetune_k562plus10_transformer' is running (ID=3991616, state=RUNNING).
[2026-05-12 20:54:26] WARNING lines in last 100: 0
[2026-05-12 20:54:26] === Monitor check complete ===
[2026-05-12 21:04:26] === Monitor check ===
[2026-05-12 21:04:26] Job 'finetune_k562plus10_transformer' is running (ID=3991616, state=RUNNING).
[2026-05-12 21:04:27] WARNING lines in last 100: 0
[2026-05-12 21:04:27] === Monitor check complete ===
[2026-05-12 21:14:27] === Monitor check ===
[2026-05-12 21:14:27] Job 'finetune_k562plus10_transformer' is running (ID=3991616, state=RUNNING).
[2026-05-12 21:14:29] WARNING lines in last 100: 0
[2026-05-12 21:14:29] === Monitor check complete ===
[2026-05-12 21:24:29] === Monitor check ===
[2026-05-12 21:24:29] Job 'finetune_k562plus10_transformer' is running (ID=3991616, state=RUNNING).
[2026-05-12 21:24:30] WARNING lines in last 100: 0
[2026-05-12 21:24:30] === Monitor check complete ===
[2026-05-12 21:34:30] === Monitor check ===
[2026-05-12 21:34:31] Job 'finetune_k562plus10_transformer' is running (ID=3991616, state=RUNNING).
[2026-05-12 21:34:33] WARNING lines in last 100: 0
[2026-05-12 21:34:33] === Monitor check complete ===
[2026-05-12 21:44:33] === Monitor check ===
[2026-05-12 21:44:33] Job 'finetune_k562plus10_transformer' is running (ID=3991616, state=RUNNING).
[2026-05-12 21:44:35] WARNING lines in last 100: 0
[2026-05-12 21:44:35] === Monitor check complete ===
[2026-05-12 21:54:35] === Monitor check ===
[2026-05-12 21:54:35] Job 'finetune_k562plus10_transformer' is running (ID=3991616, state=RUNNING).
[2026-05-12 21:54:35] WARNING lines in last 100: 0
[2026-05-12 21:54:35] === Monitor check complete ===
[2026-05-12 22:04:35] === Monitor check ===
[2026-05-12 22:04:35] Job 'finetune_k562plus10_transformer' is running (ID=3991616, state=RUNNING).
[2026-05-12 22:04:36] WARNING lines in last 100: 0
[2026-05-12 22:04:36] === Monitor check complete ===
[2026-05-12 22:14:36] === Monitor check ===
[2026-05-12 22:14:36] Job 'finetune_k562plus10_transformer' is running (ID=3991616, state=RUNNING).
[2026-05-12 22:14:37] WARNING lines in last 100: 0
[2026-05-12 22:14:38] === Monitor check complete ===
[2026-05-12 22:24:38] === Monitor check ===
[2026-05-12 22:24:38] Job 'finetune_k562plus10_transformer' is running (ID=3991616, state=RUNNING).
[2026-05-12 22:24:39] WARNING lines in last 100: 0
[2026-05-12 22:24:39] === Monitor check complete ===
[2026-05-12 22:34:39] === Monitor check ===
[2026-05-12 22:34:39] Job 'finetune_k562plus10_transformer' is running (ID=3991616, state=RUNNING).
[2026-05-12 22:34:40] WARNING lines in last 100: 0
[2026-05-12 22:34:40] === Monitor check complete ===
[2026-05-12 22:44:40] === Monitor check ===
[2026-05-12 22:44:40] Job 'finetune_k562plus10_transformer' is running (ID=3991616, state=RUNNING).
[2026-05-12 22:44:41] WARNING lines in last 100: 0
[2026-05-12 22:44:41] === Monitor check complete ===
[2026-05-12 22:54:41] === Monitor check ===
[2026-05-12 22:54:41] Job 'finetune_k562plus10_transformer' is running (ID=3991616, state=RUNNING).
[2026-05-12 22:54:42] WARNING lines in last 100: 0
[2026-05-12 22:54:42] === Monitor check complete ===
[2026-05-12 23:04:42] === Monitor check ===
[2026-05-12 23:04:42] Job 'finetune_k562plus10_transformer' is running (ID=3991616, state=RUNNING).
[2026-05-12 23:04:44] WARNING lines in last 100: 0
[2026-05-12 23:04:44] === Monitor check complete ===
[2026-05-12 23:14:44] === Monitor check ===
[2026-05-12 23:14:44] Job 'finetune_k562plus10_transformer' is running (ID=3991616, state=RUNNING).
[2026-05-12 23:14:45] WARNING lines in last 100: 0
[2026-05-12 23:14:45] === Monitor check complete ===
[2026-05-12 23:24:45] === Monitor check ===
[2026-05-12 23:24:45] Job 'finetune_k562plus10_transformer' is running (ID=3991616, state=RUNNING).
[2026-05-12 23:24:47] WARNING lines in last 100: 0
[2026-05-12 23:24:47] === Monitor check complete ===
[2026-05-12 23:34:47] === Monitor check ===
[2026-05-12 23:34:47] Job 'finetune_k562plus10_transformer' is running (ID=3991616, state=RUNNING).
[2026-05-12 23:34:47] WARNING lines in last 100: 0
[2026-05-12 23:34:47] === Monitor check complete ===
[2026-05-12 23:44:47] === Monitor check ===
[2026-05-12 23:44:47] Job 'finetune_k562plus10_transformer' is running (ID=3991616, state=RUNNING).
[2026-05-12 23:44:49] WARNING lines in last 100: 0
[2026-05-12 23:44:49] === Monitor check complete ===
[2026-05-12 23:54:49] === Monitor check ===
[2026-05-12 23:54:49] Job 'finetune_k562plus10_transformer' is running (ID=3991616, state=RUNNING).
[2026-05-12 23:54:50] WARNING lines in last 100: 0
[2026-05-12 23:54:50] === Monitor check complete ===
[2026-05-13 00:04:50] === Monitor check ===
[2026-05-13 00:04:50] Job 'finetune_k562plus10_transformer' is running (ID=3991616, state=RUNNING).
[2026-05-13 00:04:51] WARNING lines in last 100: 0
[2026-05-13 00:04:51] === Monitor check complete ===
[2026-05-13 00:14:51] === Monitor check ===
[2026-05-13 00:14:52] Job 'finetune_k562plus10_transformer' is running (ID=3991616, state=RUNNING).
[2026-05-13 00:14:53] WARNING lines in last 100: 0
[2026-05-13 00:14:53] === Monitor check complete ===
[2026-05-13 00:24:53] === Monitor check ===
[2026-05-13 00:24:53] Job 'finetune_k562plus10_transformer' is running (ID=3991616, state=RUNNING).
[2026-05-13 00:24:55] WARNING lines in last 100: 0
[2026-05-13 00:24:55] === Monitor check complete ===
[2026-05-13 00:34:55] === Monitor check ===
[2026-05-13 00:34:55] Job 'finetune_k562plus10_transformer' is running (ID=3991616, state=RUNNING).
[2026-05-13 00:34:56] WARNING lines in last 100: 0
[2026-05-13 00:34:56] === Monitor check complete ===
[2026-05-13 00:44:56] === Monitor check ===
[2026-05-13 00:44:56] Job 'finetune_k562plus10_transformer' is running (ID=3991616, state=RUNNING).
[2026-05-13 00:44:57] WARNING lines in last 100: 0
[2026-05-13 00:44:57] === Monitor check complete ===
[2026-05-13 00:54:57] === Monitor check ===
[2026-05-13 00:54:58] Job 'finetune_k562plus10_transformer' is running (ID=3991616, state=RUNNING).
[2026-05-13 00:54:59] WARNING lines in last 100: 0
[2026-05-13 00:54:59] === Monitor check complete ===
[2026-05-13 01:04:59] === Monitor check ===
[2026-05-13 01:04:59] Job 'finetune_k562plus10_transformer' is running (ID=3991616, state=RUNNING).
[2026-05-13 01:05:00] WARNING lines in last 100: 0
[2026-05-13 01:05:00] === Monitor check complete ===
[2026-05-13 01:15:00] === Monitor check ===
[2026-05-13 01:15:01] Job 'finetune_k562plus10_transformer' is running (ID=3991616, state=RUNNING).
[2026-05-13 01:15:02] WARNING lines in last 100: 0
[2026-05-13 01:15:02] === Monitor check complete ===
[2026-05-13 01:25:02] === Monitor check ===
[2026-05-13 01:25:02] Job 'finetune_k562plus10_transformer' is running (ID=3991616, state=RUNNING).
[2026-05-13 01:25:03] WARNING lines in last 100: 0
[2026-05-13 01:25:03] === Monitor check complete ===
[2026-05-13 01:35:03] === Monitor check ===
[2026-05-13 01:35:04] Job 'finetune_k562plus10_transformer' is running (ID=3991616, state=RUNNING).
[2026-05-13 01:35:05] WARNING lines in last 100: 0
[2026-05-13 01:35:05] === Monitor check complete ===
[2026-05-13 01:45:05] === Monitor check ===
[2026-05-13 01:45:05] Job 'finetune_k562plus10_transformer' is running (ID=3991616, state=RUNNING).
[2026-05-13 01:45:06] WARNING lines in last 100: 0
[2026-05-13 01:45:06] === Monitor check complete ===
[2026-05-13 01:55:06] === Monitor check ===
[2026-05-13 01:55:06] Job 'finetune_k562plus10_transformer' is running (ID=3991616, state=RUNNING).
[2026-05-13 01:55:08] WARNING lines in last 100: 0
[2026-05-13 01:55:08] === Monitor check complete ===
[2026-05-13 02:05:08] === Monitor check ===
[2026-05-13 02:05:08] Job 'finetune_k562plus10_transformer' is running (ID=3991616, state=RUNNING).
[2026-05-13 02:05:09] WARNING lines in last 100: 0
[2026-05-13 02:05:09] === Monitor check complete ===
[2026-05-13 02:15:09] === Monitor check ===
[2026-05-13 02:15:09] Job 'finetune_k562plus10_transformer' is running (ID=3991616, state=RUNNING).
[2026-05-13 02:15:11] WARNING lines in last 100: 0
[2026-05-13 02:15:11] === Monitor check complete ===
[2026-05-13 02:25:11] === Monitor check ===
[2026-05-13 02:25:11] Job 'finetune_k562plus10_transformer' is running (ID=3991616, state=RUNNING).
[2026-05-13 02:25:12] WARNING lines in last 100: 0
[2026-05-13 02:25:12] === Monitor check complete ===
[2026-05-13 02:35:12] === Monitor check ===
[2026-05-13 02:35:13] Job 'finetune_k562plus10_transformer' is running (ID=3991616, state=RUNNING).
[2026-05-13 02:35:14] WARNING lines in last 100: 0
[2026-05-13 02:35:14] === Monitor check complete ===
[2026-05-13 02:45:14] === Monitor check ===
[2026-05-13 02:45:14] Job 'finetune_k562plus10_transformer' is running (ID=3991616, state=RUNNING).
[2026-05-13 02:45:16] WARNING lines in last 100: 0
[2026-05-13 02:45:16] === Monitor check complete ===
[2026-05-13 02:55:16] === Monitor check ===
[2026-05-13 02:55:16] Job 'finetune_k562plus10_transformer' is running (ID=3991616, state=RUNNING).
[2026-05-13 02:55:17] WARNING lines in last 100: 0
[2026-05-13 02:55:17] === Monitor check complete ===
[2026-05-13 03:05:17] === Monitor check ===
[2026-05-13 03:05:18] Job 'finetune_k562plus10_transformer' is running (ID=3991616, state=RUNNING).
[2026-05-13 03:05:20] WARNING lines in last 100: 0
[2026-05-13 03:05:20] === Monitor check complete ===
[2026-05-13 03:15:20] === Monitor check ===
[2026-05-13 03:15:20] Job 'finetune_k562plus10_transformer' is running (ID=3991616, state=RUNNING).
[2026-05-13 03:15:21] WARNING lines in last 100: 0
[2026-05-13 03:15:21] === Monitor check complete ===
[2026-05-13 03:25:21] === Monitor check ===
[2026-05-13 03:25:21] Job 'finetune_k562plus10_transformer' is running (ID=3991616, state=RUNNING).
[2026-05-13 03:25:23] WARNING lines in last 100: 0
[2026-05-13 03:25:23] === Monitor check complete ===
[2026-05-13 03:35:23] === Monitor check ===
[2026-05-13 03:35:23] Job 'finetune_k562plus10_transformer' is running (ID=3991616, state=RUNNING).
[2026-05-13 03:35:24] WARNING lines in last 100: 0
[2026-05-13 03:35:24] === Monitor check complete ===
[2026-05-13 03:45:24] === Monitor check ===
[2026-05-13 03:45:24] Job 'finetune_k562plus10_transformer' is running (ID=3991616, state=RUNNING).
[2026-05-13 03:45:26] WARNING lines in last 100: 0
[2026-05-13 03:45:26] === Monitor check complete ===
[2026-05-13 03:55:26] === Monitor check ===
[2026-05-13 03:55:26] Job 'finetune_k562plus10_transformer' is running (ID=3991616, state=RUNNING).
[2026-05-13 03:55:27] WARNING lines in last 100: 0
[2026-05-13 03:55:27] === Monitor check complete ===
[2026-05-13 04:05:27] === Monitor check ===
[2026-05-13 04:05:27] Job 'finetune_k562plus10_transformer' is running (ID=3991616, state=RUNNING).
[2026-05-13 04:05:29] WARNING lines in last 100: 0
[2026-05-13 04:05:29] === Monitor check complete ===
[2026-05-13 04:15:29] === Monitor check ===
[2026-05-13 04:15:29] Job 'finetune_k562plus10_transformer' is running (ID=3991616, state=RUNNING).
[2026-05-13 04:15:30] WARNING lines in last 100: 0
[2026-05-13 04:15:30] === Monitor check complete ===
[2026-05-13 04:25:30] === Monitor check ===
[2026-05-13 04:25:30] Job 'finetune_k562plus10_transformer' is running (ID=3991616, state=RUNNING).
[2026-05-13 04:25:32] WARNING lines in last 100: 0
[2026-05-13 04:25:32] === Monitor check complete ===
[2026-05-13 04:35:32] === Monitor check ===
[2026-05-13 04:35:32] Job 'finetune_k562plus10_transformer' is running (ID=3991616, state=RUNNING).
[2026-05-13 04:35:33] WARNING lines in last 100: 0
[2026-05-13 04:35:33] === Monitor check complete ===
[2026-05-13 04:45:33] === Monitor check ===
[2026-05-13 04:45:34] Job 'finetune_k562plus10_transformer' is running (ID=3991616, state=RUNNING).
[2026-05-13 04:45:35] WARNING lines in last 100: 0
[2026-05-13 04:45:35] === Monitor check complete ===
[2026-05-13 04:55:35] === Monitor check ===
[2026-05-13 04:55:36] Job 'finetune_k562plus10_transformer' is running (ID=3991616, state=RUNNING).
[2026-05-13 04:55:37] WARNING lines in last 100: 0
[2026-05-13 04:55:37] === Monitor check complete ===
[2026-05-13 05:05:37] === Monitor check ===
[2026-05-13 05:05:38] Job 'finetune_k562plus10_transformer' is running (ID=3991616, state=RUNNING).
[2026-05-13 05:05:39] WARNING lines in last 100: 0
[2026-05-13 05:05:39] === Monitor check complete ===
[2026-05-13 05:15:39] === Monitor check ===
[2026-05-13 05:15:39] Job 'finetune_k562plus10_transformer' is running (ID=3991616, state=RUNNING).
[2026-05-13 05:15:40] WARNING lines in last 100: 0
[2026-05-13 05:15:40] === Monitor check complete ===
[2026-05-13 05:25:40] === Monitor check ===
[2026-05-13 05:25:40] Job 'finetune_k562plus10_transformer' is running (ID=3991616, state=RUNNING).
[2026-05-13 05:25:42] WARNING lines in last 100: 0
[2026-05-13 05:25:42] === Monitor check complete ===
[2026-05-13 05:35:42] === Monitor check ===
[2026-05-13 05:35:42] Job 'finetune_k562plus10_transformer' is running (ID=3991616, state=RUNNING).
[2026-05-13 05:35:44] WARNING lines in last 100: 0
[2026-05-13 05:35:44] === Monitor check complete ===
[2026-05-13 05:45:44] === Monitor check ===
[2026-05-13 05:45:44] Job 'finetune_k562plus10_transformer' is running (ID=3991616, state=RUNNING).
[2026-05-13 05:45:45] WARNING lines in last 100: 0
[2026-05-13 05:45:45] === Monitor check complete ===
[2026-05-13 05:55:45] === Monitor check ===
[2026-05-13 05:55:45] Job 'finetune_k562plus10_transformer' is running (ID=3991616, state=RUNNING).
[2026-05-13 05:55:47] WARNING lines in last 100: 0
[2026-05-13 05:55:47] === Monitor check complete ===
[2026-05-13 06:05:47] === Monitor check ===
[2026-05-13 06:05:47] Job 'finetune_k562plus10_transformer' is running (ID=3991616, state=RUNNING).
[2026-05-13 06:05:49] WARNING lines in last 100: 0
[2026-05-13 06:05:49] === Monitor check complete ===
[2026-05-13 06:15:49] === Monitor check ===
[2026-05-13 06:15:49] Job 'finetune_k562plus10_transformer' is running (ID=3991616, state=RUNNING).
[2026-05-13 06:15:50] WARNING lines in last 100: 0
[2026-05-13 06:15:50] === Monitor check complete ===
[2026-05-13 06:25:50] === Monitor check ===
[2026-05-13 06:25:50] Job 'finetune_k562plus10_transformer' is running (ID=3991616, state=RUNNING).
[2026-05-13 06:25:52] WARNING lines in last 100: 0
[2026-05-13 06:25:52] === Monitor check complete ===
[2026-05-13 06:35:52] === Monitor check ===
[2026-05-13 06:35:52] Job 'finetune_k562plus10_transformer' is running (ID=3991616, state=RUNNING).
[2026-05-13 06:35:53] WARNING lines in last 100: 0
[2026-05-13 06:35:53] === Monitor check complete ===
[2026-05-13 06:45:53] === Monitor check ===
[2026-05-13 06:45:53] Job 'finetune_k562plus10_transformer' is running (ID=3991616, state=RUNNING).
[2026-05-13 06:45:55] WARNING lines in last 100: 0
[2026-05-13 06:45:55] === Monitor check complete ===
[2026-05-13 06:55:55] === Monitor check ===
[2026-05-13 06:55:55] Job 'finetune_k562plus10_transformer' is running (ID=3991616, state=RUNNING).
[2026-05-13 06:55:57] WARNING lines in last 100: 0
[2026-05-13 06:55:57] === Monitor check complete ===
[2026-05-13 07:05:57] === Monitor check ===
[2026-05-13 07:05:57] Job 'finetune_k562plus10_transformer' is running (ID=3991616, state=RUNNING).
[2026-05-13 07:05:58] WARNING lines in last 100: 0
[2026-05-13 07:05:58] === Monitor check complete ===
[2026-05-13 07:15:58] === Monitor check ===
[2026-05-13 07:15:58] Job 'finetune_k562plus10_transformer' is running (ID=3991616, state=RUNNING).
[2026-05-13 07:16:00] WARNING lines in last 100: 0
[2026-05-13 07:16:00] === Monitor check complete ===
[2026-05-13 07:26:00] === Monitor check ===
[2026-05-13 07:26:00] Job 'finetune_k562plus10_transformer' is running (ID=3991616, state=RUNNING).
[2026-05-13 07:26:02] WARNING lines in last 100: 0
[2026-05-13 07:26:02] === Monitor check complete ===
[2026-05-13 07:36:02] === Monitor check ===
[2026-05-13 07:36:02] Job 'finetune_k562plus10_transformer' is running (ID=3991616, state=RUNNING).
[2026-05-13 07:36:03] WARNING lines in last 100: 0
[2026-05-13 07:36:03] === Monitor check complete ===
[2026-05-13 07:46:03] === Monitor check ===
[2026-05-13 07:46:03] Job 'finetune_k562plus10_transformer' is running (ID=3991616, state=RUNNING).
[2026-05-13 07:46:05] WARNING lines in last 100: 0
[2026-05-13 07:46:05] === Monitor check complete ===
[2026-05-13 07:56:05] === Monitor check ===
[2026-05-13 07:56:05] Job 'finetune_k562plus10_transformer' is running (ID=3991616, state=RUNNING).
[2026-05-13 07:56:06] WARNING lines in last 100: 0
[2026-05-13 07:56:06] === Monitor check complete ===
[2026-05-13 08:06:06] === Monitor check ===
[2026-05-13 08:06:07] Job 'finetune_k562plus10_transformer' is running (ID=3991616, state=RUNNING).
[2026-05-13 08:06:08] WARNING lines in last 100: 0
[2026-05-13 08:06:08] === Monitor check complete ===
[2026-05-13 08:16:08] === Monitor check ===
[2026-05-13 08:16:08] Job 'finetune_k562plus10_transformer' is running (ID=3991616, state=RUNNING).
[2026-05-13 08:16:10] WARNING lines in last 100: 0
[2026-05-13 08:16:10] === Monitor check complete ===
[2026-05-13 08:26:10] === Monitor check ===
[2026-05-13 08:26:10] Job 'finetune_k562plus10_transformer' is running (ID=3991616, state=RUNNING).
[2026-05-13 08:26:11] WARNING lines in last 100: 0
[2026-05-13 08:26:12] === Monitor check complete ===
[2026-05-13 08:36:12] === Monitor check ===
[2026-05-13 08:36:12] Job 'finetune_k562plus10_transformer' is running (ID=3991616, state=RUNNING).
[2026-05-13 08:36:13] WARNING lines in last 100: 0
[2026-05-13 08:36:13] === Monitor check complete ===
[2026-05-13 08:46:13] === Monitor check ===
[2026-05-13 08:46:13] Job 'finetune_k562plus10_transformer' is running (ID=3991616, state=RUNNING).
[2026-05-13 08:46:15] WARNING lines in last 100: 0
[2026-05-13 08:46:15] === Monitor check complete ===
[2026-05-13 08:56:15] === Monitor check ===
[2026-05-13 08:56:15] Job 'finetune_k562plus10_transformer' is running (ID=3991616, state=RUNNING).
[2026-05-13 08:56:16] WARNING lines in last 100: 0
[2026-05-13 08:56:16] === Monitor check complete ===
[2026-05-13 09:06:16] === Monitor check ===
[2026-05-13 09:06:17] Job 'finetune_k562plus10_transformer' is running (ID=3991616, state=RUNNING).
[2026-05-13 09:06:18] WARNING lines in last 100: 0
[2026-05-13 09:06:18] === Monitor check complete ===
[2026-05-13 09:16:18] === Monitor check ===
[2026-05-13 09:16:18] Job 'finetune_k562plus10_transformer' is running (ID=3991616, state=RUNNING).
[2026-05-13 09:16:20] WARNING lines in last 100: 0
[2026-05-13 09:16:20] === Monitor check complete ===
[2026-05-13 09:26:20] === Monitor check ===
[2026-05-13 09:26:20] Job 'finetune_k562plus10_transformer' is running (ID=3991616, state=RUNNING).
[2026-05-13 09:26:22] WARNING lines in last 100: 0
[2026-05-13 09:26:22] === Monitor check complete ===
[2026-05-13 09:36:22] === Monitor check ===
[2026-05-13 09:36:22] Job 'finetune_k562plus10_transformer' is running (ID=3991616, state=RUNNING).
[2026-05-13 09:36:24] WARNING lines in last 100: 0
[2026-05-13 09:36:24] === Monitor check complete ===
[2026-05-13 09:46:24] === Monitor check ===
[2026-05-13 09:46:24] Job 'finetune_k562plus10_transformer' is running (ID=3991616, state=RUNNING).
[2026-05-13 09:46:25] WARNING lines in last 100: 0
[2026-05-13 09:46:25] === Monitor check complete ===
[2026-05-13 09:56:25] === Monitor check ===
[2026-05-13 09:56:25] Job 'finetune_k562plus10_transformer' is running (ID=3991616, state=RUNNING).
[2026-05-13 09:56:27] WARNING lines in last 100: 0
[2026-05-13 09:56:27] === Monitor check complete ===
[2026-05-13 10:06:27] === Monitor check ===
[2026-05-13 10:06:27] Job 'finetune_k562plus10_transformer' is running (ID=3991616, state=RUNNING).
[2026-05-13 10:06:29] WARNING lines in last 100: 0
[2026-05-13 10:06:29] === Monitor check complete ===
[2026-05-13 10:16:29] === Monitor check ===
[2026-05-13 10:16:29] Job 'finetune_k562plus10_transformer' is running (ID=3991616, state=RUNNING).
[2026-05-13 10:16:30] WARNING lines in last 100: 0
[2026-05-13 10:16:30] === Monitor check complete ===
[2026-05-13 10:26:31] === Monitor check ===
[2026-05-13 10:26:31] Job 'finetune_k562plus10_transformer' is running (ID=3991616, state=RUNNING).
[2026-05-13 10:26:32] WARNING lines in last 100: 0
[2026-05-13 10:26:32] === Monitor check complete ===
[2026-05-13 10:36:32] === Monitor check ===
[2026-05-13 10:36:32] Job 'finetune_k562plus10_transformer' is running (ID=3991616, state=RUNNING).
[2026-05-13 10:36:34] WARNING lines in last 100: 0
[2026-05-13 10:36:34] === Monitor check complete ===
[2026-05-13 10:46:34] === Monitor check ===
[2026-05-13 10:46:34] Job 'finetune_k562plus10_transformer' is running (ID=3991616, state=RUNNING).
[2026-05-13 10:46:36] WARNING lines in last 100: 0
[2026-05-13 10:46:36] === Monitor check complete ===
[2026-05-13 10:56:36] === Monitor check ===
[2026-05-13 10:56:36] Job 'finetune_k562plus10_transformer' is running (ID=3991616, state=RUNNING).
[2026-05-13 10:56:38] WARNING lines in last 100: 0
[2026-05-13 10:56:38] === Monitor check complete ===
[2026-05-13 11:06:38] === Monitor check ===
[2026-05-13 11:06:38] Job 'finetune_k562plus10_transformer' is running (ID=3991616, state=RUNNING).
[2026-05-13 11:06:39] WARNING lines in last 100: 0
[2026-05-13 11:06:39] === Monitor check complete ===
[2026-05-13 11:16:39] === Monitor check ===
[2026-05-13 11:16:40] Job 'finetune_k562plus10_transformer' is running (ID=3991616, state=RUNNING).
[2026-05-13 11:16:41] WARNING lines in last 100: 0
[2026-05-13 11:16:41] === Monitor check complete ===
[2026-05-13 11:26:41] === Monitor check ===
[2026-05-13 11:26:41] Job 'finetune_k562plus10_transformer' is running (ID=3991616, state=RUNNING).
[2026-05-13 11:26:43] WARNING lines in last 100: 0
[2026-05-13 11:26:43] === Monitor check complete ===
[2026-05-13 11:36:43] === Monitor check ===
[2026-05-13 11:36:43] Job 'finetune_k562plus10_transformer' is running (ID=3991616, state=RUNNING).
[2026-05-13 11:36:45] WARNING lines in last 100: 0
[2026-05-13 11:36:45] === Monitor check complete ===
[2026-05-13 11:46:45] === Monitor check ===
[2026-05-13 11:46:45] Job 'finetune_k562plus10_transformer' is running (ID=3991616, state=RUNNING).
[2026-05-13 11:46:48] WARNING lines in last 100: 0
[2026-05-13 11:46:48] === Monitor check complete ===
[2026-05-13 11:56:48] === Monitor check ===
[2026-05-13 11:56:48] Job 'finetune_k562plus10_transformer' is running (ID=3991616, state=RUNNING).
[2026-05-13 11:56:51] WARNING lines in last 100: 0
[2026-05-13 11:56:51] === Monitor check complete ===
[2026-05-13 12:06:51] === Monitor check ===
[2026-05-13 12:06:51] Job 'finetune_k562plus10_transformer' is running (ID=3991616, state=RUNNING).
[2026-05-13 12:06:53] WARNING lines in last 100: 0
[2026-05-13 12:06:53] === Monitor check complete ===
[2026-05-13 12:16:53] === Monitor check ===
[2026-05-13 12:16:53] Job 'finetune_k562plus10_transformer' is running (ID=3991616, state=RUNNING).
[2026-05-13 12:16:56] WARNING lines in last 100: 0
[2026-05-13 12:16:56] === Monitor check complete ===
[2026-05-13 12:26:56] === Monitor check ===
[2026-05-13 12:26:56] Job 'finetune_k562plus10_transformer' is running (ID=3991616, state=RUNNING).
[2026-05-13 12:26:59] WARNING lines in last 100: 0
[2026-05-13 12:26:59] === Monitor check complete ===
[2026-05-13 12:36:59] === Monitor check ===
[2026-05-13 12:36:59] Job 'finetune_k562plus10_transformer' is running (ID=3991616, state=RUNNING).
[2026-05-13 12:37:01] WARNING lines in last 100: 0
[2026-05-13 12:37:01] === Monitor check complete ===
[2026-05-13 12:47:01] === Monitor check ===
[2026-05-13 12:47:01] Job 'finetune_k562plus10_transformer' is running (ID=3991616, state=RUNNING).
[2026-05-13 12:47:04] WARNING lines in last 100: 0
[2026-05-13 12:47:04] === Monitor check complete ===
[2026-05-13 12:57:04] === Monitor check ===
[2026-05-13 12:57:04] Job 'finetune_k562plus10_transformer' is running (ID=3991616, state=RUNNING).
[2026-05-13 12:57:07] WARNING lines in last 100: 0
[2026-05-13 12:57:07] === Monitor check complete ===
[2026-05-13 13:07:07] === Monitor check ===
[2026-05-13 13:07:07] Job 'finetune_k562plus10_transformer' is running (ID=3991616, state=RUNNING).
[2026-05-13 13:07:10] WARNING lines in last 100: 0
[2026-05-13 13:07:10] === Monitor check complete ===
[2026-05-13 13:17:10] === Monitor check ===
[2026-05-13 13:17:10] Job 'finetune_k562plus10_transformer' is running (ID=3991616, state=RUNNING).
[2026-05-13 13:17:13] WARNING lines in last 100: 0
[2026-05-13 13:17:13] === Monitor check complete ===
[2026-05-13 13:27:13] === Monitor check ===
[2026-05-13 13:27:14] Job 'finetune_k562plus10_transformer' is running (ID=3991616, state=RUNNING).
[2026-05-13 13:27:17] WARNING lines in last 100: 0
[2026-05-13 13:27:17] === Monitor check complete ===
[2026-05-13 13:37:17] === Monitor check ===
[2026-05-13 13:37:18] Job 'finetune_k562plus10_transformer' is running (ID=3991616, state=RUNNING).
[2026-05-13 13:37:20] WARNING lines in last 100: 0
[2026-05-13 13:37:20] === Monitor check complete ===
[2026-05-13 13:47:20] === Monitor check ===
[2026-05-13 13:47:21] Job 'finetune_k562plus10_transformer' is running (ID=3991616, state=RUNNING).
[2026-05-13 13:47:24] WARNING lines in last 100: 0
[2026-05-13 13:47:24] === Monitor check complete ===
[2026-05-13 13:57:24] === Monitor check ===
[2026-05-13 13:57:24] Job 'finetune_k562plus10_transformer' is running (ID=3991616, state=RUNNING).
[2026-05-13 13:57:27] WARNING lines in last 100: 0
[2026-05-13 13:57:27] === Monitor check complete ===
[2026-05-13 14:07:27] === Monitor check ===
[2026-05-13 14:07:27] Job 'finetune_k562plus10_transformer' is running (ID=3991616, state=RUNNING).
[2026-05-13 14:07:30] WARNING lines in last 100: 0
[2026-05-13 14:07:30] === Monitor check complete ===
[2026-05-13 14:17:30] === Monitor check ===
[2026-05-13 14:17:30] Job 'finetune_k562plus10_transformer' is running (ID=3991616, state=RUNNING).
[2026-05-13 14:17:33] WARNING lines in last 100: 0
[2026-05-13 14:17:33] === Monitor check complete ===
[2026-05-13 14:27:33] === Monitor check ===
[2026-05-13 14:27:33] Job 'finetune_k562plus10_transformer' is running (ID=3991616, state=RUNNING).
[2026-05-13 14:27:36] WARNING lines in last 100: 0
[2026-05-13 14:27:36] === Monitor check complete ===
[2026-05-13 14:37:36] === Monitor check ===
[2026-05-13 14:37:36] Job 'finetune_k562plus10_transformer' is running (ID=3991616, state=RUNNING).
[2026-05-13 14:37:40] WARNING lines in last 100: 0
[2026-05-13 14:37:40] === Monitor check complete ===
[2026-05-13 14:47:40] === Monitor check ===
[2026-05-13 14:47:40] Job 'finetune_k562plus10_transformer' is running (ID=3991616, state=RUNNING).
[2026-05-13 14:47:42] WARNING lines in last 100: 0
[2026-05-13 14:47:42] === Monitor check complete ===
[2026-05-13 14:57:42] === Monitor check ===
[2026-05-13 14:57:42] Job 'finetune_k562plus10_transformer' is running (ID=3991616, state=RUNNING).
[2026-05-13 14:57:45] WARNING lines in last 100: 0
[2026-05-13 14:57:45] === Monitor check complete ===
[2026-05-13 15:07:45] === Monitor check ===
[2026-05-13 15:07:45] Job 'finetune_k562plus10_transformer' is running (ID=3991616, state=RUNNING).
[2026-05-13 15:07:49] WARNING lines in last 100: 0
[2026-05-13 15:07:49] === Monitor check complete ===
[2026-05-13 15:17:49] === Monitor check ===
[2026-05-13 15:17:49] Job 'finetune_k562plus10_transformer' is running (ID=3991616, state=RUNNING).
[2026-05-13 15:17:52] WARNING lines in last 100: 0
[2026-05-13 15:17:52] === Monitor check complete ===
[2026-05-13 15:27:52] === Monitor check ===
[2026-05-13 15:27:52] Job 'finetune_k562plus10_transformer' is running (ID=3991616, state=RUNNING).
[2026-05-13 15:27:55] WARNING lines in last 100: 0
[2026-05-13 15:27:55] === Monitor check complete ===
[2026-05-13 15:37:55] === Monitor check ===
[2026-05-13 15:37:55] Job 'finetune_k562plus10_transformer' is running (ID=3991616, state=RUNNING).
[2026-05-13 15:37:59] WARNING lines in last 100: 0
[2026-05-13 15:37:59] === Monitor check complete ===
[2026-05-13 15:47:59] === Monitor check ===
[2026-05-13 15:47:59] Job 'finetune_k562plus10_transformer' is running (ID=3991616, state=RUNNING).
[2026-05-13 15:48:02] WARNING lines in last 100: 0
[2026-05-13 15:48:02] === Monitor check complete ===
[2026-05-13 15:58:02] === Monitor check ===
[2026-05-13 15:58:02] Job 'finetune_k562plus10_transformer' is running (ID=3991616, state=RUNNING).
[2026-05-13 15:58:06] WARNING lines in last 100: 0
[2026-05-13 15:58:06] === Monitor check complete ===
[2026-05-13 16:08:06] === Monitor check ===
[2026-05-13 16:08:06] Job 'finetune_k562plus10_transformer' is running (ID=3991616, state=RUNNING).
[2026-05-13 16:08:09] WARNING lines in last 100: 0
[2026-05-13 16:08:09] === Monitor check complete ===
[2026-05-13 16:18:09] === Monitor check ===
[2026-05-13 16:18:09] Job 'finetune_k562plus10_transformer' is running (ID=3991616, state=RUNNING).
[2026-05-13 16:18:12] WARNING lines in last 100: 0
[2026-05-13 16:18:12] === Monitor check complete ===
[2026-05-13 16:28:12] === Monitor check ===
[2026-05-13 16:28:12] Job 'finetune_k562plus10_transformer' is running (ID=3991616, state=RUNNING).
[2026-05-13 16:28:15] WARNING lines in last 100: 0
[2026-05-13 16:28:15] === Monitor check complete ===
[2026-05-13 16:38:15] === Monitor check ===
[2026-05-13 16:38:15] Job 'finetune_k562plus10_transformer' is running (ID=3991616, state=RUNNING).
[2026-05-13 16:38:19] WARNING lines in last 100: 0
[2026-05-13 16:38:19] === Monitor check complete ===
[2026-05-13 16:48:19] === Monitor check ===
[2026-05-13 16:48:19] Job 'finetune_k562plus10_transformer' is running (ID=3991616, state=RUNNING).
[2026-05-13 16:48:22] WARNING lines in last 100: 0
[2026-05-13 16:48:22] === Monitor check complete ===
[2026-05-13 16:58:22] === Monitor check ===
[2026-05-13 16:58:22] Job 'finetune_k562plus10_transformer' is running (ID=3991616, state=RUNNING).
[2026-05-13 16:58:26] WARNING lines in last 100: 0
[2026-05-13 16:58:26] === Monitor check complete ===
[2026-05-13 17:08:26] === Monitor check ===
[2026-05-13 17:08:26] Job 'finetune_k562plus10_transformer' is running (ID=3991616, state=RUNNING).
[2026-05-13 17:08:29] WARNING lines in last 100: 0
[2026-05-13 17:08:29] === Monitor check complete ===
[2026-05-13 17:18:29] === Monitor check ===
[2026-05-13 17:18:30] Job 'finetune_k562plus10_transformer' is running (ID=3991616, state=RUNNING).
[2026-05-13 17:18:34] WARNING lines in last 100: 0
[2026-05-13 17:18:34] === Monitor check complete ===
[2026-05-13 17:28:34] === Monitor check ===
[2026-05-13 17:28:35] Job 'finetune_k562plus10_transformer' is running (ID=3991616, state=RUNNING).
[2026-05-13 17:28:38] WARNING lines in last 100: 0
[2026-05-13 17:28:38] === Monitor check complete ===
[2026-05-13 17:38:38] === Monitor check ===
[2026-05-13 17:38:38] Job 'finetune_k562plus10_transformer' is running (ID=3991616, state=RUNNING).
[2026-05-13 17:38:42] WARNING lines in last 100: 0
[2026-05-13 17:38:42] === Monitor check complete ===
[2026-05-13 17:48:42] === Monitor check ===
[2026-05-13 17:48:42] Job 'finetune_k562plus10_transformer' is running (ID=3991616, state=RUNNING).
[2026-05-13 17:48:45] WARNING lines in last 100: 0
[2026-05-13 17:48:45] === Monitor check complete ===
[2026-05-13 17:58:45] === Monitor check ===
[2026-05-13 17:58:45] Job 'finetune_k562plus10_transformer' is running (ID=3991616, state=RUNNING).
[2026-05-13 17:58:49] WARNING lines in last 100: 0
[2026-05-13 17:58:49] === Monitor check complete ===
[2026-05-13 18:08:49] === Monitor check ===
[2026-05-13 18:08:49] Job 'finetune_k562plus10_transformer' is running (ID=3991616, state=RUNNING).
[2026-05-13 18:08:53] WARNING lines in last 100: 0
[2026-05-13 18:08:53] === Monitor check complete ===
[2026-05-13 18:18:53] === Monitor check ===
[2026-05-13 18:18:53] Job 'finetune_k562plus10_transformer' is running (ID=3991616, state=RUNNING).
[2026-05-13 18:18:56] WARNING lines in last 100: 0
[2026-05-13 18:18:56] === Monitor check complete ===
[2026-05-13 18:28:56] === Monitor check ===
[2026-05-13 18:28:56] Job 'finetune_k562plus10_transformer' is running (ID=3991616, state=RUNNING).
[2026-05-13 18:29:00] WARNING lines in last 100: 0
[2026-05-13 18:29:00] === Monitor check complete ===
[2026-05-13 18:39:00] === Monitor check ===
[2026-05-13 18:39:00] Job 'finetune_k562plus10_transformer' is running (ID=3991616, state=RUNNING).
[2026-05-13 18:39:04] WARNING lines in last 100: 0
[2026-05-13 18:39:04] === Monitor check complete ===
[2026-05-13 18:49:04] === Monitor check ===
[2026-05-13 18:49:04] Job 'finetune_k562plus10_transformer' is running (ID=3991616, state=RUNNING).
[2026-05-13 18:49:08] WARNING lines in last 100: 0
[2026-05-13 18:49:08] === Monitor check complete ===
[2026-05-13 18:59:08] === Monitor check ===
[2026-05-13 18:59:08] Job 'finetune_k562plus10_transformer' is running (ID=3991616, state=RUNNING).
[2026-05-13 18:59:12] WARNING lines in last 100: 0
[2026-05-13 18:59:12] === Monitor check complete ===
[2026-05-13 19:09:12] === Monitor check ===
[2026-05-13 19:09:12] Job 'finetune_k562plus10_transformer' is running (ID=3991616, state=RUNNING).
[2026-05-13 19:09:16] WARNING lines in last 100: 0
[2026-05-13 19:09:16] === Monitor check complete ===
[2026-05-13 19:19:16] === Monitor check ===
[2026-05-13 19:19:16] Job 'finetune_k562plus10_transformer' is running (ID=3991616, state=RUNNING).
[2026-05-13 19:19:20] WARNING lines in last 100: 0
[2026-05-13 19:19:20] === Monitor check complete ===
[2026-05-13 19:29:20] === Monitor check ===
[2026-05-13 19:29:20] Job 'finetune_k562plus10_transformer' is running (ID=3991616, state=RUNNING).
[2026-05-13 19:29:24] WARNING lines in last 100: 0
[2026-05-13 19:29:24] === Monitor check complete ===
[2026-05-13 19:39:24] === Monitor check ===
[2026-05-13 19:39:25] Job 'finetune_k562plus10_transformer' is running (ID=3991616, state=RUNNING).
[2026-05-13 19:39:28] WARNING lines in last 100: 0
[2026-05-13 19:39:28] === Monitor check complete ===
[2026-05-13 19:49:28] === Monitor check ===
[2026-05-13 19:49:29] Job 'finetune_k562plus10_transformer' is running (ID=3991616, state=RUNNING).
[2026-05-13 19:49:32] WARNING lines in last 100: 0
[2026-05-13 19:49:32] === Monitor check complete ===
